frame_idx,speaker_id,x1,y1,x2,y2
0,1,1446,6,1623,246
0,0,440,232,610,444
1,1,1443,11,1616,254
1,0,441,236,611,444
2,1,1438,23,1612,261
2,0,443,236,612,449
3,1,1431,34,1605,270
3,0,445,236,614,447
4,1,1428,42,1599,279
4,0,448,238,616,447
5,1,1410,71,1581,309
5,0,451,250,623,462
6,1,1399,92,1569,330
6,0,453,263,625,466
7,1,1384,112,1555,350
7,0,456,267,627,472
8,1,1378,126,1545,363
8,0,456,274,629,477
9,1,1367,135,1533,367
9,0,455,276,628,481
10,1,1351,141,1518,367
10,0,455,275,630,483
11,1,1335,141,1500,367
11,0,459,275,635,478
12,1,1319,137,1483,367
12,0,465,272,641,472
13,1,1310,135,1474,368
13,0,469,271,645,468
14,1,1301,135,1463,370
14,0,473,274,649,472
15,1,1290,139,1451,370
15,0,477,282,653,473
16,1,1284,141,1443,370
16,0,478,283,654,475
17,1,1276,142,1436,369
17,0,478,284,655,474
18,1,1271,142,1431,368
18,0,479,285,655,473
19,1,1265,141,1427,367
19,0,479,286,655,475
20,1,1260,138,1421,367
20,0,479,287,656,474
21,1,1256,137,1417,366
21,0,480,288,657,475
22,1,1254,137,1418,367
22,0,481,288,657,477
23,1,1254,140,1420,371
23,0,482,288,657,477
24,1,1257,143,1424,376
24,0,482,288,658,478
25,1,1260,150,1429,382
25,0,484,287,658,477
26,1,1263,156,1431,383
26,0,484,288,659,480
27,1,1266,161,1435,385
27,0,485,289,659,481
28,1,1270,166,1438,386
28,0,486,290,660,482
29,1,1272,164,1441,389
29,0,485,291,659,483
30,1,1274,161,1443,391
30,0,486,294,661,485
31,1,1274,160,1446,390
31,0,486,293,660,483
32,1,1274,161,1446,390
32,0,486,296,661,484
33,1,1273,161,1444,390
33,0,487,295,661,485
34,1,1271,162,1443,392
34,0,487,293,662,485
35,1,1264,163,1439,397
35,0,488,297,663,486
36,1,1261,163,1434,398
36,0,489,299,663,486
37,1,1257,163,1430,399
37,0,489,298,663,486
38,1,1250,165,1424,403
38,0,489,298,664,486
39,1,1242,165,1417,406
39,0,489,297,664,486
40,1,1232,163,1406,405
40,0,489,297,663,486
41,1,1223,161,1399,402
41,0,488,295,662,486
42,1,1215,158,1392,400
42,0,486,296,660,486
43,1,1214,158,1389,398
43,0,485,296,659,485
44,1,1213,154,1388,395
44,0,483,297,658,485
45,1,1215,152,1389,394
45,0,480,296,656,484
46,1,1218,153,1393,393
46,0,480,297,655,483
47,1,1224,153,1396,391
47,0,477,296,654,483
48,1,1230,151,1401,390
48,0,475,294,652,484
49,1,1236,152,1403,389
49,0,473,295,651,485
50,1,1240,153,1406,388
50,0,473,292,647,485
51,1,1244,154,1408,388
51,0,472,292,646,485
52,1,1246,154,1412,386
52,0,470,293,645,487
53,1,1249,152,1413,384
53,0,470,293,644,487
54,1,1250,153,1415,384
54,0,470,293,644,487
55,1,1254,153,1419,385
55,0,470,292,644,487
56,1,1257,152,1422,386
56,0,471,292,644,486
57,1,1259,156,1424,389
57,0,472,293,645,485
58,1,1261,160,1425,390
58,0,472,291,646,485
59,1,1263,164,1427,392
59,0,473,290,646,484
60,1,1265,169,1431,395
60,0,473,291,647,484
61,1,1265,169,1430,396
61,0,473,289,648,481
62,1,1265,173,1430,397
62,0,475,290,651,479
63,1,1265,173,1430,397
63,0,476,290,652,478
64,1,1265,173,1430,397
64,0,477,291,654,479
65,1,1263,172,1429,396
65,0,477,290,654,481
66,1,1262,171,1427,396
66,0,478,290,654,480
67,1,1260,167,1425,397
67,0,479,289,655,480
68,1,1258,169,1423,397
68,0,481,289,656,481
69,1,1255,168,1421,398
69,0,481,289,656,481
70,1,1250,173,1419,400
70,0,482,289,659,479
71,1,1247,171,1414,409
71,0,486,289,659,479
72,1,1244,171,1412,410
72,0,487,286,660,478
73,1,1241,171,1411,405
73,0,488,286,660,477
74,1,1240,172,1410,404
74,0,488,287,660,478
75,1,1238,175,1407,405
75,0,488,287,660,478
76,1,1237,177,1406,407
76,0,488,287,660,478
77,1,1237,179,1403,411
77,0,490,287,661,479
78,1,1236,178,1401,415
78,0,491,287,661,480
79,1,1235,179,1400,418
79,0,492,285,662,482
80,1,1235,178,1400,413
80,0,493,287,664,483
81,1,1235,174,1401,407
81,0,494,288,667,485
82,1,1236,171,1403,405
82,0,495,288,667,484
83,1,1237,170,1404,404
83,0,496,289,668,485
84,1,1239,171,1406,403
84,0,496,288,669,485
85,1,1242,171,1408,403
85,0,496,289,669,486
86,1,1244,172,1411,404
86,0,496,289,669,485
87,1,1246,172,1415,405
87,0,497,289,669,485
88,1,1248,170,1418,409
88,0,497,289,670,485
89,1,1251,170,1422,405
89,0,499,288,672,486
90,1,1258,167,1428,400
90,0,501,287,675,486
91,1,1262,164,1433,398
91,0,502,291,677,486
92,1,1264,160,1435,396
92,0,505,295,678,486
93,1,1264,157,1435,393
93,0,508,295,681,487
94,1,1265,158,1435,393
94,0,509,297,681,486
95,1,1265,158,1433,393
95,0,511,297,682,486
96,1,1264,158,1431,392
96,0,511,298,682,486
97,1,1263,158,1428,393
97,0,509,301,681,487
98,1,1260,153,1424,393
98,0,508,301,681,488
99,1,1256,150,1419,392
99,0,508,304,680,488
100,1,1246,147,1409,383
100,0,508,305,677,489
101,1,1239,147,1403,374
101,0,507,316,673,493
102,1,1234,148,1396,373
102,0,508,319,668,494
103,1,1231,148,1392,374
103,0,504,319,668,493
104,1,1227,149,1389,375
104,0,501,317,667,493
105,1,1223,152,1384,377
105,0,498,310,667,489
106,1,1220,153,1382,377
106,0,497,307,666,490
107,1,1217,158,1379,379
107,0,497,305,666,490
108,1,1213,161,1374,380
108,0,496,307,665,491
109,1,1211,164,1370,382
109,0,496,307,664,490
110,1,1207,170,1365,385
110,0,496,306,664,490
111,1,1205,175,1362,386
111,0,497,306,665,490
112,1,1206,180,1362,389
112,0,499,304,667,491
113,1,1206,181,1363,393
113,0,501,304,669,490
114,1,1206,182,1362,397
114,0,502,303,670,491
115,1,1206,184,1364,398
115,0,504,304,671,490
116,1,1207,184,1364,399
116,0,503,305,671,490
117,1,1205,190,1363,401
117,0,504,305,672,490
118,1,1205,195,1363,403
118,0,504,305,674,490
119,1,1203,205,1360,406
119,0,507,305,674,491
120,0,510,308,677,492
120,1,1199,213,1355,410
121,0,510,305,679,492
121,1,1193,229,1349,418
122,0,512,308,680,494
122,1,1185,243,1344,431
123,0,512,309,681,495
123,1,1181,248,1343,436
124,0,512,306,681,496
124,1,1179,253,1340,438
125,0,514,307,683,497
125,1,1176,254,1338,440
126,0,514,308,683,497
126,1,1176,253,1338,440
127,0,514,308,684,498
127,1,1177,248,1339,438
128,0,515,306,684,498
128,1,1178,242,1341,435
129,1,1181,234,1343,433
129,0,516,307,684,497
130,1,1185,228,1349,428
130,0,516,306,685,496
131,1,1192,215,1358,426
131,0,516,300,686,494
132,1,1204,199,1370,423
132,0,514,299,685,494
133,1,1214,188,1379,417
133,0,514,300,684,494
134,1,1220,186,1388,409
134,0,513,300,683,494
135,1,1229,176,1395,405
135,0,513,301,684,496
136,1,1234,169,1401,399
136,0,513,300,685,497
137,1,1237,164,1404,395
137,0,515,303,685,498
138,1,1241,161,1407,391
138,0,516,303,686,496
139,1,1245,157,1413,390
139,0,516,304,687,495
140,1,1250,158,1419,392
140,0,518,300,688,492
141,1,1259,154,1426,390
141,0,517,301,688,490
142,1,1264,155,1432,391
142,0,517,296,687,488
143,1,1266,156,1434,392
143,0,517,294,686,488
144,1,1268,159,1436,392
144,0,517,291,687,487
145,1,1267,166,1438,395
145,0,517,289,687,485
146,1,1266,170,1438,399
146,0,517,289,688,486
147,1,1263,177,1435,402
147,0,518,289,688,485
148,1,1259,183,1430,406
148,0,519,289,689,485
149,1,1253,191,1427,411
149,0,519,289,689,485
150,1,1249,194,1419,415
150,0,520,291,690,485
151,1,1243,196,1413,416
151,0,520,290,691,485
152,1,1239,197,1410,418
152,0,520,290,690,484
153,1,1237,198,1408,419
153,0,519,289,689,485
154,1,1234,198,1404,418
154,0,519,287,689,484
155,1,1230,200,1399,418
155,0,518,288,689,484
156,1,1228,196,1397,416
156,0,518,286,689,485
157,1,1225,195,1396,414
157,0,517,286,689,486
158,1,1223,193,1392,413
158,0,517,286,689,487
159,1,1221,192,1393,413
159,0,516,287,689,488
160,1,1217,194,1388,416
160,0,516,285,688,488
161,1,1212,198,1383,416
161,0,516,285,688,489
162,1,1205,198,1376,419
162,0,516,284,688,488
163,1,1199,199,1371,418
163,0,517,283,688,488
164,1,1194,198,1366,419
164,0,517,285,688,489
165,1,1186,199,1358,418
165,0,518,284,689,489
166,1,1182,199,1354,417
166,0,519,285,690,489
167,1,1178,194,1351,415
167,0,518,285,690,489
168,1,1175,192,1348,412
168,0,517,286,690,490
169,1,1173,190,1347,414
169,0,517,285,689,489
170,1,1170,188,1344,419
170,0,517,285,689,490
171,1,1167,191,1342,420
171,0,516,285,688,490
172,1,1166,192,1339,418
172,0,516,285,687,490
173,1,1165,193,1340,419
173,0,515,283,687,489
174,1,1166,193,1340,421
174,0,512,282,686,488
175,1,1167,194,1341,423
175,0,511,279,684,487
176,1,1168,195,1341,424
176,0,510,280,684,487
177,1,1168,196,1342,423
177,0,509,279,683,487
178,1,1169,197,1343,422
178,0,510,280,683,487
179,1,1170,198,1343,421
179,0,511,279,683,487
180,1,1172,199,1344,422
180,0,511,279,683,486
181,1,1174,202,1345,427
181,0,510,279,684,486
182,1,1172,204,1344,430
182,0,509,279,683,485
183,1,1171,206,1343,430
183,0,509,278,682,485
184,1,1170,208,1341,428
184,0,508,277,681,485
185,1,1166,210,1338,426
185,0,506,275,680,486
186,0,505,272,679,486
186,1,1165,212,1337,426
187,0,504,271,678,485
187,1,1165,213,1336,426
188,0,503,268,676,484
188,1,1163,211,1335,428
189,0,501,265,675,485
189,1,1161,210,1333,429
190,0,499,264,673,485
190,1,1158,209,1333,429
191,0,498,261,671,483
191,1,1156,209,1327,427
192,0,498,261,669,479
192,1,1153,212,1321,425
193,0,498,259,669,477
193,1,1151,212,1322,425
194,0,498,257,669,474
194,1,1150,211,1320,425
195,0,497,257,668,471
195,1,1148,212,1318,424
196,0,497,254,668,470
196,1,1145,212,1317,425
197,0,496,249,667,469
197,1,1143,213,1315,425
198,0,495,249,665,469
198,1,1141,214,1313,426
199,0,493,247,664,468
199,1,1138,216,1312,428
200,0,489,243,660,465
200,1,1137,219,1310,428
201,0,486,241,658,464
201,1,1132,216,1306,428
202,0,482,237,655,459
202,1,1130,216,1303,429
203,0,479,238,654,458
203,1,1127,217,1301,429
204,0,478,236,652,458
204,1,1125,218,1300,429
205,0,476,236,650,460
205,1,1123,216,1301,429
206,0,475,240,648,462
206,1,1122,215,1301,429
207,1,1122,215,1300,429
207,0,475,242,646,462
208,1,1120,216,1299,433
208,0,473,241,643,462
209,1,1118,219,1296,437
209,0,472,241,640,460
210,1,1116,222,1294,442
210,0,469,242,637,460
211,1,1111,227,1292,446
211,0,463,240,634,459
212,1,1107,234,1290,449
212,0,460,241,631,459
213,1,1104,239,1286,450
213,0,458,242,629,458
214,1,1099,243,1278,451
214,0,457,241,628,458
215,0,455,239,626,459
215,1,1097,253,1275,450
216,0,453,241,625,458
216,1,1093,256,1272,455
217,0,452,242,623,458
217,1,1088,261,1270,455
218,1,1086,263,1269,462
218,0,451,242,620,457
219,1,1084,265,1267,471
219,0,451,243,618,457
220,0,449,241,616,453
220,1,1085,271,1266,462
221,0,448,240,615,456
221,1,1086,275,1270,462
222,0,446,238,615,458
222,1,1087,284,1272,471
223,0,447,239,615,456
223,1,1088,285,1274,470
224,0,447,240,615,457
224,1,1091,288,1276,475
225,0,448,240,615,457
225,1,1096,291,1280,479
226,0,448,242,616,458
226,1,1100,292,1283,487
227,0,449,242,617,458
227,1,1101,295,1286,487
228,0,450,243,618,459
228,1,1103,294,1288,490
229,0,451,246,620,460
229,1,1106,295,1290,490
230,0,451,246,622,459
230,1,1109,299,1291,491
231,0,453,247,623,459
231,1,1114,297,1294,495
232,0,454,247,625,460
232,1,1115,298,1295,498
233,0,456,245,627,461
233,1,1116,300,1295,498
234,0,458,247,627,461
234,1,1116,301,1297,500
235,1,1117,301,1298,501
235,0,459,248,629,461
236,0,459,248,629,463
236,1,1117,300,1298,501
237,1,1117,298,1298,503
237,0,460,251,630,463
238,1,1116,298,1298,504
238,0,461,253,631,462
239,1,1117,298,1298,501
239,0,462,255,632,463
240,1,1117,297,1297,502
240,0,464,256,635,462
241,1,1118,297,1298,503
241,0,466,258,636,463
242,1,1118,298,1299,505
242,0,470,258,638,465
243,1,1118,298,1299,506
243,0,471,257,639,466
244,1,1118,299,1299,506
244,0,471,257,640,468
245,1,1119,300,1299,504
245,0,472,257,641,467
246,1,1119,300,1299,503
246,0,471,256,642,467
247,1,1119,300,1299,503
247,0,471,258,639,467
248,1,1119,300,1298,504
248,0,468,256,638,471
249,1,1119,300,1299,503
249,0,468,256,637,470
250,1,1118,299,1298,504
250,0,466,255,636,466
251,1,1118,300,1297,501
251,0,464,254,635,464
252,1,1116,297,1297,504
252,0,463,253,632,463
253,1,1114,298,1297,507
253,0,462,253,632,464
254,1,1114,297,1296,508
254,0,461,252,631,464
255,1,1112,297,1295,506
255,0,461,252,631,466
256,1,1110,297,1294,506
256,0,460,251,631,467
257,1,1108,296,1294,507
257,0,461,249,631,468
258,1,1107,296,1294,507
258,0,461,250,630,465
259,1,1105,297,1292,507
259,0,461,250,630,466
260,1,1104,293,1291,506
260,0,461,251,631,470
261,1,1102,295,1290,505
261,0,461,251,630,466
262,1,1101,294,1289,504
262,0,461,251,630,466
263,1,1101,293,1289,502
263,0,461,251,630,466
264,1,1101,292,1288,502
264,0,461,252,631,464
265,1,1101,293,1287,501
265,0,462,254,631,463
266,1,1101,293,1286,499
266,0,462,255,632,461
267,1,1101,294,1285,498
267,0,463,256,633,462
268,1,1101,294,1285,497
268,0,463,256,634,465
269,1,1101,295,1285,497
269,0,463,256,634,465
270,1,1101,295,1285,497
270,0,463,256,635,464
271,1,1102,295,1285,497
271,0,463,256,635,468
272,1,1102,294,1286,497
272,0,463,256,635,467
273,1,1101,293,1286,497
273,0,463,257,635,465
274,1,1102,293,1286,497
274,0,463,257,635,466
275,1,1102,292,1286,497
275,0,463,257,636,469
276,1,1102,292,1286,496
276,0,463,258,636,471
277,1,1103,292,1286,497
277,0,464,260,636,472
278,1,1103,292,1286,496
278,0,464,261,637,471
279,1,1103,291,1287,498
279,0,463,260,636,478
280,1,1103,290,1286,499
280,0,464,261,637,476
281,1,1103,290,1286,500
281,0,465,260,637,476
282,1,1103,289,1286,504
282,0,467,261,639,473
283,1,1103,289,1286,503
283,0,469,261,641,473
284,1,1103,290,1285,503
284,0,469,261,641,473
285,1,1102,289,1285,503
285,0,469,262,643,472
286,1,1102,289,1285,502
286,0,469,262,643,474
287,1,1102,289,1285,502
287,0,469,263,643,475
288,1,1101,289,1284,502
288,0,470,264,644,478
289,1,1102,290,1284,502
289,0,472,265,645,480
290,1,1101,289,1284,502
290,0,472,266,647,479
291,1,1101,289,1283,502
291,0,472,265,648,481
292,1,1101,290,1284,502
292,0,474,267,648,477
293,1,1101,289,1284,502
293,0,474,267,649,480
294,1,1101,289,1284,502
294,0,474,265,650,479
295,1,1101,289,1283,503
295,0,475,266,650,479
296,1,1101,289,1284,502
296,0,475,266,651,477
297,1,1102,289,1283,501
297,0,476,267,652,473
298,1,1102,289,1283,502
298,0,475,267,652,480
299,1,1102,289,1283,501
299,0,476,269,653,481
300,1,1101,289,1284,503
300,0,478,274,653,478
301,1,1102,290,1283,501
301,0,478,275,653,479
302,1,1102,290,1284,502
302,0,478,274,653,479
303,1,1102,290,1284,502
303,0,477,276,653,478
304,1,1102,290,1284,501
304,0,478,275,653,477
305,1,1102,290,1284,502
305,0,477,274,653,478
306,1,1102,289,1284,502
306,0,476,272,653,480
307,1,1102,289,1284,502
307,0,476,273,652,481
308,1,1103,289,1285,504
308,0,476,275,652,481
309,1,1102,288,1285,506
309,0,476,274,652,483
310,1,1104,285,1287,506
310,0,475,273,652,481
311,1,1105,283,1288,505
311,0,475,271,652,481
312,1,1106,284,1289,505
312,0,475,272,651,480
313,1,1107,283,1290,505
313,0,475,271,651,483
314,1,1108,283,1289,502
314,0,475,270,651,485
315,1,1109,283,1290,499
315,0,475,271,651,485
316,1,1109,284,1290,498
316,0,475,271,651,486
317,1,1110,285,1290,496
317,0,475,271,651,487
318,1,1112,284,1291,495
318,0,475,272,651,486
319,1,1112,282,1291,497
319,0,475,274,651,485
320,1,1114,282,1293,494
320,0,475,274,651,485
321,1,1113,279,1293,492
321,0,475,275,651,485
322,1,1114,278,1295,482
322,0,475,274,650,483
323,1,1114,276,1296,485
323,0,475,275,650,481
324,1,1114,274,1297,485
324,0,475,274,650,482
325,1,1115,271,1299,488
325,0,475,271,650,483
326,1,1116,270,1301,488
326,0,475,270,650,484
327,1,1119,267,1301,482
327,0,474,267,650,484
328,1,1120,267,1301,482
328,0,474,265,650,484
329,1,1120,266,1301,481
329,0,475,266,649,482
330,1,1120,267,1300,481
330,0,474,266,650,481
331,1,1121,268,1300,479
331,0,474,266,650,480
332,1,1120,268,1300,483
332,0,474,268,649,481
333,1,1120,269,1299,480
333,0,474,267,649,482
334,1,1120,269,1300,481
334,0,474,267,648,480
335,1,1119,268,1300,479
335,0,474,268,648,477
336,1,1119,268,1300,480
336,0,473,268,648,479
337,1,1119,267,1301,479
337,0,473,270,647,479
338,1,1119,268,1301,478
338,0,473,269,647,480
339,1,1118,269,1299,479
339,0,473,270,647,480
340,1,1116,270,1299,480
340,0,471,268,647,482
341,1,1115,269,1298,481
341,0,469,270,646,482
342,1,1115,270,1298,481
342,0,469,271,645,478
343,1,1115,269,1298,483
343,0,469,271,646,478
344,1,1115,269,1298,482
344,0,469,271,645,478
345,1,1115,270,1298,483
345,0,469,272,645,479
346,1,1115,270,1298,482
346,0,468,272,644,479
347,1,1115,270,1298,482
347,0,468,272,644,480
348,1,1115,271,1297,481
348,0,469,271,645,478
349,1,1115,270,1297,482
349,0,469,271,645,480
350,1,1116,270,1297,481
350,0,469,272,644,481
351,1,1116,269,1297,485
351,0,468,272,644,481
352,1,1118,267,1298,486
352,0,468,272,644,481
353,1,1119,265,1300,486
353,0,468,271,644,481
354,1,1118,263,1301,488
354,0,467,271,644,482
355,1,1119,261,1301,487
355,0,468,268,644,485
356,1,1119,260,1301,482
356,0,468,268,644,483
357,1,1119,260,1301,475
357,0,468,269,643,483
358,0,469,269,643,481
358,1,1120,261,1300,466
359,0,469,269,643,478
359,1,1120,260,1299,464
360,1,1120,259,1301,473
360,0,469,268,642,475
361,1,1121,258,1301,484
361,0,469,268,643,475
362,1,1122,255,1300,490
362,0,470,266,642,474
363,1,1123,254,1300,490
363,0,468,266,642,471
364,1,1124,254,1300,490
364,0,467,265,640,469
365,1,1125,254,1300,487
365,0,466,264,638,469
366,1,1126,254,1303,478
366,0,464,262,637,470
367,1,1128,255,1304,474
367,0,463,262,637,468
368,1,1129,254,1305,472
368,0,463,261,636,467
369,1,1130,254,1305,471
369,0,463,260,637,466
370,1,1131,252,1307,471
370,0,465,259,637,464
371,1,1131,251,1307,472
371,0,465,260,637,467
372,1,1131,255,1305,475
372,0,465,260,637,467
373,1,1131,255,1305,477
373,0,464,258,635,466
374,1,1131,256,1306,477
374,0,464,257,634,466
375,1,1131,258,1306,478
375,0,463,256,631,467
376,1,1130,258,1305,477
376,0,463,258,630,466
377,1,1129,258,1306,478
377,0,462,258,630,466
378,1,1129,257,1305,477
378,0,461,257,629,466
379,1,1129,258,1304,476
379,0,461,257,629,467
380,1,1129,259,1304,472
380,0,461,256,629,465
381,1,1130,258,1304,478
381,0,461,255,628,463
382,1,1129,259,1307,477
382,0,462,253,628,464
383,1,1129,258,1306,473
383,0,461,249,629,463
384,1,1129,258,1306,473
384,0,462,246,629,463
385,1,1129,259,1307,470
385,0,461,248,628,461
386,1,1129,260,1308,469
386,0,459,245,626,460
387,1,1130,260,1307,475
387,0,458,243,625,457
388,1,1131,258,1307,476
388,0,453,242,622,456
389,1,1131,257,1309,476
389,0,450,240,621,455
390,1,1132,257,1310,476
390,0,448,237,617,454
391,1,1134,252,1311,468
391,0,447,236,616,454
392,1,1137,243,1314,464
392,0,446,234,614,453
393,1,1138,237,1314,457
393,0,445,233,614,453
394,1,1139,233,1316,455
394,0,445,232,613,453
395,1,1141,229,1318,447
395,0,446,232,613,453
396,1,1143,226,1321,443
396,0,446,232,614,453
397,1,1146,222,1325,445
397,0,446,231,614,452
398,1,1151,221,1327,443
398,0,446,231,615,452
399,1,1156,221,1332,441
399,0,447,232,616,451
400,1,1161,217,1340,435
400,0,448,231,617,451
401,1,1171,212,1343,434
401,0,449,231,618,451
402,1,1178,212,1346,432
402,0,450,233,618,451
403,1,1183,211,1353,428
403,0,451,235,619,452
404,1,1187,211,1357,426
404,0,452,237,621,453
405,1,1192,206,1360,424
405,0,452,237,621,453
406,0,452,238,622,453
406,1,1196,204,1364,422
407,1,1197,200,1366,421
407,0,452,239,621,454
408,1,1200,199,1367,420
408,0,451,240,620,454
409,1,1202,198,1369,416
409,0,450,239,619,454
410,0,448,237,617,454
410,1,1205,195,1371,413
411,0,447,234,616,453
411,1,1206,193,1372,412
412,0,446,232,613,454
412,1,1206,192,1371,411
413,0,445,231,612,453
413,1,1203,191,1370,410
414,0,445,231,612,453
414,1,1199,193,1368,410
415,0,444,229,611,452
415,1,1195,193,1365,410
416,0,442,228,610,452
416,1,1191,191,1362,411
417,0,442,227,610,452
417,1,1187,189,1358,410
418,0,441,227,609,451
418,1,1184,190,1354,409
419,0,440,226,608,450
419,1,1182,189,1352,410
420,1,1178,189,1350,412
420,0,439,226,607,450
421,0,436,225,606,450
421,1,1174,188,1346,411
422,0,435,224,604,450
422,1,1172,188,1344,408
423,0,433,223,603,450
423,1,1171,187,1345,407
424,0,431,222,602,450
424,1,1170,187,1343,406
425,0,431,223,601,449
425,1,1168,186,1342,406
426,0,431,223,601,449
426,1,1167,186,1341,407
427,0,432,222,602,449
427,1,1166,187,1339,407
428,0,432,223,603,449
428,1,1164,187,1337,407
429,0,432,223,603,449
429,1,1162,187,1334,407
430,0,432,222,603,449
430,1,1159,187,1331,407
431,0,432,221,603,449
431,1,1156,188,1328,408
432,0,432,221,603,449
432,1,1153,190,1324,409
433,0,431,220,603,449
433,1,1150,190,1323,409
434,0,431,219,603,448
434,1,1149,190,1322,410
435,0,432,218,604,450
435,1,1146,189,1321,411
436,0,435,217,606,452
436,1,1145,189,1320,411
437,0,439,219,608,452
437,1,1144,190,1319,412
438,1,1143,189,1318,412
438,0,443,221,611,450
439,1,1142,189,1317,413
439,0,446,224,613,449
440,1,1140,188,1317,413
440,0,449,228,616,449
441,1,1139,188,1317,413
441,0,451,229,621,451
442,1,1139,187,1317,414
442,0,451,228,623,451
443,1,1139,187,1317,415
443,0,453,228,625,451
444,1,1139,187,1317,416
444,0,454,229,627,451
445,1,1140,187,1318,417
445,0,455,230,629,453
446,1,1141,188,1317,417
446,0,457,230,630,454
447,1,1141,187,1318,418
447,0,458,231,631,454
448,1,1142,186,1318,418
448,0,461,231,633,454
449,1,1142,187,1318,418
449,0,462,232,634,454
450,1,1142,187,1318,419
450,0,464,231,635,454
451,1,1142,187,1318,418
451,0,466,230,636,453
452,1,1142,188,1318,417
452,0,467,231,637,452
453,1,1142,187,1318,417
453,0,467,230,638,452
454,1,1142,187,1319,418
454,0,467,228,639,451
455,1,1142,185,1319,417
455,0,467,227,638,450
456,1,1142,185,1319,416
456,0,468,228,639,450
457,1,1142,184,1319,417
457,0,468,228,639,450
458,1,1141,184,1320,418
458,0,468,228,639,450
459,1,1141,183,1320,418
459,0,468,227,640,449
460,1,1140,186,1319,418
460,0,468,227,641,449
461,1,1140,188,1318,420
461,0,469,227,641,449
462,1,1138,185,1317,418
462,0,469,228,641,450
463,1,1137,184,1315,416
463,0,468,228,641,450
464,1,1136,183,1314,416
464,0,468,230,640,450
465,1,1135,184,1314,416
465,0,468,229,639,451
466,1,1134,185,1314,416
466,0,468,230,639,451
467,1,1134,185,1314,416
467,0,467,229,638,451
468,1,1135,184,1314,417
468,0,468,230,638,452
469,1,1135,185,1314,417
469,0,467,229,638,452
470,1,1135,185,1314,417
470,0,467,229,637,452
471,1,1136,185,1314,418
471,0,467,229,637,452
472,1,1136,183,1314,418
472,0,467,229,637,452
473,1,1137,183,1315,418
473,0,467,229,637,452
474,1,1137,182,1316,416
474,0,466,229,637,452
475,1,1139,180,1317,414
475,0,466,229,636,451
476,1,1141,179,1319,414
476,0,466,229,636,452
477,1,1142,180,1320,412
477,0,465,229,635,452
478,1,1143,182,1320,412
478,0,464,229,634,452
479,1,1146,182,1321,411
479,0,463,228,634,452
480,1,1148,184,1323,413
480,0,464,228,634,452
481,1,1152,184,1325,418
481,0,463,228,633,452
482,1,1154,185,1326,419
482,0,463,228,633,452
483,1,1156,185,1329,420
483,0,463,228,633,452
484,1,1157,185,1329,420
484,0,463,229,632,452
485,1,1160,187,1332,419
485,0,461,228,631,452
486,1,1162,186,1333,418
486,0,461,230,631,452
487,1,1163,186,1336,418
487,0,459,230,629,453
488,1,1164,187,1336,418
488,0,457,230,628,454
489,1,1164,186,1336,418
489,0,456,230,627,454
490,1,1163,187,1335,421
490,0,454,231,624,455
491,1,1162,189,1335,422
491,0,453,231,622,454
492,1,1160,192,1331,422
492,0,452,231,622,454
493,1,1157,190,1329,422
493,0,451,231,621,454
494,1,1155,191,1327,419
494,0,451,230,620,454
495,1,1150,190,1323,419
495,0,450,230,620,455
496,1,1147,194,1320,420
496,0,450,230,619,454
497,1,1146,200,1319,422
497,0,450,230,619,454
498,1,1143,210,1318,431
498,0,449,230,618,454
499,1,1143,213,1317,433
499,0,449,230,617,453
500,1,1145,222,1317,442
500,0,449,229,617,452
501,1,1145,220,1320,441
501,0,449,228,617,451
502,0,448,226,618,450
502,1,1150,218,1322,438
503,0,449,228,619,450
503,1,1150,217,1322,434
504,0,449,229,619,451
504,1,1151,220,1322,433
505,0,449,229,620,452
505,1,1151,221,1322,435
506,0,450,229,620,452
506,1,1151,224,1321,435
507,0,450,229,620,452
507,1,1150,227,1321,437
508,0,450,230,621,452
508,1,1150,229,1321,437
509,0,450,230,621,452
509,1,1151,228,1321,438
510,0,450,230,621,452
510,1,1152,225,1321,433
511,0,451,231,621,453
511,1,1153,220,1322,426
512,0,451,231,621,454
512,1,1154,218,1323,429
513,0,451,232,621,454
513,1,1154,217,1324,429
514,0,451,232,621,455
514,1,1155,217,1325,428
515,0,452,233,622,454
515,1,1156,216,1325,430
516,0,452,233,622,454
516,1,1156,217,1326,434
517,0,452,233,622,454
517,1,1156,219,1325,435
518,0,452,233,622,454
518,1,1156,222,1325,435
519,0,453,233,622,454
519,1,1156,221,1325,435
520,0,454,233,623,454
520,1,1155,217,1324,433
521,0,454,233,624,455
521,1,1155,217,1324,430
522,0,453,233,623,454
522,1,1155,218,1324,430
523,0,453,233,622,454
523,1,1155,217,1324,430
524,0,452,233,622,453
524,1,1155,219,1324,432
525,0,452,234,621,453
525,1,1155,221,1324,432
526,0,452,235,621,453
526,1,1155,225,1324,435
527,0,454,235,623,453
527,1,1154,227,1324,436
528,0,457,235,626,455
528,1,1155,228,1324,434
529,0,460,237,628,455
529,1,1155,231,1324,435
530,0,471,239,638,457
530,1,1154,234,1323,433
531,0,480,237,646,460
531,1,1154,233,1322,436
532,0,491,239,655,462
532,1,1154,233,1322,437
533,0,500,240,659,465
533,1,1154,233,1322,437
534,0,506,242,663,467
534,1,1154,236,1323,435
535,0,511,243,667,469
535,1,1154,234,1323,434
536,0,514,246,670,470
536,1,1153,233,1323,434
537,0,514,246,672,470
537,1,1153,236,1321,434
538,0,516,247,673,470
538,1,1153,234,1321,433
539,0,517,247,673,469
539,1,1153,234,1320,436
540,0,519,248,674,469
540,1,1151,235,1319,434
541,0,519,248,674,469
541,1,1150,233,1319,434
542,0,519,246,674,469
542,1,1150,233,1318,436
543,0,519,246,674,469
543,1,1150,233,1318,437
544,0,518,248,674,468
544,1,1150,234,1318,437
545,1,1150,230,1319,437
545,0,517,248,674,468
546,1,1149,229,1320,437
546,0,516,249,673,468
547,1,1151,229,1321,436
547,0,515,249,674,468
548,1,1152,226,1322,436
548,0,514,249,672,467
549,1,1153,223,1324,436
549,0,513,248,672,467
550,1,1155,212,1327,434
550,0,513,249,671,467
551,1,1161,209,1329,440
551,0,512,250,671,467
552,1,1163,209,1332,443
552,0,511,253,670,467
553,1,1163,210,1334,445
553,0,510,254,670,467
554,1,1164,211,1337,448
554,0,510,253,669,467
555,1,1168,213,1341,448
555,0,508,254,667,467
556,1,1173,211,1345,447
556,0,507,254,667,467
557,1,1177,211,1348,442
557,0,506,255,666,467
558,1,1181,209,1352,440
558,0,505,256,665,468
559,1,1188,206,1357,439
559,0,504,256,664,469
560,1,1197,202,1367,436
560,0,501,257,663,469
561,1,1204,200,1375,430
561,0,499,259,661,469
562,1,1212,198,1384,424
562,0,496,258,659,467
563,1,1217,195,1389,422
563,0,493,258,656,468
564,1,1221,195,1393,420
564,0,490,257,653,465
565,1,1224,193,1398,418
565,0,487,252,650,465
566,1,1226,188,1400,416
566,0,486,251,648,463
567,1,1228,188,1402,415
567,0,485,250,647,462
568,1,1231,185,1404,415
568,0,483,250,645,461
569,1,1237,186,1406,416
569,0,481,251,642,461
570,1,1243,187,1412,419
570,0,478,251,640,461
571,1,1251,186,1422,419
571,0,476,251,638,460
572,1,1259,187,1430,417
572,0,474,249,637,460
573,1,1263,187,1434,412
573,0,473,252,637,459
574,1,1266,186,1438,410
574,0,473,245,636,458
575,1,1270,187,1441,408
575,0,473,252,635,458
576,1,1271,185,1443,405
576,0,472,250,635,457
577,1,1272,180,1444,403
577,0,472,247,635,457
578,1,1272,179,1444,401
578,0,473,247,636,457
579,1,1272,180,1443,400
579,0,473,247,636,457
580,1,1272,181,1442,400
580,0,471,245,636,456
581,1,1270,180,1440,399
581,0,471,244,635,456
582,1,1268,180,1437,400
582,0,470,244,634,456
583,1,1267,182,1435,403
583,0,470,242,634,456
584,1,1265,182,1434,404
584,0,470,242,634,456
585,1,1263,183,1431,411
585,0,470,240,634,456
586,1,1261,183,1431,412
586,0,469,241,634,456
587,1,1259,184,1430,415
587,0,466,240,632,455
588,1,1258,183,1428,415
588,0,465,242,631,454
589,1,1256,183,1426,414
589,0,465,241,629,454
590,1,1253,183,1424,411
590,0,462,240,628,454
591,1,1251,180,1422,408
591,0,461,240,626,453
592,1,1251,180,1423,407
592,0,460,241,624,453
593,1,1251,181,1423,407
593,0,459,239,624,454
594,1,1251,182,1423,408
594,0,458,238,623,455
595,1,1252,183,1423,407
595,0,455,236,622,456
596,1,1253,183,1424,407
596,0,454,239,620,456
597,1,1254,185,1425,408
597,0,455,241,622,458
598,1,1256,187,1426,409
598,0,458,241,623,459
599,1,1258,188,1428,412
599,0,461,245,626,463
600,1,1261,188,1431,414
600,0,466,248,630,465
601,1,1264,189,1434,413
601,0,475,253,638,474
602,1,1266,187,1438,410
602,0,480,253,643,479
603,1,1267,186,1440,409
603,0,484,253,648,481
604,1,1270,187,1442,408
604,0,490,258,653,487
605,1,1272,185,1445,406
605,0,497,257,660,491
606,1,1273,185,1446,405
606,0,503,262,663,493
607,1,1273,186,1446,405
607,0,510,262,670,494
608,1,1274,186,1448,404
608,0,519,263,676,495
609,1,1275,186,1450,404
609,0,525,262,681,497
610,1,1277,185,1450,405
610,0,536,253,689,498
611,1,1278,186,1451,406
611,0,545,250,701,485
612,1,1278,185,1451,408
612,0,549,246,704,476
613,1,1277,186,1449,402
613,0,553,245,706,470
614,1,1274,186,1444,402
614,0,554,244,708,464
615,1,1265,188,1438,403
615,0,556,246,710,460
616,1,1258,190,1432,406
616,0,557,245,711,457
617,1,1251,197,1427,411
617,0,559,248,713,456
618,1,1248,204,1424,416
618,0,559,249,713,457
619,1,1246,204,1421,419
619,0,560,249,714,458
620,1,1247,196,1420,413
620,0,560,251,715,458
621,1,1248,191,1420,409
621,0,560,252,715,459
622,1,1250,187,1421,410
622,0,560,251,717,463
623,1,1251,185,1421,411
623,0,561,253,718,463
624,1,1251,181,1422,409
624,0,562,255,719,463
625,1,1252,174,1423,405
625,0,563,260,718,464
626,1,1252,176,1423,401
626,0,562,260,719,465
627,1,1252,180,1423,402
627,0,561,263,717,467
628,1,1250,186,1423,405
628,0,560,267,717,467
629,1,1251,191,1424,407
629,0,560,268,717,467
630,1,1254,190,1426,408
630,0,558,271,718,468
631,1,1256,186,1428,404
631,0,558,273,717,469
632,1,1259,186,1430,403
632,0,557,275,718,470
633,1,1261,189,1432,404
633,0,556,275,718,470
634,1,1265,187,1436,405
634,0,555,275,718,469
635,1,1273,185,1442,402
635,0,554,278,718,470
636,1,1278,181,1447,398
636,0,554,281,719,468
637,1,1284,179,1452,398
637,0,554,280,717,469
638,1,1291,178,1459,399
638,0,554,281,717,472
639,1,1299,176,1466,397
639,0,553,281,716,474
640,1,1312,182,1478,394
640,0,553,281,715,475
641,1,1322,190,1491,398
641,0,550,281,712,472
642,1,1335,198,1508,406
642,0,547,277,707,485
643,1,1346,203,1519,415
643,0,540,271,703,490
644,1,1358,210,1531,421
644,0,536,269,696,492
645,0,529,266,693,492
645,1,1377,211,1549,423
646,0,525,263,689,491
646,1,1390,211,1560,425
647,0,523,265,687,491
647,1,1401,209,1571,425
648,0,520,263,685,489
648,1,1413,212,1578,426
649,0,519,263,684,488
649,1,1418,215,1589,432
650,0,516,258,682,490
650,1,1436,222,1604,444
651,0,514,260,682,491
651,1,1450,218,1617,449
652,0,513,261,681,497
652,1,1465,200,1623,450
653,0,512,259,680,496
653,1,1472,204,1626,445
654,0,511,257,679,496
654,1,1478,203,1632,441
655,0,510,256,677,494
655,1,1488,205,1640,434
656,0,506,258,676,491
656,1,1495,206,1645,434
657,0,504,255,672,487
657,1,1501,208,1649,435
658,0,499,254,669,481
658,1,1507,208,1652,431
659,0,498,254,666,477
659,1,1509,204,1652,430
660,0,494,251,663,471
660,1,1509,202,1655,426
661,0,490,248,660,469
661,1,1504,198,1655,425
662,0,488,248,658,469
662,1,1497,197,1657,428
663,1,1494,194,1659,431
663,0,486,249,655,473
664,1,1490,195,1659,434
664,0,485,245,654,472
665,1,1486,208,1661,434
665,0,482,248,651,482
666,1,1482,213,1661,434
666,0,481,248,650,473
667,0,479,247,648,472
667,1,1479,220,1657,431
668,1,1473,216,1650,432
668,0,477,245,648,467
669,1,1462,214,1639,429
669,0,478,247,646,465
670,1,1451,206,1625,428
670,0,478,245,645,459
671,1,1434,203,1609,425
671,0,476,244,645,459
672,1,1426,202,1595,424
672,0,476,244,644,464
673,1,1416,199,1587,425
673,0,476,245,644,465
674,1,1408,198,1579,424
674,0,477,245,644,464
675,1,1397,189,1567,425
675,0,477,245,645,464
676,1,1393,188,1558,423
676,0,477,246,646,464
677,1,1385,185,1551,417
677,0,478,246,648,463
678,1,1380,185,1547,412
678,0,480,248,648,464
679,1,1372,185,1541,406
679,0,480,249,650,467
680,0,482,253,652,472
680,1,1366,182,1529,398
681,0,484,257,654,477
681,1,1355,176,1520,394
682,0,492,260,659,481
682,1,1345,174,1509,393
683,0,495,263,663,484
683,1,1338,174,1503,394
684,0,499,264,668,487
684,1,1331,172,1498,391
685,0,507,265,676,492
685,1,1323,175,1488,391
686,0,513,267,683,498
686,1,1319,177,1479,392
687,0,520,269,689,501
687,1,1311,178,1474,395
688,0,523,271,697,502
688,1,1305,181,1466,396
689,0,529,275,704,502
689,1,1298,182,1459,397
690,0,534,281,709,500
690,1,1293,182,1452,397
691,0,541,284,713,497
691,1,1285,183,1446,398
692,0,545,287,716,498
692,1,1281,182,1441,404
693,0,545,288,718,497
693,1,1279,183,1438,405
694,0,547,288,719,496
694,1,1277,187,1436,405
695,0,550,288,721,495
695,1,1275,190,1435,403
696,0,550,286,722,501
696,1,1273,189,1435,401
697,0,550,284,722,506
697,1,1272,184,1432,397
698,0,552,286,723,514
698,1,1270,181,1430,397
699,0,553,286,724,516
699,1,1268,178,1428,397
700,0,553,286,726,518
700,1,1267,177,1425,397
701,0,554,286,726,517
701,1,1267,179,1424,396
702,0,554,290,728,509
702,1,1266,182,1424,397
703,0,555,291,728,505
703,1,1268,185,1425,400
704,0,555,292,729,503
704,1,1269,183,1426,401
705,0,555,292,729,503
705,1,1269,178,1427,399
706,0,555,292,729,503
706,1,1269,175,1429,400
707,0,556,292,729,503
707,1,1267,173,1428,399
708,0,557,293,729,503
708,1,1265,171,1423,397
709,0,557,292,729,506
709,1,1261,168,1421,393
710,0,556,292,728,511
710,1,1255,171,1417,395
711,0,555,289,727,514
711,1,1251,173,1409,399
712,0,554,291,726,522
712,1,1248,175,1406,403
713,0,553,290,726,526
713,1,1248,178,1402,402
714,0,553,290,725,525
714,1,1245,176,1401,400
715,0,552,289,725,516
715,1,1242,174,1395,397
716,0,552,290,725,511
716,1,1238,172,1396,393
717,0,552,290,725,505
717,1,1234,175,1393,395
718,0,552,289,725,504
718,1,1231,181,1392,400
719,0,552,288,726,502
719,1,1229,183,1390,407
720,0,551,285,726,501
720,1,1227,183,1390,410
721,1,1225,183,1390,410
721,0,552,287,725,500
722,1,1224,183,1389,410
722,0,551,287,725,497
723,1,1224,183,1389,410
723,0,551,287,724,499
724,0,551,286,723,504
724,1,1225,183,1389,410
725,0,551,287,722,507
725,1,1226,184,1389,410
726,0,551,287,721,510
726,1,1227,181,1390,409
727,0,551,286,721,512
727,1,1229,181,1391,407
728,0,550,288,721,515
728,1,1231,181,1395,405
729,0,549,288,722,513
729,1,1234,181,1397,402
730,0,548,288,722,507
730,1,1239,184,1405,403
731,0,549,288,721,503
731,1,1245,187,1409,403
732,0,550,288,723,499
732,1,1252,193,1415,405
733,0,550,288,723,499
733,1,1256,196,1417,406
734,0,550,287,724,498
734,1,1260,201,1421,410
735,0,550,288,724,498
735,1,1266,202,1428,413
736,0,550,288,724,500
736,1,1268,205,1430,416
737,0,550,287,723,505
737,1,1270,203,1430,417
738,0,550,288,722,508
738,1,1272,201,1432,420
739,0,550,288,722,507
739,1,1274,198,1434,426
740,0,550,288,722,506
740,1,1277,194,1433,427
741,0,550,289,721,507
741,1,1280,193,1436,426
742,0,550,289,721,507
742,1,1284,194,1440,424
743,0,550,289,721,512
743,1,1290,195,1444,420
744,0,550,288,721,514
744,1,1294,198,1445,418
745,0,550,289,722,509
745,1,1300,198,1449,412
746,0,550,291,722,507
746,1,1303,198,1455,412
747,0,549,291,722,504
747,1,1306,202,1461,411
748,0,549,291,723,503
748,1,1308,203,1463,411
749,0,549,291,723,502
749,1,1311,203,1466,410
750,0,550,290,724,501
750,1,1315,204,1471,411
751,0,550,289,724,500
751,1,1318,204,1474,403
752,0,550,289,724,500
752,1,1321,204,1477,398
753,0,550,287,723,506
753,1,1323,204,1477,403
754,0,551,288,721,513
754,1,1325,202,1480,417
755,0,549,287,720,510
755,1,1327,200,1481,417
756,0,544,282,717,507
756,1,1327,200,1483,416
757,0,537,280,709,495
757,1,1327,200,1483,410
758,0,527,264,704,488
758,1,1327,200,1483,406
759,0,517,253,694,478
759,1,1327,201,1483,402
760,0,505,239,679,472
760,1,1327,201,1484,404
761,0,492,232,666,469
761,1,1327,200,1485,404
762,0,479,232,654,461
762,1,1326,200,1481,400
763,0,471,228,647,458
763,1,1325,198,1482,402
764,0,464,226,641,455
764,1,1323,197,1482,401
765,0,457,225,631,453
765,1,1320,197,1481,400
766,0,450,226,626,452
766,1,1319,197,1480,399
767,0,447,226,620,452
767,1,1317,198,1477,399
768,0,444,225,617,452
768,1,1316,199,1474,403
769,0,441,226,612,452
769,1,1313,198,1470,404
770,0,432,225,605,450
770,1,1310,198,1467,408
771,0,422,225,595,448
771,1,1308,199,1463,417
772,0,410,224,584,448
772,1,1308,199,1462,421
773,0,401,225,577,448
773,1,1307,203,1463,419
774,0,396,225,570,448
774,1,1306,205,1464,418
775,0,385,224,562,449
775,1,1304,207,1462,417
776,0,380,224,558,455
776,1,1303,209,1462,416
777,0,376,225,554,458
777,1,1301,210,1459,416
778,0,375,226,552,462
778,1,1299,212,1459,418
779,0,375,224,550,464
779,1,1299,212,1458,420
780,0,376,223,552,466
780,1,1296,214,1455,425
781,0,379,223,554,460
781,1,1294,213,1451,432
782,0,383,221,557,451
782,1,1292,217,1446,441
783,0,387,218,557,447
783,1,1290,216,1445,441
784,0,391,217,559,444
784,1,1290,220,1444,440
785,0,396,219,562,443
785,1,1287,223,1443,435
786,0,397,218,564,445
786,1,1286,226,1443,434
787,0,397,219,565,448
787,1,1285,226,1443,436
788,0,398,219,565,449
788,1,1285,226,1443,436
789,0,399,219,567,450
789,1,1285,225,1444,436
790,0,403,221,571,450
790,1,1285,226,1444,436
791,0,407,221,575,447
791,1,1286,226,1444,437
792,0,411,219,577,445
792,1,1286,220,1447,443
793,0,413,219,579,443
793,1,1286,217,1448,444
794,0,414,219,581,440
794,1,1286,216,1446,443
795,0,417,219,585,439
795,1,1286,215,1446,439
796,0,420,219,588,440
796,1,1284,217,1443,435
797,0,423,220,591,440
797,1,1281,220,1442,434
798,0,425,220,595,440
798,1,1277,222,1440,433
799,0,429,221,600,440
799,1,1271,223,1436,434
800,0,440,222,608,443
800,1,1262,227,1427,438
801,0,450,225,617,448
801,1,1252,231,1421,441
802,0,460,225,626,452
802,1,1241,241,1416,443
803,0,466,226,632,454
803,1,1236,242,1411,444
804,0,471,227,638,454
804,1,1232,242,1407,445
805,0,477,227,646,461
805,1,1228,243,1400,446
806,0,479,229,650,462
806,1,1226,243,1397,446
807,0,483,231,654,459
807,1,1224,244,1395,447
808,0,485,231,656,455
808,1,1221,246,1394,448
809,0,490,231,658,450
809,1,1221,248,1393,449
810,0,494,231,661,448
810,1,1221,251,1393,453
811,0,496,232,664,447
811,1,1220,256,1394,456
812,0,497,232,666,448
812,1,1221,262,1397,460
813,0,498,232,667,450
813,1,1221,263,1396,461
814,0,498,234,667,456
814,1,1220,266,1393,464
815,0,498,233,666,466
815,1,1216,274,1388,469
816,0,499,235,665,464
816,1,1213,278,1384,475
817,0,498,236,664,473
817,1,1211,283,1378,481
818,0,497,237,665,468
818,1,1204,290,1369,487
819,0,497,238,665,469
819,1,1198,297,1364,489
820,0,497,238,666,469
820,1,1189,302,1359,490
821,0,497,239,666,468
821,1,1182,305,1351,489
822,0,497,240,667,473
822,1,1166,300,1337,489
823,0,497,244,667,471
823,1,1161,303,1323,487
824,0,499,243,667,470
824,1,1152,304,1312,488
825,0,501,243,670,469
825,1,1143,303,1299,486
826,0,505,246,672,468
826,1,1141,307,1291,486
827,0,508,245,674,469
827,1,1135,305,1285,488
828,0,511,248,676,470
828,1,1128,301,1284,491
829,0,513,249,678,470
829,1,1126,301,1283,492
830,0,515,251,684,470
830,1,1124,301,1285,492
831,0,521,259,684,479
831,1,1124,306,1287,494
832,0,523,261,686,488
832,1,1126,304,1289,494
833,0,524,262,687,496
833,1,1129,302,1292,492
834,0,525,262,687,500
834,1,1135,291,1298,486
835,0,525,265,690,504
835,1,1147,275,1308,478
836,0,526,268,692,503
836,1,1152,262,1315,471
837,0,527,269,693,500
837,1,1164,252,1326,463
838,0,528,271,695,498
838,1,1174,245,1343,456
839,0,530,274,695,494
839,1,1190,238,1356,448
840,0,531,275,697,490
840,1,1211,227,1373,435
841,0,532,273,697,488
841,1,1234,221,1395,430
842,0,531,272,696,488
842,1,1252,216,1417,424
843,0,531,276,697,488
843,1,1266,212,1434,421
844,0,531,278,696,489
844,1,1279,210,1443,417
845,0,529,278,695,491
845,1,1297,210,1462,410
846,0,529,277,694,493
846,1,1310,208,1475,397
847,0,528,280,694,494
847,1,1320,202,1486,397
848,0,528,278,695,495
848,1,1332,199,1495,404
849,0,528,278,695,496
849,1,1343,197,1505,403
850,0,528,279,696,497
850,1,1359,193,1521,406
851,0,529,278,695,500
851,1,1370,190,1531,405
852,0,532,275,698,505
852,1,1380,184,1538,406
853,0,535,271,702,508
853,1,1385,183,1545,410
854,0,540,272,703,509
854,1,1391,183,1552,406
855,0,545,270,706,502
855,1,1397,182,1555,403
856,1,1399,180,1559,403
856,0,550,272,706,493
857,1,1400,180,1560,404
857,0,551,272,707,487
858,1,1400,181,1559,406
858,0,553,271,709,484
859,1,1399,181,1557,405
859,0,552,270,710,484
860,1,1395,184,1553,407
860,0,553,270,710,483
861,1,1391,187,1551,406
861,0,552,269,711,483
862,1,1383,190,1542,411
862,0,552,270,710,487
863,1,1381,192,1542,412
863,0,551,269,710,492
864,0,549,268,709,496
864,1,1378,191,1541,411
865,0,550,268,707,505
865,1,1375,190,1539,409
866,0,550,267,706,509
866,1,1373,189,1538,407
867,0,551,267,705,510
867,1,1371,188,1532,405
868,0,551,268,705,509
868,1,1369,189,1531,408
869,0,550,270,706,507
869,1,1367,189,1529,406
870,0,550,270,706,493
870,1,1362,191,1526,404
871,1,1355,191,1516,405
871,0,550,274,705,486
872,1,1349,192,1511,401
872,0,549,273,706,484
873,0,547,273,707,485
873,1,1343,192,1503,403
874,0,546,277,707,487
874,1,1340,192,1499,403
875,1,1332,195,1494,401
875,0,544,280,704,489
876,0,541,284,703,489
876,1,1328,197,1490,400
877,0,537,284,703,497
877,1,1326,199,1488,399
878,0,535,285,702,504
878,1,1326,203,1488,398
879,0,535,287,702,507
879,1,1326,204,1489,398
880,0,534,289,703,511
880,1,1327,205,1489,399
881,0,533,292,703,514
881,1,1328,205,1491,399
882,0,533,296,704,511
882,1,1330,204,1491,405
883,0,533,297,704,507
883,1,1330,203,1492,405
884,0,533,298,704,502
884,1,1331,202,1492,407
885,0,534,299,705,502
885,1,1331,203,1494,408
886,0,534,301,705,503
886,1,1330,204,1493,407
887,0,534,301,705,503
887,1,1331,204,1493,410
888,0,534,300,706,504
888,1,1331,204,1492,411
889,0,534,302,705,504
889,1,1331,204,1491,410
890,0,535,305,705,506
890,1,1331,206,1491,406
891,0,535,306,704,512
891,1,1330,206,1492,406
892,0,533,306,706,518
892,1,1328,208,1490,406
893,0,532,306,706,518
893,1,1328,212,1489,412
894,0,530,308,700,519
894,1,1328,214,1488,416
895,0,523,305,691,513
895,1,1327,217,1489,425
896,0,512,301,684,507
896,1,1326,219,1488,426
897,0,502,294,676,497
897,1,1327,220,1488,428
898,0,496,288,667,490
898,1,1327,220,1488,431
899,0,490,284,660,484
899,1,1327,221,1488,430
900,0,478,274,650,477
900,1,1328,220,1488,431
901,0,470,263,640,465
901,1,1329,220,1488,429
902,0,463,256,631,461
902,1,1329,219,1489,431
903,0,460,254,626,460
903,1,1329,218,1490,428
904,0,456,253,622,460
904,1,1329,218,1490,429
905,0,452,256,618,462
905,1,1330,218,1491,428
906,1,1330,217,1490,430
906,0,451,259,617,464
907,1,1330,217,1491,430
907,0,449,264,617,469
908,0,449,273,617,481
908,1,1330,218,1490,430
909,0,450,279,618,485
909,1,1330,218,1491,429
910,0,454,285,623,486
910,1,1330,218,1491,428
911,0,459,286,628,488
911,1,1330,219,1491,429
912,0,462,287,631,491
912,1,1330,220,1491,426
913,0,466,290,635,495
913,1,1330,221,1491,427
914,0,469,294,640,495
914,1,1330,221,1492,430
915,1,1329,218,1494,432
915,0,474,299,644,495
916,1,1327,218,1489,433
916,0,477,300,650,494
917,1,1324,215,1485,431
917,0,480,304,654,497
918,1,1320,216,1480,424
918,0,485,303,657,497
919,1,1317,214,1477,427
919,0,489,306,659,496
920,1,1314,214,1476,427
920,0,491,306,665,502
921,0,496,309,670,506
921,1,1315,213,1476,422
922,0,499,309,673,511
922,1,1317,214,1476,414
923,0,501,310,674,518
923,1,1318,210,1481,404
924,0,504,311,676,519
924,1,1319,208,1480,402
925,0,507,312,678,522
925,1,1319,204,1482,405
926,0,508,313,679,522
926,1,1320,203,1482,403
927,0,509,312,679,523
927,1,1322,203,1482,401
928,0,509,310,679,517
928,1,1322,203,1484,401
929,0,510,311,681,512
929,1,1322,204,1483,401
930,0,511,312,685,509
930,1,1323,203,1485,400
931,0,513,314,688,508
931,1,1324,203,1485,401
932,0,517,313,690,508
932,1,1325,202,1486,400
933,0,518,314,692,509
933,1,1326,202,1485,399
934,0,519,315,694,508
934,1,1327,202,1487,399
935,0,520,316,694,508
935,1,1329,201,1491,402
936,0,520,315,695,511
936,1,1332,199,1492,403
937,0,521,314,695,514
937,1,1335,198,1493,405
938,0,519,315,694,517
938,1,1336,196,1496,408
939,0,519,316,695,521
939,1,1337,194,1499,408
940,0,519,318,693,522
940,1,1337,194,1499,411
941,1,1336,198,1497,414
941,0,519,317,692,518
942,1,1335,203,1497,417
942,0,518,317,693,510
943,1,1334,206,1496,416
943,0,518,319,693,510
944,1,1333,207,1494,418
944,0,518,318,693,510
945,1,1333,207,1493,419
945,0,517,318,692,510
946,1,1333,208,1494,420
946,0,517,319,692,510
947,1,1333,207,1493,420
947,0,517,318,692,510
948,1,1333,207,1493,418
948,0,517,318,691,510
949,1,1333,207,1493,417
949,0,518,319,691,512
950,0,518,319,690,519
950,1,1331,207,1490,415
951,0,518,320,690,523
951,1,1330,207,1490,417
952,0,518,317,689,524
952,1,1329,206,1490,419
953,0,519,316,690,525
953,1,1329,205,1490,420
954,0,519,316,689,524
954,1,1329,206,1490,418
955,1,1330,206,1491,419
955,0,519,317,688,513
956,1,1332,203,1492,413
956,0,519,318,689,508
957,1,1333,202,1493,407
957,0,519,317,689,508
958,0,520,317,690,508
958,1,1335,198,1493,402
959,0,520,316,690,508
959,1,1338,195,1494,400
960,0,522,315,690,507
960,1,1341,190,1496,393
961,1,1341,184,1498,393
961,0,523,315,691,507
962,1,1341,183,1500,400
962,0,522,316,690,508
963,1,1341,185,1498,399
963,0,521,314,689,510
964,1,1341,186,1496,401
964,0,520,313,688,512
965,0,518,312,687,516
965,1,1340,189,1498,401
966,0,517,312,687,517
966,1,1340,192,1498,398
967,0,516,310,688,522
967,1,1339,192,1498,401
968,0,516,310,688,523
968,1,1339,192,1497,400
969,0,515,311,689,527
969,1,1338,189,1494,399
970,0,517,314,691,528
970,1,1339,186,1495,396
971,0,518,314,691,524
971,1,1339,185,1497,392
972,0,523,317,695,517
972,1,1340,184,1497,392
973,0,527,321,700,514
973,1,1340,185,1497,395
974,0,530,320,705,514
974,1,1339,185,1497,397
975,1,1339,186,1497,401
975,0,536,328,709,518
976,1,1339,186,1497,400
976,0,540,329,713,519
977,1,1339,186,1497,401
977,0,545,331,718,519
978,1,1339,184,1497,400
978,0,549,329,723,520
979,0,550,327,728,522
979,1,1339,183,1498,400
980,0,560,332,735,531
980,1,1342,181,1497,393
981,0,567,334,745,534
981,1,1342,178,1499,389
982,0,576,336,753,535
982,1,1342,179,1498,388
983,0,583,335,757,535
983,1,1341,183,1497,389
984,0,589,331,766,536
984,1,1340,185,1497,390
985,0,598,331,775,535
985,1,1339,191,1494,392
986,0,604,333,778,534
986,1,1337,194,1495,395
987,0,608,331,783,535
987,1,1336,197,1495,399
988,0,611,334,789,534
988,1,1336,199,1496,406
989,0,614,335,792,533
989,1,1335,202,1494,408
990,0,618,341,795,534
990,1,1337,205,1496,410
991,0,620,340,799,534
991,1,1340,210,1498,418
992,0,622,340,801,534
992,1,1343,211,1505,422
993,0,622,341,802,534
993,1,1343,210,1504,421
994,0,623,342,803,538
994,1,1344,208,1504,420
995,0,624,340,804,541
995,1,1344,207,1506,419
996,0,623,337,802,543
996,1,1343,207,1505,419
997,0,622,337,801,541
997,1,1343,206,1503,420
998,0,620,337,800,536
998,1,1342,205,1504,420
999,0,619,335,799,533
999,1,1341,204,1503,415
1000,0,618,334,796,528
1000,1,1340,202,1502,412
1001,0,615,332,795,527
1001,1,1340,199,1502,404
1002,0,613,332,790,527
1002,1,1341,199,1501,402
1003,0,610,328,788,527
1003,1,1341,199,1502,402
1004,0,609,326,787,527
1004,1,1341,200,1502,406
1005,0,607,329,785,526
1005,1,1343,200,1505,408
1006,0,605,326,785,529
1006,1,1343,200,1505,409
1007,0,605,328,783,536
1007,1,1343,202,1505,412
1008,0,605,326,782,537
1008,1,1346,199,1506,412
1009,0,605,328,781,536
1009,1,1349,195,1509,409
1010,1,1354,185,1514,407
1010,0,606,331,783,531
1011,0,605,328,786,527
1011,1,1355,182,1515,401
1012,0,606,329,786,528
1012,1,1356,182,1516,400
1013,0,607,329,786,529
1013,1,1356,183,1517,405
1014,0,606,330,786,529
1014,1,1356,186,1515,403
1015,0,606,331,787,531
1015,1,1355,190,1513,404
1016,0,607,333,786,532
1016,1,1354,192,1515,405
1017,0,607,332,787,536
1017,1,1354,192,1513,406
1018,0,606,333,787,540
1018,1,1353,193,1514,408
1019,0,605,334,787,541
1019,1,1353,194,1513,407
1020,0,605,332,788,542
1020,1,1353,196,1514,408
1021,0,605,332,787,543
1021,1,1352,196,1517,410
1022,0,605,332,786,543
1022,1,1352,199,1516,410
1023,0,606,331,786,543
1023,1,1352,200,1513,409
1024,0,606,330,787,541
1024,1,1351,200,1511,409
1025,0,607,334,786,535
1025,1,1350,201,1508,413
1026,0,609,337,785,531
1026,1,1348,202,1505,417
1027,1,1346,202,1504,420
1027,0,610,335,785,529
1028,0,610,334,786,530
1028,1,1343,204,1503,420
1029,1,1341,202,1500,420
1029,0,610,338,787,532
1030,0,610,341,787,534
1030,1,1336,202,1495,411
1031,0,611,344,787,536
1031,1,1332,202,1495,409
1032,0,610,346,787,538
1032,1,1327,201,1489,405
1033,1,1323,203,1487,410
1033,0,609,350,787,537
1034,0,609,349,788,539
1034,1,1317,207,1483,409
1035,1,1308,214,1473,430
1035,0,608,347,788,537
1036,1,1301,224,1468,438
1036,0,608,346,790,536
1037,1,1296,234,1461,447
1037,0,608,347,791,535
1038,1,1291,240,1457,454
1038,0,608,352,790,534
1039,1,1286,249,1453,460
1039,0,610,358,789,535
1040,1,1279,261,1446,469
1040,0,611,360,786,535
1041,1,1270,268,1434,475
1041,0,612,364,786,534
1042,1,1262,272,1424,477
1042,0,613,363,787,533
1043,1,1257,275,1419,478
1043,0,613,362,789,532
1044,1,1255,276,1418,479
1044,0,613,362,789,532
1045,1,1246,282,1414,479
1045,0,614,362,789,533
1046,1,1244,287,1407,481
1046,0,614,365,788,534
1047,1,1242,287,1406,483
1047,0,613,367,787,536
1048,1,1240,290,1403,480
1048,0,610,366,787,538
1049,1,1236,294,1404,479
1049,0,610,366,786,539
1050,1,1233,293,1404,481
1050,0,611,364,787,539
1051,1,1232,294,1402,481
1051,0,611,363,789,537
1052,0,611,358,790,536
1052,1,1232,296,1401,482
1053,0,609,358,788,537
1053,1,1233,295,1402,483
1054,0,608,360,786,537
1054,1,1234,295,1401,483
1055,1,1235,295,1404,483
1055,0,608,366,785,537
1056,1,1236,297,1402,483
1056,0,610,366,785,537
1057,1,1238,294,1404,485
1057,0,610,364,786,536
1058,1,1239,293,1405,486
1058,0,610,364,785,535
1059,1,1240,292,1408,483
1059,0,609,364,785,534
1060,1,1243,289,1412,483
1060,0,610,360,786,532
1061,1,1249,280,1420,485
1061,0,611,358,786,532
1062,1,1257,269,1431,485
1062,0,610,362,785,533
1063,1,1264,262,1435,479
1063,0,610,363,785,535
1064,1,1272,252,1443,467
1064,0,610,363,787,536
1065,1,1285,235,1459,456
1065,0,610,365,786,537
1066,1,1295,223,1468,444
1066,0,610,362,786,537
1067,1,1306,213,1476,439
1067,0,609,363,786,537
1068,1,1312,206,1484,431
1068,0,609,365,786,538
1069,1,1317,201,1488,426
1069,0,609,365,784,538
1070,1,1321,197,1492,420
1070,0,608,369,785,539
1071,1,1322,193,1493,420
1071,0,608,366,785,539
1072,1,1322,192,1493,414
1072,0,608,366,786,541
1073,1,1322,193,1493,414
1073,0,608,366,785,542
1074,1,1320,193,1490,412
1074,0,608,368,785,542
1075,1,1319,193,1488,415
1075,0,608,367,785,543
1076,1,1318,193,1487,413
1076,0,608,366,786,543
1077,1,1316,193,1487,409
1077,0,610,368,787,544
1078,1,1315,192,1486,408
1078,0,607,368,786,544
1079,1,1314,191,1485,409
1079,0,606,367,786,546
1080,1,1313,191,1483,412
1080,0,610,367,786,546
1081,1,1313,190,1482,412
1081,0,607,367,785,546
1082,1,1312,190,1482,411
1082,0,608,368,786,543
1083,1,1311,191,1482,411
1083,0,608,370,785,541
1084,1,1312,191,1482,411
1084,0,608,370,785,539
1085,1,1313,193,1482,415
1085,0,609,369,785,540
1086,1,1314,192,1482,419
1086,0,610,369,785,539
1087,1,1315,192,1483,416
1087,0,610,368,785,539
1088,1,1316,192,1486,414
1088,0,610,369,785,540
1089,1,1318,191,1487,412
1089,0,610,368,785,539
1090,1,1320,191,1490,411
1090,0,610,367,785,539
1091,1,1320,191,1490,411
1091,0,609,365,786,541
1092,1,1321,192,1490,410
1092,0,608,367,786,544
1093,1,1321,195,1488,408
1093,0,608,366,787,544
1094,1,1320,198,1484,412
1094,0,610,367,787,545
1095,1,1317,204,1478,415
1095,0,610,365,788,545
1096,1,1314,211,1477,420
1096,0,609,365,788,544
1097,1,1309,211,1474,425
1097,0,610,368,787,543
1098,1,1305,214,1467,424
1098,0,609,365,786,541
1099,1,1297,215,1459,427
1099,0,609,366,786,539
1100,1,1289,222,1447,434
1100,0,611,367,787,537
1101,1,1279,223,1435,435
1101,0,612,368,787,537
1102,1,1271,224,1427,437
1102,0,612,368,788,535
1103,1,1268,223,1424,436
1103,0,613,368,789,534
1104,1,1263,223,1421,435
1104,0,612,370,787,534
1105,1,1256,224,1414,434
1105,0,611,365,786,532
1106,1,1253,227,1410,434
1106,0,608,353,782,535
1107,0,601,337,777,531
1107,1,1251,228,1410,434
1108,0,591,327,769,524
1108,1,1250,228,1407,436
1109,0,578,322,755,518
1109,1,1249,229,1406,438
1110,0,558,311,731,509
1110,1,1249,229,1405,436
1111,0,534,298,707,503
1111,1,1249,229,1405,435
1112,0,515,286,685,500
1112,1,1251,230,1408,436
1113,0,501,276,672,493
1113,1,1251,230,1410,437
1114,0,488,273,658,489
1114,1,1252,230,1413,440
1115,0,473,266,643,483
1115,1,1253,230,1415,443
1116,0,462,260,632,479
1116,1,1253,230,1414,444
1117,0,455,258,624,474
1117,1,1253,231,1413,444
1118,0,449,252,616,466
1118,1,1253,233,1413,446
1119,0,440,247,607,463
1119,1,1254,235,1414,447
1120,0,433,248,599,457
1120,1,1256,235,1415,449
1121,0,428,246,592,455
1121,1,1258,235,1417,449
1122,1,1259,234,1419,451
1122,0,427,243,588,455
1123,1,1259,233,1420,451
1123,0,428,241,587,455
1124,1,1260,233,1420,451
1124,0,429,241,588,456
1125,0,428,239,587,458
1125,1,1262,234,1420,451
1126,0,427,239,587,458
1126,1,1263,234,1422,451
1127,0,423,241,585,457
1127,1,1266,235,1425,450
1128,0,421,241,582,455
1128,1,1267,235,1427,449
1129,1,1269,233,1429,448
1129,0,420,244,579,455
1130,1,1271,232,1432,448
1130,0,415,246,576,455
1131,1,1275,232,1433,447
1131,0,411,247,572,455
1132,1,1277,230,1435,447
1132,0,408,248,569,455
1133,1,1278,231,1438,447
1133,0,406,247,567,455
1134,1,1278,230,1439,449
1134,0,405,247,566,456
1135,1,1279,230,1442,450
1135,0,402,246,566,456
1136,1,1280,230,1446,450
1136,0,402,246,566,456
1137,1,1282,232,1451,452
1137,0,401,247,566,458
1138,1,1281,233,1450,452
1138,0,402,248,566,460
1139,1,1283,233,1451,454
1139,0,403,248,566,461
1140,1,1284,230,1450,452
1140,0,404,249,566,462
1141,1,1285,227,1451,452
1141,0,404,250,567,463
1142,1,1289,223,1456,448
1142,0,405,250,567,465
1143,1,1290,224,1458,447
1143,0,406,248,568,467
1144,1,1290,229,1459,448
1144,0,406,249,567,467
1145,1,1289,237,1458,449
1145,0,403,253,564,471
1146,0,402,251,564,472
1146,1,1290,239,1457,450
1147,1,1286,239,1456,456
1147,0,398,251,562,475
1148,1,1284,240,1454,459
1148,0,399,252,562,477
1149,1,1284,240,1453,459
1149,0,400,253,563,478
1150,0,400,251,564,481
1150,1,1285,237,1452,457
1151,0,403,253,564,483
1151,1,1286,234,1453,455
1152,1,1288,229,1458,452
1152,0,404,253,566,481
1153,1,1290,225,1461,451
1153,0,404,252,567,478
1154,1,1291,225,1461,452
1154,0,404,253,568,474
1155,1,1291,226,1462,454
1155,0,406,253,569,470
1156,1,1291,229,1463,455
1156,0,406,253,569,468
1157,1,1291,233,1462,456
1157,0,406,255,570,466
1158,1,1291,234,1460,453
1158,0,407,252,571,466
1159,1,1291,229,1459,452
1159,0,407,252,571,467
1160,1,1292,227,1459,452
1160,0,407,253,572,468
1161,1,1293,228,1460,449
1161,0,407,255,572,471
1162,0,408,254,573,471
1162,1,1295,238,1464,448
1163,0,409,255,573,473
1163,1,1295,243,1466,450
1164,0,408,255,573,474
1164,1,1295,247,1465,453
1165,0,410,254,573,478
1165,1,1296,247,1466,454
1166,0,410,255,573,480
1166,1,1296,247,1466,454
1167,0,409,255,571,482
1167,1,1295,246,1464,455
1168,0,408,256,570,482
1168,1,1294,244,1465,455
1169,0,407,254,570,486
1169,1,1294,241,1462,455
1170,0,404,256,566,485
1170,1,1292,239,1462,453
1171,0,401,255,563,484
1171,1,1291,240,1462,450
1172,0,398,255,561,480
1172,1,1291,240,1461,449
1173,0,398,253,560,484
1173,1,1291,240,1461,448
1174,0,396,252,559,488
1174,1,1291,239,1460,448
1175,0,394,255,557,491
1175,1,1290,239,1461,449
1176,0,392,253,555,491
1176,1,1290,239,1461,449
1177,0,388,256,554,488
1177,1,1291,241,1462,448
1178,0,387,257,552,484
1178,1,1291,242,1462,449
1179,0,387,254,552,479
1179,1,1291,240,1462,449
1180,0,386,254,552,476
1180,1,1292,238,1463,450
1181,0,386,254,551,475
1181,1,1293,238,1461,450
1182,0,386,253,551,481
1182,1,1294,238,1461,451
1183,0,385,255,550,483
1183,1,1293,239,1462,451
1184,0,384,252,549,483
1184,1,1294,238,1463,452
1185,0,383,252,548,477
1185,1,1295,238,1463,451
1186,0,383,251,548,477
1186,1,1295,237,1463,451
1187,0,385,253,549,475
1187,1,1295,235,1464,450
1188,0,385,249,550,475
1188,1,1295,235,1464,450
1189,0,385,252,550,475
1189,1,1296,235,1465,448
1190,0,386,250,551,474
1190,1,1296,233,1466,447
1191,0,384,256,551,478
1191,1,1297,233,1466,447
1192,0,384,251,549,484
1192,1,1297,234,1466,447
1193,0,384,251,549,487
1193,1,1298,235,1466,447
1194,0,383,251,549,487
1194,1,1298,236,1466,448
1195,0,383,254,548,485
1195,1,1299,235,1466,447
1196,0,383,253,548,484
1196,1,1299,236,1466,447
1197,0,383,254,550,482
1197,1,1300,236,1466,444
1198,0,384,255,551,480
1198,1,1301,234,1468,442
1199,0,384,257,551,481
1199,1,1301,235,1470,443
1200,0,386,262,551,484
1200,1,1302,236,1471,444
1201,0,385,262,552,486
1201,1,1303,237,1472,445
1202,0,385,263,552,487
1202,1,1304,236,1473,444
1203,0,385,265,552,486
1203,1,1304,236,1473,444
1204,0,384,264,551,487
1204,1,1304,236,1473,444
1205,0,384,265,549,489
1205,1,1305,236,1473,444
1206,0,384,265,548,490
1206,1,1305,236,1473,444
1207,0,382,267,547,494
1207,1,1304,236,1473,446
1208,0,382,272,544,495
1208,1,1305,237,1473,446
1209,0,380,277,543,496
1209,1,1305,236,1473,445
1210,0,376,278,543,497
1210,1,1304,236,1473,447
1211,0,375,279,538,496
1211,1,1304,236,1473,445
1212,0,371,278,536,496
1212,1,1304,237,1473,444
1213,0,370,279,535,495
1213,1,1304,236,1472,442
1214,0,370,278,535,494
1214,1,1304,236,1473,442
1215,0,369,280,534,495
1215,1,1304,237,1473,441
1216,0,368,278,533,494
1216,1,1304,236,1473,441
1217,0,367,277,533,494
1217,1,1304,238,1473,441
1218,0,366,281,532,495
1218,1,1304,237,1473,442
1219,0,366,280,531,494
1219,1,1304,237,1473,444
1220,1,1304,238,1473,445
1220,0,365,283,528,495
1221,1,1304,240,1473,446
1221,0,363,285,524,497
1222,0,359,284,523,504
1222,1,1304,239,1474,447
1223,0,358,281,523,503
1223,1,1304,240,1475,446
1224,0,357,278,523,499
1224,1,1304,240,1474,446
1225,0,358,276,525,495
1225,1,1304,239,1475,447
1226,0,359,277,527,493
1226,1,1304,239,1474,446
1227,0,361,275,530,488
1227,1,1304,239,1475,445
1228,0,361,270,531,487
1228,1,1304,239,1475,445
1229,0,364,272,532,485
1229,1,1305,238,1475,445
1230,0,366,266,534,484
1230,1,1305,238,1475,444
1231,0,370,264,536,487
1231,1,1305,237,1475,444
1232,0,373,261,538,490
1232,1,1305,237,1475,443
1233,0,375,258,540,490
1233,1,1305,237,1475,444
1234,0,375,252,542,485
1234,1,1305,236,1475,445
1235,0,376,252,544,481
1235,1,1305,238,1474,446
1236,0,376,250,544,479
1236,1,1306,239,1474,447
1237,0,377,248,545,475
1237,1,1305,239,1474,449
1238,0,377,247,545,473
1238,1,1305,238,1474,449
1239,0,378,247,545,472
1239,1,1305,237,1474,449
1240,0,378,246,546,472
1240,1,1305,236,1473,449
1241,0,377,243,546,471
1241,1,1306,236,1473,446
1242,0,376,243,543,471
1242,1,1306,236,1473,447
1243,0,376,242,543,470
1243,1,1305,236,1473,448
1244,0,376,245,543,470
1244,1,1305,237,1473,447
1245,0,375,244,542,470
1245,1,1305,238,1473,443
1246,0,375,243,541,470
1246,1,1305,237,1473,444
1247,0,375,245,541,474
1247,1,1305,237,1473,444
1248,0,374,244,541,475
1248,1,1305,236,1473,445
1249,0,375,245,542,475
1249,1,1306,232,1474,445
1250,0,376,246,542,472
1250,1,1307,228,1476,443
1251,0,376,244,544,470
1251,1,1308,227,1476,438
1252,0,376,245,543,469
1252,1,1308,228,1477,440
1253,0,376,246,543,470
1253,1,1308,228,1477,440
1254,0,378,246,544,472
1254,1,1308,229,1477,440
1255,0,377,246,543,476
1255,1,1308,231,1477,440
1256,0,378,248,543,476
1256,1,1308,231,1477,440
1257,0,379,245,545,478
1257,1,1308,232,1476,441
1258,0,380,245,545,478
1258,1,1308,233,1476,440
1259,0,381,248,545,479
1259,1,1308,232,1476,439
1260,0,382,250,546,477
1260,1,1308,232,1475,439
1261,0,385,250,548,476
1261,1,1309,222,1475,438
1262,1,1312,213,1479,435
1262,0,386,250,549,472
1263,1,1315,212,1481,431
1263,0,387,248,550,469
1264,0,389,247,553,467
1264,1,1318,212,1485,426
1265,1,1321,212,1491,428
1265,0,391,249,555,465
1266,1,1323,213,1492,429
1266,0,392,247,556,466
1267,1,1325,211,1494,431
1267,0,393,249,557,467
1268,1,1326,210,1495,431
1268,0,393,251,557,467
1269,1,1326,208,1496,427
1269,0,393,255,557,468
1270,1,1325,203,1495,423
1270,0,395,256,560,473
1271,1,1321,203,1491,424
1271,0,398,255,564,473
1272,1,1316,201,1486,421
1272,0,406,255,570,473
1273,1,1312,199,1483,421
1273,0,412,259,577,471
1274,1,1310,199,1478,417
1274,0,417,255,583,471
1275,1,1304,191,1473,412
1275,0,423,254,589,469
1276,1,1301,186,1471,409
1276,0,425,255,592,469
1277,1,1293,192,1464,408
1277,0,431,255,598,468
1278,1,1287,189,1458,408
1278,0,432,255,601,472
1279,1,1284,191,1455,411
1279,0,433,254,604,474
1280,0,436,255,607,474
1280,1,1279,194,1448,415
1281,1,1275,196,1445,418
1281,0,441,250,611,468
1282,1,1272,195,1443,419
1282,0,445,251,615,461
1283,1,1270,194,1441,419
1283,0,448,250,617,461
1284,1,1267,195,1438,417
1284,0,451,248,620,458
1285,1,1262,192,1433,414
1285,0,453,245,624,457
1286,1,1260,193,1433,416
1286,0,455,245,625,457
1287,1,1255,195,1427,418
1287,0,459,247,629,457
1288,1,1254,198,1424,419
1288,0,462,247,631,459
1289,1,1253,203,1422,421
1289,0,464,249,634,459
1290,1,1250,206,1419,422
1290,0,472,251,639,460
1291,1,1247,206,1418,423
1291,0,475,250,645,464
1292,1,1245,208,1416,424
1292,0,478,254,647,466
1293,1,1244,210,1416,425
1293,0,479,255,649,468
1294,1,1242,210,1415,426
1294,0,481,254,650,470
1295,0,483,255,653,475
1295,1,1241,213,1412,429
1296,0,484,255,653,476
1296,1,1240,214,1412,430
1297,1,1239,211,1410,433
1297,0,487,255,655,476
1298,1,1238,212,1408,432
1298,0,490,256,657,475
1299,1,1238,212,1408,432
1299,0,491,256,659,474
1300,1,1239,208,1409,426
1300,0,493,256,660,475
1301,0,494,256,662,479
1301,1,1242,201,1409,419
1302,0,496,257,662,480
1302,1,1248,192,1413,416
1303,0,497,257,663,481
1303,1,1251,188,1416,411
1304,0,497,257,663,481
1304,1,1255,183,1418,408
1305,0,498,256,664,483
1305,1,1261,181,1423,405
1306,0,497,254,664,482
1306,1,1263,181,1424,402
1307,0,496,250,661,476
1307,1,1267,181,1427,399
1308,0,494,244,660,473
1308,1,1270,183,1429,399
1309,0,489,242,656,472
1309,1,1273,183,1430,398
1310,0,482,239,652,471
1310,1,1275,184,1432,396
1311,0,476,235,648,462
1311,1,1277,179,1435,393
1312,0,472,233,639,460
1312,1,1279,177,1436,390
1313,0,464,229,634,455
1313,1,1279,176,1437,388
1314,0,460,226,631,452
1314,1,1279,175,1437,388
1315,0,454,223,624,447
1315,1,1280,175,1438,387
1316,0,453,221,622,444
1316,1,1280,175,1438,386
1317,0,448,216,616,444
1317,1,1281,176,1439,387
1318,0,445,213,614,443
1318,1,1282,176,1440,388
1319,0,442,212,611,441
1319,1,1284,177,1443,387
1320,0,438,211,608,438
1320,1,1285,180,1446,389
1321,0,435,210,604,439
1321,1,1287,181,1449,389
1322,0,432,211,602,438
1322,1,1290,185,1450,391
1323,0,430,212,598,438
1323,1,1293,184,1452,392
1324,0,428,212,597,437
1324,1,1295,184,1454,392
1325,0,426,211,594,438
1325,1,1296,184,1456,391
1326,0,425,211,593,438
1326,1,1297,184,1456,390
1327,0,422,208,589,436
1327,1,1299,183,1457,389
1328,0,421,206,587,435
1328,1,1300,183,1460,390
1329,0,420,206,585,434
1329,1,1301,183,1461,393
1330,0,415,205,584,432
1330,1,1307,182,1465,393
1331,0,412,206,582,432
1331,1,1310,182,1469,394
1332,0,411,207,580,431
1332,1,1313,186,1473,397
1333,0,409,208,579,432
1333,1,1314,185,1474,396
1334,0,408,210,578,432
1334,1,1317,185,1476,397
1335,0,406,210,575,432
1335,1,1319,185,1478,395
1336,0,405,211,574,433
1336,1,1320,186,1479,394
1337,0,403,211,573,434
1337,1,1320,186,1479,393
1338,0,403,210,572,435
1338,1,1320,185,1480,393
1339,0,402,211,571,436
1339,1,1321,185,1480,393
1340,0,401,210,570,436
1340,1,1320,186,1480,392
1341,0,400,210,570,436
1341,1,1320,185,1480,392
1342,0,399,211,569,437
1342,1,1320,184,1479,392
1343,0,399,211,569,438
1343,1,1319,184,1478,392
1344,0,399,211,569,440
1344,1,1319,183,1478,392
1345,0,399,210,568,446
1345,1,1318,183,1477,392
1346,0,399,210,567,448
1346,1,1318,183,1477,392
1347,0,398,210,566,448
1347,1,1317,182,1477,391
1348,0,397,210,566,446
1348,1,1316,182,1476,391
1349,0,397,210,566,444
1349,1,1316,183,1475,391
1350,0,396,210,566,441
1350,1,1315,181,1475,390
1351,0,395,210,565,440
1351,1,1314,181,1475,390
1352,0,396,211,567,439
1352,1,1314,180,1474,390
1353,0,397,212,567,441
1353,1,1313,180,1474,391
1354,0,398,213,568,441
1354,1,1313,180,1474,390
1355,0,399,215,569,442
1355,1,1313,181,1474,390
1356,0,400,216,569,443
1356,1,1312,180,1474,390
1357,0,402,218,571,444
1357,1,1312,181,1473,390
1358,0,404,218,571,446
1358,1,1311,181,1472,390
1359,0,406,220,573,448
1359,1,1311,180,1472,390
1360,0,407,221,575,449
1360,1,1311,181,1472,390
1361,0,409,225,577,449
1361,1,1311,182,1472,390
1362,0,410,225,580,449
1362,1,1312,181,1472,390
1363,0,412,225,580,449
1363,1,1312,181,1472,390
1364,0,413,223,581,450
1364,1,1312,181,1472,390
1365,0,414,222,582,449
1365,1,1312,180,1472,390
1366,0,414,221,583,448
1366,1,1312,181,1472,390
1367,0,417,220,585,448
1367,1,1312,180,1472,389
1368,0,418,220,585,449
1368,1,1311,179,1471,388
1369,0,419,219,586,448
1369,1,1311,180,1471,388
1370,0,419,219,588,447
1370,1,1311,179,1471,389
1371,0,420,219,589,448
1371,1,1311,179,1470,389
1372,0,419,220,588,448
1372,1,1310,180,1469,389
1373,0,418,219,587,448
1373,1,1309,180,1468,389
1374,0,417,219,587,449
1374,1,1308,183,1466,389
1375,0,417,219,586,450
1375,1,1305,183,1463,390
1376,0,417,219,586,450
1376,1,1302,183,1462,391
1377,0,418,218,586,450
1377,1,1298,185,1455,395
1378,0,418,219,586,450
1378,1,1294,188,1453,397
1379,0,418,219,586,449
1379,1,1290,189,1449,398
1380,0,418,219,587,448
1380,1,1286,197,1442,401
1381,0,418,221,587,448
1381,1,1283,200,1439,403
1382,0,417,223,587,449
1382,1,1279,202,1436,404
1383,0,416,224,587,450
1383,1,1277,202,1435,407
1384,0,416,224,585,451
1384,1,1275,206,1434,408
1385,0,416,226,584,454
1385,1,1273,206,1432,412
1386,0,416,226,584,455
1386,1,1273,204,1431,413
1387,0,415,230,584,453
1387,1,1271,205,1429,417
1388,0,414,230,584,453
1388,1,1269,211,1427,417
1389,0,415,231,584,452
1389,1,1267,214,1425,417
1390,0,415,232,584,453
1390,1,1264,214,1423,418
1391,0,415,231,585,453
1391,1,1262,215,1421,419
1392,0,415,231,585,452
1392,1,1259,221,1418,421
1393,0,414,232,586,454
1393,1,1258,221,1415,421
1394,0,414,233,586,454
1394,1,1255,221,1415,423
1395,0,414,235,586,455
1395,1,1254,221,1412,424
1396,0,414,237,586,455
1396,1,1254,221,1412,424
1397,0,415,240,586,458
1397,1,1253,220,1411,424
1398,0,416,239,588,457
1398,1,1253,220,1410,424
1399,0,419,240,589,456
1399,1,1252,220,1411,426
1400,0,425,238,593,454
1400,1,1253,222,1412,426
1401,0,431,243,603,456
1401,1,1254,222,1412,426
1402,0,445,249,616,457
1402,1,1255,220,1414,426
1403,0,457,255,628,459
1403,1,1256,222,1414,424
1404,0,473,263,641,461
1404,1,1258,223,1415,422
1405,0,505,281,664,481
1405,1,1258,220,1417,421
1406,0,514,282,680,486
1406,1,1259,218,1418,419
1407,1,1262,212,1420,413
1407,0,548,309,710,497
1408,1,1264,205,1423,407
1408,0,563,322,727,504
1409,1,1266,197,1426,410
1409,0,582,335,739,513
1410,1,1270,188,1431,403
1410,0,608,343,775,523
1411,1,1273,175,1433,396
1411,0,628,357,792,535
1412,1,1276,169,1436,394
1412,0,647,365,815,542
1413,1,1279,164,1437,392
1413,0,652,366,826,545
1414,1,1281,162,1438,388
1414,0,657,368,840,546
1415,1,1282,161,1439,384
1415,0,669,376,844,549
1416,1,1282,159,1440,381
1416,0,675,377,846,550
1417,1,1283,158,1440,378
1417,0,687,383,859,555
1418,1,1283,158,1440,377
1418,0,694,392,865,560
1419,1,1283,158,1440,377
1419,0,699,395,867,562
1420,1,1284,157,1440,376
1420,0,702,399,875,565
1421,1,1284,157,1439,371
1421,0,706,402,876,565
1422,1,1283,152,1439,369
1422,0,706,403,876,564
1423,1,1283,151,1439,367
1423,0,705,397,880,563
1424,1,1282,151,1440,365
1424,0,701,393,875,558
1425,1,1283,150,1439,362
1425,0,682,377,860,553
1426,1,1283,149,1439,361
1426,0,678,369,850,547
1427,0,663,349,838,536
1427,1,1284,147,1439,354
1428,0,657,336,830,530
1428,1,1284,146,1438,354
1429,0,652,323,823,524
1429,1,1283,145,1438,361
1430,0,638,307,811,515
1430,1,1283,147,1439,367
1431,0,628,295,801,510
1431,1,1283,149,1440,370
1432,0,617,289,789,507
1432,1,1283,150,1441,367
1433,0,609,283,784,505
1433,1,1284,151,1441,367
1434,0,604,283,777,503
1434,1,1284,151,1441,368
1435,0,595,281,767,500
1435,1,1284,151,1441,368
1436,0,593,282,764,498
1436,1,1284,151,1441,366
1437,0,584,275,755,496
1437,1,1283,151,1440,364
1438,0,578,274,751,493
1438,1,1283,150,1440,363
1439,0,572,271,742,490
1439,1,1283,150,1441,360
1440,0,563,266,733,484
1440,1,1284,149,1442,357
1441,0,552,263,723,480
1441,1,1284,149,1442,360
1442,0,540,256,712,477
1442,1,1285,149,1442,361
1443,0,533,254,704,475
1443,1,1286,150,1442,363
1444,0,526,247,697,473
1444,1,1286,151,1442,364
1445,0,515,247,687,473
1445,1,1287,152,1443,364
1446,0,512,245,684,475
1446,1,1287,152,1443,364
1447,0,503,246,677,480
1447,1,1288,153,1444,365
1448,0,499,247,671,481
1448,1,1288,154,1443,366
1449,0,495,249,667,482
1449,1,1287,155,1443,365
1450,0,489,251,661,484
1450,1,1287,156,1443,366
1451,0,484,252,657,485
1451,1,1286,157,1442,364
1452,0,478,252,653,486
1452,1,1285,158,1442,363
1453,0,475,251,650,483
1453,1,1285,159,1442,362
1454,0,473,251,647,482
1454,1,1286,160,1442,362
1455,0,470,251,644,480
1455,1,1286,160,1442,363
1456,0,469,251,644,480
1456,1,1287,161,1442,363
1457,0,467,248,643,480
1457,1,1287,162,1442,365
1458,0,467,249,642,482
1458,1,1287,163,1443,366
1459,0,467,247,643,480
1459,1,1287,164,1443,365
1460,0,467,247,641,472
1460,1,1288,164,1443,366
1461,0,467,245,641,469
1461,1,1288,164,1443,367
1462,0,464,240,636,472
1462,1,1288,165,1443,368
1463,0,462,240,635,472
1463,1,1288,165,1443,368
1464,0,460,239,633,470
1464,1,1288,166,1443,369
1465,0,458,239,632,467
1465,1,1288,165,1443,369
1466,0,459,240,632,466
1466,1,1288,165,1443,370
1467,0,464,241,634,464
1467,1,1288,164,1444,372
1468,0,464,242,635,462
1468,1,1288,164,1444,372
1469,0,465,242,635,462
1469,1,1288,163,1444,374
1470,0,466,242,635,464
1470,1,1288,164,1444,373
1471,0,464,240,633,463
1471,1,1287,164,1444,372
1472,0,461,238,630,464
1472,1,1287,164,1443,371
1473,0,458,237,628,461
1473,1,1287,165,1443,369
1474,0,457,237,624,456
1474,1,1287,166,1443,368
1475,0,450,235,619,456
1475,1,1286,165,1443,368
1476,0,447,234,617,456
1476,1,1286,165,1443,367
1477,0,441,232,609,454
1477,1,1286,166,1442,366
1478,0,436,231,605,454
1478,1,1286,166,1442,366
1479,0,430,231,598,454
1479,1,1286,166,1442,365
1480,0,423,234,590,452
1480,1,1286,165,1442,366
1481,0,415,236,582,453
1481,1,1286,164,1442,366
1482,0,412,234,579,452
1482,1,1286,164,1442,366
1483,0,412,232,578,450
1483,1,1287,164,1442,366
1484,0,412,227,578,449
1484,1,1287,164,1443,367
1485,0,412,225,575,452
1485,1,1286,164,1442,368
1486,0,411,224,574,454
1486,1,1286,164,1442,368
1487,0,408,225,572,455
1487,1,1287,165,1442,368
1488,0,406,227,569,457
1488,1,1286,165,1442,369
1489,0,404,230,567,461
1489,1,1287,165,1442,370
1490,0,399,230,564,465
1490,1,1286,165,1442,370
1491,0,393,232,560,464
1491,1,1286,164,1442,371
1492,0,390,230,558,458
1492,1,1286,164,1442,370
1493,0,388,229,556,455
1493,1,1286,164,1442,370
1494,0,388,227,556,453
1494,1,1286,164,1442,368
1495,0,386,227,554,453
1495,1,1286,164,1442,367
1496,0,386,228,552,454
1496,1,1286,164,1442,367
1497,0,384,229,551,454
1497,1,1286,165,1441,367
1498,0,384,229,551,453
1498,1,1286,165,1441,367
1499,0,384,229,552,451
1499,1,1285,165,1441,367
1500,0,385,229,554,451
1500,1,1285,165,1441,366
1501,0,384,227,554,452
1501,1,1285,166,1441,366
1502,0,385,225,555,450
1502,1,1285,165,1441,366
1503,0,385,223,556,450
1503,1,1285,166,1441,366
1504,0,386,220,557,448
1504,1,1285,166,1441,366
1505,0,387,219,557,448
1505,1,1285,166,1441,366
1506,0,387,219,559,448
1506,1,1285,166,1441,366
1507,0,388,221,559,447
1507,1,1285,165,1441,366
1508,0,389,219,559,447
1508,1,1285,165,1441,367
1509,0,388,213,560,446
1509,1,1285,166,1441,367
1510,0,387,215,560,448
1510,1,1285,166,1440,367
1511,0,387,218,559,453
1511,1,1285,165,1440,367
1512,0,389,221,561,455
1512,1,1285,166,1440,367
1513,0,390,222,561,455
1513,1,1285,166,1440,367
1514,0,391,222,561,456
1514,1,1284,165,1439,367
1515,0,393,225,564,458
1515,1,1284,165,1439,366
1516,0,393,226,564,461
1516,1,1284,165,1439,366
1517,0,394,230,566,465
1517,1,1284,165,1439,366
1518,0,395,230,566,465
1518,1,1284,165,1439,367
1519,0,396,230,566,464
1519,1,1284,164,1440,366
1520,0,396,234,568,463
1520,1,1284,165,1440,367
1521,0,400,236,570,463
1521,1,1284,164,1439,367
1522,0,401,239,572,464
1522,1,1284,165,1439,368
1523,0,401,241,573,465
1523,1,1284,165,1439,368
1524,0,401,239,574,466
1524,1,1284,165,1439,368
1525,0,402,239,575,467
1525,1,1284,164,1439,368
1526,0,403,240,575,469
1526,1,1284,164,1439,368
1527,0,403,239,575,469
1527,1,1284,163,1439,368
1528,0,403,240,575,467
1528,1,1284,163,1439,369
1529,0,403,239,575,466
1529,1,1284,165,1439,369
1530,0,403,239,575,467
1530,1,1284,168,1438,370
1531,0,402,238,574,469
1531,1,1283,168,1438,375
1532,0,402,238,574,467
1532,1,1282,169,1438,381
1533,0,403,239,573,464
1533,1,1280,170,1437,382
1534,0,403,238,573,463
1534,1,1280,170,1437,385
1535,0,413,239,577,454
1535,1,1278,170,1435,389
1536,0,417,239,580,455
1536,1,1277,171,1434,390
1537,0,429,230,591,454
1537,1,1276,172,1433,392
1538,0,435,226,596,454
1538,1,1275,172,1433,392
1539,0,437,226,600,454
1539,1,1275,172,1433,392
1540,0,443,228,604,455
1540,1,1274,173,1432,392
1541,0,445,229,608,456
1541,1,1274,172,1431,393
1542,0,447,230,608,457
1542,1,1273,173,1431,393
1543,0,447,233,608,457
1543,1,1273,173,1430,394
1544,0,448,235,608,456
1544,1,1273,174,1430,394
1545,0,449,236,609,456
1545,1,1273,174,1430,394
1546,0,450,236,609,456
1546,1,1273,174,1430,394
1547,0,451,236,610,455
1547,1,1273,173,1430,393
1548,0,451,234,611,455
1548,1,1273,171,1431,393
1549,0,451,236,611,456
1549,1,1273,170,1431,393
1550,0,452,237,612,456
1550,1,1273,170,1431,393
1551,1,1274,170,1431,392
1551,0,452,240,613,457
1552,1,1274,169,1432,392
1552,0,453,240,613,457
1553,0,452,240,613,458
1553,1,1275,168,1432,390
1554,0,452,240,613,459
1554,1,1275,168,1433,390
1555,0,451,242,613,459
1555,1,1276,169,1433,391
1556,0,450,242,613,459
1556,1,1276,169,1433,392
1557,0,450,240,612,460
1557,1,1274,171,1432,392
1558,0,449,239,611,460
1558,1,1273,171,1431,393
1559,0,448,239,611,459
1559,1,1273,172,1429,396
1560,0,448,238,610,459
1560,1,1270,177,1427,397
1561,0,447,238,609,459
1561,1,1267,183,1426,399
1562,0,445,239,608,459
1562,1,1265,185,1424,401
1563,0,445,240,607,459
1563,1,1265,187,1424,400
1564,0,446,242,607,460
1564,1,1264,188,1422,404
1565,0,445,242,607,459
1565,1,1263,189,1422,408
1566,0,445,241,607,459
1566,1,1263,189,1422,409
1567,0,445,242,607,459
1567,1,1263,190,1423,407
1568,0,445,241,607,459
1568,1,1264,190,1423,406
1569,0,445,241,607,458
1569,1,1264,189,1424,406
1570,0,445,240,608,458
1570,1,1265,190,1425,407
1571,0,445,241,608,458
1571,1,1266,192,1426,407
1572,0,445,242,608,459
1572,1,1267,191,1428,406
1573,0,444,242,608,459
1573,1,1269,190,1428,406
1574,0,444,243,608,459
1574,1,1270,190,1429,404
1575,0,444,244,608,458
1575,1,1271,189,1429,399
1576,0,444,244,608,459
1576,1,1272,189,1430,399
1577,0,444,244,608,459
1577,1,1272,189,1430,399
1578,0,444,245,607,459
1578,1,1273,189,1431,400
1579,0,443,247,607,459
1579,1,1272,190,1431,400
1580,0,440,250,604,461
1580,1,1272,193,1431,401
1581,0,439,251,602,464
1581,1,1272,195,1431,404
1582,0,438,253,599,465
1582,1,1272,197,1431,407
1583,0,436,254,599,467
1583,1,1273,197,1431,408
1584,0,435,254,598,468
1584,1,1273,196,1431,406
1585,0,434,255,596,467
1585,1,1273,194,1431,405
1586,0,433,257,595,469
1586,1,1273,194,1431,405
1587,0,431,257,592,466
1587,1,1273,194,1431,407
1588,1,1272,195,1430,408
1588,0,430,258,592,466
1589,1,1272,195,1430,409
1589,0,428,258,590,464
1590,0,422,256,588,465
1590,1,1272,199,1430,411
1591,0,412,261,581,467
1591,1,1273,202,1429,411
1592,0,408,254,577,465
1592,1,1273,204,1429,411
1593,0,406,255,576,465
1593,1,1273,205,1428,412
1594,0,404,251,573,464
1594,1,1271,204,1427,413
1595,0,402,248,572,466
1595,1,1270,202,1427,413
1596,0,402,246,572,467
1596,1,1269,201,1426,412
1597,0,401,244,571,469
1597,1,1268,201,1426,413
1598,0,401,243,571,469
1598,1,1268,201,1425,413
1599,0,401,240,570,469
1599,1,1268,201,1425,413
1600,0,402,238,570,470
1600,1,1268,203,1424,414
1601,0,401,237,571,469
1601,1,1268,204,1425,415
1602,0,401,236,571,470
1602,1,1269,208,1424,414
1603,0,401,236,571,468
1603,1,1268,209,1424,415
1604,0,402,236,572,463
1604,1,1268,208,1423,414
1605,0,403,237,573,461
1605,1,1266,203,1422,412
1606,0,404,237,573,458
1606,1,1265,202,1421,412
1607,0,405,237,574,455
1607,1,1263,200,1418,412
1608,0,404,236,574,454
1608,1,1262,201,1416,411
1609,0,404,237,574,454
1609,1,1261,202,1415,410
1610,0,404,239,574,455
1610,1,1259,203,1414,410
1611,0,401,239,572,455
1611,1,1258,205,1413,409
1612,0,398,238,570,457
1612,1,1257,204,1411,411
1613,0,398,237,568,458
1613,1,1257,204,1411,411
1614,0,395,236,567,459
1614,1,1256,203,1410,412
1615,0,395,236,565,462
1615,1,1255,203,1408,413
1616,0,394,236,565,463
1616,1,1254,203,1408,412
1617,0,393,236,564,464
1617,1,1253,203,1406,414
1618,0,392,236,562,466
1618,1,1253,203,1406,413
1619,0,391,236,560,470
1619,1,1254,203,1407,414
1620,0,389,235,559,471
1620,1,1255,205,1409,413
1621,0,388,236,558,469
1621,1,1257,205,1412,412
1622,0,388,237,557,468
1622,1,1258,202,1412,411
1623,0,388,235,557,467
1623,1,1259,202,1415,411
1624,0,387,234,557,467
1624,1,1261,202,1416,411
1625,0,388,233,556,469
1625,1,1263,201,1417,411
1626,0,388,232,556,467
1626,1,1264,200,1417,411
1627,0,389,229,555,465
1627,1,1265,198,1418,409
1628,0,390,230,556,466
1628,1,1266,198,1419,409
1629,0,391,230,556,468
1629,1,1266,199,1419,408
1630,0,392,232,557,469
1630,1,1266,199,1419,410
1631,0,392,232,559,465
1631,1,1265,199,1418,413
1632,0,392,234,559,463
1632,1,1264,199,1417,412
1633,0,392,234,559,463
1633,1,1264,199,1417,412
1634,0,392,234,559,466
1634,1,1264,199,1417,411
1635,0,393,232,559,471
1635,1,1264,198,1418,411
1636,0,393,232,559,470
1636,1,1264,199,1419,412
1637,0,393,231,560,466
1637,1,1263,202,1417,411
1638,0,393,231,561,465
1638,1,1263,207,1416,411
1639,0,394,234,561,462
1639,1,1262,208,1415,411
1640,0,395,234,563,462
1640,1,1260,207,1415,411
1641,0,395,234,562,469
1641,1,1259,203,1412,412
1642,0,395,234,562,473
1642,1,1257,202,1412,409
1643,0,395,233,562,473
1643,1,1257,202,1410,409
1644,0,395,233,562,473
1644,1,1255,203,1410,410
1645,0,396,234,562,473
1645,1,1253,203,1406,415
1646,0,396,233,562,472
1646,1,1252,204,1404,415
1647,0,396,234,562,471
1647,1,1249,205,1403,415
1648,0,396,234,563,469
1648,1,1247,205,1402,414
1649,0,397,234,564,467
1649,1,1246,206,1398,412
1650,0,397,235,564,462
1650,1,1244,207,1397,411
1651,0,397,235,564,461
1651,1,1243,207,1395,411
1652,0,398,236,564,460
1652,1,1243,208,1395,411
1653,0,398,237,565,460
1653,1,1242,211,1394,410
1654,0,398,237,565,460
1654,1,1241,213,1394,411
1655,0,398,238,565,460
1655,1,1241,215,1394,411
1656,0,398,237,565,459
1656,1,1241,215,1393,411
1657,0,398,237,565,467
1657,1,1240,215,1394,412
1658,0,398,238,565,469
1658,1,1239,216,1393,412
1659,0,398,239,565,467
1659,1,1239,216,1394,414
1660,0,398,237,566,465
1660,1,1240,216,1396,417
1661,0,398,237,565,464
1661,1,1242,216,1398,420
1662,0,399,237,565,460
1662,1,1245,217,1405,423
1663,0,400,235,566,456
1663,1,1248,216,1408,423
1664,0,401,235,567,456
1664,1,1251,216,1410,424
1665,0,401,238,568,459
1665,1,1253,213,1414,421
1666,0,402,240,569,459
1666,1,1253,212,1415,420
1667,0,402,242,569,461
1667,1,1256,211,1418,418
1668,0,402,244,569,462
1668,1,1258,207,1420,414
1669,0,402,245,569,463
1669,1,1259,206,1422,411
1670,0,402,243,569,465
1670,1,1261,203,1424,408
1671,0,403,241,570,468
1671,1,1262,200,1426,406
1672,0,404,240,570,468
1672,1,1263,196,1426,404
1673,0,404,240,569,471
1673,1,1264,196,1426,402
1674,0,403,240,569,472
1674,1,1265,196,1427,402
1675,0,402,240,568,471
1675,1,1266,194,1427,400
1676,0,402,240,569,470
1676,1,1266,194,1428,401
1677,0,401,240,569,466
1677,1,1266,192,1428,400
1678,0,402,241,569,467
1678,1,1267,192,1427,400
1679,0,402,242,569,463
1679,1,1267,191,1427,399
1680,0,403,243,570,467
1680,1,1267,190,1427,398
1681,0,406,243,570,469
1681,1,1267,189,1428,398
1682,0,413,246,575,469
1682,1,1267,187,1428,398
1683,0,417,243,577,463
1683,1,1267,188,1427,398
1684,0,418,239,578,459
1684,1,1267,187,1427,398
1685,0,420,239,579,462
1685,1,1267,185,1427,399
1686,0,419,241,579,467
1686,1,1266,184,1427,399
1687,0,419,241,582,479
1687,1,1266,182,1427,398
1688,0,420,239,583,480
1688,1,1266,182,1427,398
1689,0,420,243,583,480
1689,1,1266,182,1427,397
1690,0,422,249,582,479
1690,1,1267,183,1428,396
1691,0,423,248,584,478
1691,1,1268,184,1429,396
1692,0,423,246,584,475
1692,1,1269,184,1429,396
1693,0,422,248,583,475
1693,1,1269,185,1429,395
1694,0,421,248,583,476
1694,1,1269,185,1429,395
1695,0,419,246,582,477
1695,1,1270,183,1430,394
1696,0,419,248,581,477
1696,1,1270,183,1430,394
1697,0,418,249,579,479
1697,1,1270,183,1431,394
1698,0,417,248,579,478
1698,1,1271,183,1431,394
1699,0,417,248,579,478
1699,1,1271,182,1431,394
1700,0,418,250,580,477
1700,1,1271,182,1432,396
1701,0,419,250,581,476
1701,1,1272,183,1431,399
1702,0,420,250,582,478
1702,1,1272,180,1432,399
1703,0,421,253,583,478
1703,1,1272,178,1431,399
1704,0,422,254,584,476
1704,1,1272,177,1430,398
1705,0,422,252,584,477
1705,1,1273,176,1430,396
1706,0,422,251,585,477
1706,1,1273,175,1430,395
1707,0,423,250,585,477
1707,1,1273,174,1430,393
1708,0,423,249,585,478
1708,1,1273,175,1430,392
1709,0,423,250,585,478
1709,1,1274,175,1430,391
1710,0,423,249,586,479
1710,1,1274,173,1431,386
1711,0,422,249,586,481
1711,1,1275,173,1432,385
1712,0,424,250,586,481
1712,1,1276,173,1432,387
1713,0,425,250,586,481
1713,1,1277,173,1433,386
1714,0,425,249,586,482
1714,1,1278,172,1434,384
1715,0,425,250,586,480
1715,1,1280,171,1435,385
1716,0,425,251,586,478
1716,1,1281,172,1436,386
1717,0,425,250,586,477
1717,1,1283,172,1439,386
1718,0,425,250,586,477
1718,1,1283,172,1438,386
1719,0,424,248,586,478
1719,1,1282,173,1439,388
1720,0,424,247,586,479
1720,1,1282,173,1437,389
1721,0,424,250,585,479
1721,1,1279,174,1434,387
1722,0,422,252,583,478
1722,1,1276,172,1432,386
1723,0,421,252,582,478
1723,1,1275,172,1431,388
1724,0,419,249,581,480
1724,1,1273,171,1430,390
1725,0,417,249,579,481
1725,1,1272,171,1429,393
1726,0,417,248,579,481
1726,1,1271,170,1429,393
1727,0,417,247,579,481
1727,1,1270,170,1428,391
1728,0,417,249,578,479
1728,1,1270,171,1427,388
1729,0,417,250,578,478
1729,1,1269,171,1427,387
1730,0,417,250,578,478
1730,1,1269,171,1427,389
1731,0,419,250,579,478
1731,1,1269,171,1427,389
1732,0,420,250,580,477
1732,1,1269,171,1427,390
1733,0,421,249,580,477
1733,1,1269,171,1427,390
1734,0,421,249,581,477
1734,1,1270,171,1427,390
1735,0,421,248,582,477
1735,1,1270,172,1428,391
1736,0,421,248,582,477
1736,1,1270,172,1428,390
1737,0,422,246,583,475
1737,1,1271,171,1428,392
1738,0,422,247,584,475
1738,1,1271,171,1428,393
1739,0,423,248,585,476
1739,1,1272,171,1428,394
1740,0,423,249,586,475
1740,1,1272,173,1428,394
1741,0,424,248,586,475
1741,1,1271,174,1428,393
1742,0,425,249,586,475
1742,1,1271,174,1428,390
1743,0,425,249,586,475
1743,1,1270,173,1427,389
1744,0,425,249,586,475
1744,1,1270,172,1427,388
1745,0,425,249,585,475
1745,1,1270,171,1428,389
1746,0,425,250,585,475
1746,1,1270,172,1428,388
1747,0,424,250,584,475
1747,1,1272,172,1430,388
1748,0,423,251,584,475
1748,1,1273,173,1430,389
1749,0,423,250,584,475
1749,1,1273,175,1431,390
1750,0,423,248,583,475
1750,1,1274,175,1431,391
1751,0,422,249,583,476
1751,1,1274,174,1432,388
1752,0,422,250,582,475
1752,1,1275,174,1432,385
1753,0,422,250,581,475
1753,1,1275,174,1432,386
1754,0,422,249,581,476
1754,1,1276,176,1432,388
1755,0,421,250,580,476
1755,1,1277,175,1433,390
1756,0,421,249,580,476
1756,1,1277,176,1434,390
1757,0,420,249,580,476
1757,1,1278,174,1435,389
1758,0,420,250,580,476
1758,1,1278,174,1435,391
1759,0,420,250,579,476
1759,1,1277,173,1434,393
1760,0,419,247,579,476
1760,1,1275,173,1433,393
1761,0,418,251,578,476
1761,1,1273,179,1430,394
1762,0,415,252,576,476
1762,1,1269,187,1426,399
1763,0,412,253,574,477
1763,1,1268,192,1425,405
1764,0,407,249,571,478
1764,1,1268,196,1426,409
1765,0,399,251,566,480
1765,1,1269,208,1426,414
1766,0,397,250,564,481
1766,1,1270,209,1426,417
1767,0,394,252,559,480
1767,1,1269,209,1426,413
1768,0,392,252,557,479
1768,1,1269,208,1425,412
1769,0,390,247,555,478
1769,1,1267,206,1425,411
1770,0,389,245,554,478
1770,1,1266,208,1424,411
1771,0,389,240,553,474
1771,1,1265,214,1422,415
1772,0,389,238,553,475
1772,1,1264,218,1422,420
1773,0,390,237,553,478
1773,1,1263,220,1421,421
1774,0,390,233,554,481
1774,1,1263,222,1421,422
1775,0,390,232,553,483
1775,1,1263,223,1421,423
1776,0,390,231,553,482
1776,1,1263,223,1421,422
1777,0,390,232,553,477
1777,1,1263,223,1422,423
1778,0,390,233,553,473
1778,1,1262,223,1422,424
1779,0,389,233,552,467
1779,1,1262,222,1421,423
1780,0,389,234,553,464
1780,1,1261,221,1420,422
1781,0,389,237,553,464
1781,1,1261,222,1420,424
1782,0,389,239,552,469
1782,1,1261,223,1420,425
1783,0,388,240,552,470
1783,1,1261,224,1420,425
1784,0,388,241,552,472
1784,1,1261,225,1420,427
1785,0,387,245,551,472
1785,1,1261,227,1420,427
1786,0,387,245,552,471
1786,1,1260,227,1420,428
1787,0,387,243,552,470
1787,1,1260,228,1420,430
1788,0,387,243,552,470
1788,1,1260,227,1420,431
1789,0,388,244,552,470
1789,1,1261,228,1421,433
1790,0,387,244,552,469
1790,1,1264,228,1424,434
1791,0,388,244,553,469
1791,1,1269,228,1428,434
1792,0,388,244,553,469
1792,1,1276,227,1434,432
1793,0,388,244,553,469
1793,1,1282,228,1441,431
1794,0,388,243,553,469
1794,1,1288,224,1447,431
1795,0,388,242,553,469
1795,1,1296,221,1456,428
1796,0,388,243,553,470
1796,1,1298,222,1458,427
1797,0,388,243,553,469
1797,1,1302,222,1465,429
1798,0,387,243,553,469
1798,1,1304,222,1468,429
1799,0,387,243,553,469
1799,1,1308,222,1469,428
1800,0,386,245,553,468
1800,1,1310,220,1471,426
1801,0,385,240,552,476
1801,1,1312,221,1475,428
1802,0,386,237,551,481
1802,1,1315,218,1478,428
1803,0,386,237,551,477
1803,1,1318,220,1481,429
1804,0,386,237,552,474
1804,1,1321,223,1484,431
1805,0,387,236,551,476
1805,1,1324,224,1488,433
1806,0,387,237,552,477
1806,1,1324,222,1490,433
1807,0,387,237,553,472
1807,1,1326,221,1493,434
1808,0,387,237,554,471
1808,1,1326,221,1493,434
1809,0,387,238,554,471
1809,1,1326,221,1493,434
1810,0,388,238,555,469
1810,1,1326,220,1492,434
1811,0,388,238,555,471
1811,1,1324,218,1491,432
1812,0,388,238,555,471
1812,1,1323,219,1486,431
1813,0,388,239,555,471
1813,1,1320,217,1483,430
1814,0,388,239,555,470
1814,1,1315,216,1479,428
1815,0,388,240,556,469
1815,1,1311,213,1473,423
1816,0,388,241,557,468
1816,1,1310,212,1472,422
1817,0,388,245,557,468
1817,1,1306,212,1468,419
1818,0,388,247,557,468
1818,1,1302,208,1464,419
1819,0,389,247,557,469
1819,1,1301,206,1462,417
1820,0,388,247,557,469
1820,1,1299,207,1460,416
1821,0,387,247,555,469
1821,1,1300,208,1462,417
1822,0,384,241,553,467
1822,1,1305,212,1466,420
1823,0,383,243,552,467
1823,1,1306,211,1469,422
1824,0,382,245,551,468
1824,1,1307,212,1470,422
1825,0,381,247,550,470
1825,1,1305,213,1469,423
1826,0,382,248,550,470
1826,1,1305,214,1468,422
1827,0,383,247,551,472
1827,1,1306,216,1469,422
1828,0,386,248,552,472
1828,1,1307,217,1470,422
1829,0,390,248,555,473
1829,1,1308,220,1471,422
1830,0,392,248,558,476
1830,1,1309,221,1472,423
1831,0,395,248,561,478
1831,1,1309,224,1474,425
1832,0,399,246,563,481
1832,1,1309,229,1473,426
1833,0,403,248,565,483
1833,1,1309,229,1473,426
1834,0,404,246,567,484
1834,1,1309,228,1473,427
1835,0,407,246,570,487
1835,1,1309,227,1472,428
1836,0,408,246,571,486
1836,1,1308,227,1471,427
1837,0,413,245,574,486
1837,1,1307,227,1470,428
1838,0,414,245,577,485
1838,1,1306,227,1469,429
1839,0,415,245,579,481
1839,1,1305,228,1469,429
1840,0,416,249,579,471
1840,1,1303,225,1468,429
1841,0,418,247,580,467
1841,1,1302,224,1466,429
1842,0,416,247,578,470
1842,1,1301,222,1465,431
1843,0,414,244,577,471
1843,1,1300,221,1463,431
1844,0,413,242,575,473
1844,1,1299,220,1462,430
1845,0,410,241,574,472
1845,1,1299,218,1460,428
1846,0,409,241,574,472
1846,1,1298,218,1460,428
1847,0,408,241,573,473
1847,1,1297,216,1457,428
1848,0,408,242,572,477
1848,1,1296,215,1456,427
1849,0,407,244,570,480
1849,1,1294,215,1455,428
1850,0,404,243,569,482
1850,1,1291,217,1454,428
1851,0,402,243,569,482
1851,1,1289,218,1451,427
1852,0,402,245,568,474
1852,1,1287,219,1448,428
1853,0,401,245,567,469
1853,1,1286,221,1447,427
1854,0,401,245,567,468
1854,1,1285,218,1447,429
1855,0,402,245,568,466
1855,1,1284,221,1444,429
1856,0,403,246,569,464
1856,1,1283,221,1444,429
1857,0,405,247,569,461
1857,1,1282,222,1442,429
1858,0,407,247,570,461
1858,1,1280,222,1440,430
1859,0,409,247,571,460
1859,1,1279,221,1440,431
1860,0,410,251,573,460
1860,1,1278,222,1439,431
1861,0,412,251,575,463
1861,1,1276,221,1437,432
1862,0,415,248,577,466
1862,1,1276,223,1436,432
1863,0,415,247,578,467
1863,1,1276,224,1436,433
1864,0,416,248,579,467
1864,1,1275,224,1436,432
1865,0,418,253,581,466
1865,1,1275,224,1437,432
1866,0,419,254,581,465
1866,1,1275,224,1437,432
1867,0,419,253,583,468
1867,1,1276,226,1437,432
1868,0,420,252,584,468
1868,1,1276,226,1437,434
1869,0,421,255,585,467
1869,1,1276,226,1437,434
1870,0,421,252,586,470
1870,1,1276,227,1437,434
1871,0,421,251,587,469
1871,1,1276,230,1438,435
1872,0,421,256,586,468
1872,1,1276,231,1438,434
1873,0,420,253,586,472
1873,1,1277,231,1438,435
1874,0,418,255,586,472
1874,1,1277,232,1438,435
1875,0,418,257,586,470
1875,1,1277,233,1439,435
1876,0,418,258,586,469
1876,1,1277,233,1439,435
1877,0,419,256,586,470
1877,1,1277,233,1439,436
1878,0,420,256,587,471
1878,1,1277,236,1439,436
1879,0,420,255,588,469
1879,1,1277,237,1439,437
1880,0,424,255,588,467
1880,1,1276,237,1439,437
1881,0,427,256,592,466
1881,1,1276,237,1438,438
1882,1,1275,237,1437,439
1882,0,434,263,597,463
1883,0,442,263,608,461
1883,1,1275,237,1437,438
1884,0,453,260,619,464
1884,1,1275,237,1436,437
1885,0,471,260,635,470
1885,1,1275,237,1436,438
1886,0,478,263,643,473
1886,1,1275,237,1436,438
1887,0,506,265,663,482
1887,1,1275,239,1435,440
1888,0,523,265,681,481
1888,1,1275,239,1435,442
1889,0,539,268,699,478
1889,1,1274,240,1435,443
1890,0,565,269,730,479
1890,1,1275,241,1434,442
1891,0,591,270,758,480
1891,1,1275,241,1435,444
1892,0,618,278,781,485
1892,1,1275,241,1434,443
1893,0,634,278,801,490
1893,1,1275,239,1435,442
1894,0,653,284,812,493
1894,1,1275,237,1435,442
1895,0,675,282,837,495
1895,1,1275,235,1434,441
1896,0,682,285,844,497
1896,1,1275,236,1434,443
1897,0,704,274,866,504
1897,1,1275,236,1435,442
1898,0,717,285,876,504
1898,1,1275,236,1434,441
1899,0,726,290,890,507
1899,1,1275,236,1434,441
1900,0,744,294,906,509
1900,1,1275,236,1434,440
1901,0,758,305,919,509
1901,1,1275,235,1433,438
1902,0,768,307,930,510
1902,1,1275,237,1433,441
1903,0,774,306,935,511
1903,1,1274,239,1432,442
1904,0,777,305,945,511
1904,1,1274,238,1432,443
1905,0,787,309,953,513
1905,1,1274,237,1432,442
1906,0,791,308,954,514
1906,1,1274,236,1432,444
1907,1,1273,237,1432,445
1907,0,795,312,953,517
1908,0,796,312,956,517
1908,1,1273,240,1431,444
1909,0,797,311,959,517
1909,1,1273,239,1431,444
1910,0,797,310,962,517
1910,1,1273,239,1430,443
1911,0,798,310,962,518
1911,1,1273,239,1429,441
1912,0,798,310,962,519
1912,1,1271,242,1429,442
1913,0,797,309,964,520
1913,1,1270,240,1428,444
1914,0,796,310,962,520
1914,1,1270,242,1428,444
1915,0,793,311,959,518
1915,1,1269,242,1427,446
1916,0,792,315,956,519
1916,1,1268,242,1428,445
1917,0,780,314,954,517
1917,1,1267,243,1427,447
1918,0,771,309,944,516
1918,1,1267,243,1427,447
1919,0,761,309,932,513
1919,1,1266,244,1427,447
1920,0,746,308,917,510
1920,1,1266,244,1427,448
1921,0,727,299,901,504
1921,1,1266,245,1427,448
1922,0,708,292,884,502
1922,1,1266,245,1427,447
1923,0,694,287,871,499
1923,1,1266,246,1428,447
1924,0,681,282,857,497
1924,1,1266,244,1428,447
1925,0,663,278,840,491
1925,1,1266,244,1428,446
1926,0,658,274,834,489
1926,1,1266,243,1428,446
1927,0,640,272,817,490
1927,1,1267,246,1428,446
1928,0,631,269,805,487
1928,1,1267,246,1428,446
1929,0,619,266,796,485
1929,1,1267,245,1428,446
1930,0,609,265,781,484
1930,1,1266,244,1428,446
1931,0,597,260,771,486
1931,1,1267,244,1429,446
1932,0,588,260,759,483
1932,1,1267,244,1429,445
1933,0,579,260,752,483
1933,1,1267,245,1429,445
1934,0,573,259,748,482
1934,1,1267,244,1429,445
1935,0,564,258,739,481
1935,1,1267,244,1429,445
1936,0,562,258,735,482
1936,1,1267,243,1429,445
1937,0,552,251,725,479
1937,1,1266,243,1429,444
1938,0,544,254,717,478
1938,1,1266,242,1429,444
1939,0,536,251,709,478
1939,1,1266,243,1429,444
1940,0,527,250,699,477
1940,1,1266,244,1429,445
1941,0,519,251,689,478
1941,1,1266,244,1429,445
1942,0,513,246,684,477
1942,1,1266,243,1428,445
1943,0,511,250,682,477
1943,1,1266,242,1428,445
1944,0,510,250,681,477
1944,1,1266,243,1429,445
1945,0,510,251,681,478
1945,1,1266,243,1429,445
1946,0,510,252,681,480
1946,1,1266,243,1429,445
1947,0,510,254,681,483
1947,1,1266,243,1428,445
1948,0,510,256,681,485
1948,1,1266,243,1428,446
1949,0,510,261,681,488
1949,1,1266,243,1428,446
1950,0,513,267,682,490
1950,1,1266,243,1428,446
1951,0,510,269,680,491
1951,1,1266,242,1428,446
1952,0,510,269,680,491
1952,1,1266,242,1428,446
1953,0,510,271,680,491
1953,1,1267,244,1428,445
1954,0,510,270,680,491
1954,1,1267,243,1428,445
1955,0,511,273,681,491
1955,1,1267,243,1428,444
1956,0,511,274,682,491
1956,1,1267,244,1428,444
1957,0,513,274,684,492
1957,1,1267,244,1428,445
1958,0,514,275,685,494
1958,1,1267,244,1428,445
1959,0,515,276,685,494
1959,1,1267,243,1429,445
1960,0,517,279,686,494
1960,1,1267,242,1429,444
1961,0,517,282,689,494
1961,1,1267,242,1429,444
1962,0,517,283,691,496
1962,1,1267,242,1429,445
1963,0,518,283,691,496
1963,1,1268,244,1429,445
1964,0,519,284,692,496
1964,1,1269,245,1429,445
1965,0,519,283,692,496
1965,1,1270,245,1429,445
1966,0,519,282,692,496
1966,1,1270,245,1429,445
1967,0,519,283,692,500
1967,1,1271,244,1430,445
1968,0,518,284,692,499
1968,1,1271,244,1429,443
1969,0,518,284,692,498
1969,1,1271,244,1429,443
1970,0,518,284,691,498
1970,1,1271,244,1429,443
1971,0,517,285,690,499
1971,1,1270,243,1429,443
1972,0,516,285,690,500
1972,1,1271,243,1429,443
1973,0,516,286,689,499
1973,1,1271,242,1428,444
1974,0,516,287,688,499
1974,1,1270,243,1428,445
1975,0,514,289,687,498
1975,1,1271,240,1428,444
1976,0,513,288,686,498
1976,1,1271,237,1429,444
1977,0,513,288,684,498
1977,1,1271,235,1429,443
1978,0,512,287,684,498
1978,1,1271,231,1428,431
1979,0,512,287,683,498
1979,1,1270,228,1428,432
1980,0,511,288,683,498
1980,1,1266,224,1424,435
1981,0,511,288,683,499
1981,1,1258,223,1417,436
1982,0,510,287,682,499
1982,1,1252,221,1411,433
1983,0,509,286,682,499
1983,1,1247,221,1408,433
1984,0,509,286,682,499
1984,1,1243,223,1403,435
1985,0,509,287,681,499
1985,1,1237,224,1396,433
1986,0,509,286,681,499
1986,1,1236,224,1394,433
1987,0,509,287,682,499
1987,1,1233,224,1392,434
1988,0,509,287,682,499
1988,1,1230,222,1391,434
1989,0,509,288,682,499
1989,1,1229,222,1387,434
1990,0,510,289,682,499
1990,1,1224,222,1382,434
1991,0,510,290,682,499
1991,1,1221,224,1379,432
1992,0,511,290,683,500
1992,1,1218,225,1377,436
1993,0,511,289,683,500
1993,1,1216,225,1375,437
1994,0,511,290,684,500
1994,1,1215,225,1372,438
1995,0,511,290,684,501
1995,1,1211,225,1369,438
1996,0,511,289,684,501
1996,1,1210,226,1369,439
1997,0,511,289,684,501
1997,1,1209,227,1371,440
1998,0,512,290,685,501
1998,1,1208,229,1370,440
1999,0,512,288,685,501
1999,1,1208,229,1369,438
2000,0,512,289,684,503
2000,1,1207,228,1368,435
2001,0,512,288,683,503
2001,1,1207,226,1368,433
2002,0,510,287,682,501
2002,1,1204,225,1368,433
2003,0,508,288,682,498
2003,1,1203,226,1367,432
2004,0,506,287,680,498
2004,1,1201,228,1365,432
2005,0,504,288,679,498
2005,1,1197,230,1362,433
2006,0,504,287,678,498
2006,1,1196,233,1362,434
2007,0,504,288,678,498
2007,1,1193,232,1359,435
2008,0,504,286,678,499
2008,1,1190,234,1356,435
2009,0,504,286,679,499
2009,1,1190,236,1353,436
2010,0,506,286,680,500
2010,1,1186,237,1349,436
2011,0,508,287,682,500
2011,1,1182,236,1346,438
2012,0,510,287,683,500
2012,1,1177,241,1342,442
2013,0,511,287,683,499
2013,1,1173,243,1340,443
2014,0,509,285,683,498
2014,1,1171,248,1339,445
2015,0,507,282,680,496
2015,1,1164,255,1333,451
2016,0,505,282,679,497
2016,1,1163,257,1331,449
2017,0,505,280,676,492
2017,1,1162,258,1327,446
2018,0,505,277,676,492
2018,1,1162,258,1327,443
2019,0,504,276,677,490
2019,1,1162,257,1328,443
2020,0,506,276,679,489
2020,1,1163,254,1329,443
2021,0,511,275,683,486
2021,1,1166,249,1330,442
2022,0,514,280,686,489
2022,1,1169,245,1334,444
2023,0,517,279,690,491
2023,1,1171,245,1337,444
2024,0,519,280,692,494
2024,1,1172,242,1339,447
2025,0,524,282,699,495
2025,1,1173,241,1341,443
2026,0,527,283,701,496
2026,1,1174,238,1341,443
2027,0,534,285,706,495
2027,1,1175,240,1342,445
2028,0,536,284,709,498
2028,1,1174,241,1342,444
2029,0,538,286,711,501
2029,1,1177,246,1342,446
2030,0,540,283,714,500
2030,1,1179,251,1343,444
2031,0,541,283,715,500
2031,1,1176,259,1340,446
2032,0,540,283,714,502
2032,1,1173,269,1339,452
2033,0,538,283,713,503
2033,1,1173,274,1339,450
2034,0,536,287,711,505
2034,1,1171,278,1336,452
2035,0,534,289,708,506
2035,1,1169,280,1334,456
2036,0,533,289,706,506
2036,1,1168,279,1334,455
2037,0,531,293,705,504
2037,1,1165,282,1331,460
2038,0,530,293,704,504
2038,1,1163,283,1328,463
2039,0,529,292,704,504
2039,1,1160,285,1327,466
2040,0,528,291,704,503
2040,1,1157,289,1327,472
2041,0,526,289,702,501
2041,1,1156,293,1325,471
2042,0,524,287,701,498
2042,1,1153,293,1323,470
2043,0,524,284,700,497
2043,1,1152,292,1323,472
2044,0,521,284,698,497
2044,1,1152,292,1323,472
2045,0,517,281,694,496
2045,1,1152,290,1323,470
2046,0,516,281,694,496
2046,1,1151,289,1323,469
2047,0,514,278,691,496
2047,1,1152,285,1323,469
2048,0,513,278,690,495
2048,1,1153,285,1325,468
2049,0,513,277,690,494
2049,1,1156,284,1326,466
2050,0,510,276,688,493
2050,1,1157,284,1327,466
2051,0,509,273,685,492
2051,1,1161,281,1329,462
2052,0,506,270,683,489
2052,1,1166,278,1333,459
2053,0,503,269,681,489
2053,1,1169,276,1335,455
2054,0,501,268,679,488
2054,1,1172,272,1339,455
2055,0,499,267,677,489
2055,1,1172,265,1339,455
2056,0,499,267,677,489
2056,1,1174,262,1340,452
2057,0,498,267,675,489
2057,1,1174,261,1340,449
2058,0,497,268,674,488
2058,1,1175,261,1341,450
2059,0,497,266,673,487
2059,1,1175,259,1341,449
2060,0,494,265,672,485
2060,1,1175,258,1341,451
2061,0,493,264,671,483
2061,1,1174,258,1340,447
2062,0,493,262,670,483
2062,1,1173,259,1340,451
2063,0,492,261,669,482
2063,1,1173,261,1340,448
2064,0,491,261,668,482
2064,1,1171,262,1339,448
2065,0,490,259,667,485
2065,1,1168,260,1336,451
2066,0,490,258,666,485
2066,1,1168,260,1335,452
2067,0,491,259,665,483
2067,1,1167,261,1333,453
2068,0,491,258,665,479
2068,1,1165,265,1333,454
2069,0,491,259,664,478
2069,1,1165,259,1332,452
2070,0,490,259,663,476
2070,1,1163,263,1331,451
2071,0,489,258,661,476
2071,1,1163,263,1331,452
2072,0,488,257,659,476
2072,1,1164,258,1330,451
2073,0,487,256,658,476
2073,1,1163,262,1330,451
2074,0,486,257,657,475
2074,1,1164,258,1331,451
2075,0,484,257,656,476
2075,1,1164,257,1331,451
2076,0,484,257,656,476
2076,1,1162,261,1330,451
2077,0,483,259,655,479
2077,1,1163,258,1331,451
2078,0,481,260,655,479
2078,1,1163,258,1331,450
2079,0,480,260,654,476
2079,1,1163,258,1330,451
2080,0,477,260,653,476
2080,1,1163,258,1330,451
2081,0,478,261,652,480
2081,1,1162,262,1329,450
2082,0,478,261,652,477
2082,1,1162,262,1330,453
2083,0,477,260,651,477
2083,1,1163,258,1330,454
2084,0,477,260,651,478
2084,1,1163,257,1331,455
2085,0,476,260,650,478
2085,1,1163,262,1331,454
2086,0,476,261,650,479
2086,1,1163,262,1331,454
2087,0,476,261,650,479
2087,1,1163,262,1331,454
2088,0,475,261,650,480
2088,1,1163,262,1332,455
2089,0,475,262,650,480
2089,1,1163,262,1332,455
2090,0,475,263,650,483
2090,1,1163,262,1332,455
2091,0,474,264,649,485
2091,1,1163,262,1332,455
2092,0,473,264,647,483
2092,1,1164,259,1332,455
2093,0,472,265,647,483
2093,1,1163,262,1332,455
2094,0,470,265,647,483
2094,1,1163,263,1332,455
2095,0,470,268,645,483
2095,1,1164,259,1332,454
2096,0,470,268,645,483
2096,1,1164,259,1332,454
2097,0,471,271,646,488
2097,1,1165,260,1333,454
2098,0,471,271,647,489
2098,1,1165,259,1332,454
2099,0,469,273,645,490
2099,1,1165,260,1332,454
2100,0,466,275,642,486
2100,1,1165,260,1332,453
2101,0,461,275,641,480
2101,1,1166,261,1333,453
2102,0,462,279,638,481
2102,1,1166,261,1333,454
2103,0,460,277,636,479
2103,1,1166,261,1333,454
2104,0,460,278,636,481
2104,1,1166,261,1333,454
2105,0,459,278,635,483
2105,1,1166,261,1334,454
2106,0,459,279,635,483
2106,1,1166,261,1334,455
2107,0,460,280,634,481
2107,1,1166,261,1334,455
2108,0,460,280,634,481
2108,1,1167,261,1334,454
2109,0,459,279,634,481
2109,1,1167,261,1334,455
2110,0,459,279,634,479
2110,1,1167,260,1334,455
2111,0,460,278,635,482
2111,1,1167,262,1334,455
2112,0,460,280,636,485
2112,1,1167,261,1335,455
2113,0,461,280,636,485
2113,1,1168,262,1335,454
2114,0,462,281,637,487
2114,1,1168,262,1334,454
2115,0,461,280,636,484
2115,1,1168,262,1335,454
2116,0,461,280,636,485
2116,1,1168,262,1335,455
2117,0,460,280,636,484
2117,1,1168,262,1336,455
2118,0,460,280,636,484
2118,1,1168,264,1336,454
2119,0,460,281,636,484
2119,1,1168,264,1337,455
2120,0,461,282,636,484
2120,1,1170,262,1339,455
2121,0,461,281,636,485
2121,1,1170,263,1339,454
2122,0,462,281,637,486
2122,1,1171,262,1339,454
2123,0,462,281,637,485
2123,1,1171,261,1340,455
2124,0,462,280,637,484
2124,1,1171,262,1340,455
2125,0,462,281,637,485
2125,1,1172,262,1340,456
2126,0,462,282,637,485
2126,1,1170,266,1340,455
2127,0,462,282,637,487
2127,1,1171,262,1338,454
2128,0,462,283,638,486
2128,1,1170,262,1339,456
2129,0,461,283,638,484
2129,1,1170,265,1338,456
2130,0,461,283,639,486
2130,1,1171,263,1339,456
2131,0,461,282,641,489
2131,1,1171,263,1339,454
2132,0,461,284,642,495
2132,1,1170,264,1339,453
2133,0,462,284,642,497
2133,1,1170,264,1339,453
2134,0,461,283,642,496
2134,1,1171,265,1339,453
2135,0,461,283,643,496
2135,1,1169,266,1339,453
2136,0,461,284,643,498
2136,1,1170,264,1339,454
2137,0,464,284,644,499
2137,1,1170,265,1339,453
2138,0,465,282,646,499
2138,1,1169,266,1339,453
2139,0,468,283,647,498
2139,1,1169,266,1339,453
2140,0,468,280,649,498
2140,1,1170,264,1339,453
2141,0,470,282,651,499
2141,1,1171,265,1339,453
2142,0,473,282,653,499
2142,1,1171,264,1339,453
2143,0,475,283,654,499
2143,1,1171,265,1339,453
2144,0,475,282,654,498
2144,1,1170,266,1339,453
2145,0,476,283,655,496
2145,1,1171,265,1339,453
2146,0,477,284,656,496
2146,1,1170,266,1339,453
2147,0,478,284,657,495
2147,1,1171,265,1339,453
2148,0,480,284,658,494
2148,1,1171,265,1339,453
2149,0,480,284,658,494
2149,1,1171,264,1339,454
2150,0,482,285,658,494
2150,1,1170,267,1339,453
2151,0,481,284,658,494
2151,1,1170,267,1339,453
2152,0,481,284,659,494
2152,1,1171,264,1340,454
2153,0,481,284,659,493
2153,1,1171,263,1339,456
2154,0,481,284,659,494
2154,1,1172,263,1340,455
2155,0,481,283,659,495
2155,1,1172,262,1339,455
2156,0,481,283,659,495
2156,1,1171,261,1339,456
2157,0,482,284,660,495
2157,1,1171,261,1339,456
2158,0,482,283,660,493
2158,1,1171,261,1339,456
2159,0,483,282,661,493
2159,1,1170,261,1338,456
2160,0,483,282,661,492
2160,1,1170,262,1339,455
2161,0,483,283,661,492
2161,1,1169,265,1338,455
2162,0,484,283,662,491
2162,1,1169,265,1337,454
2163,0,484,283,662,491
2163,1,1170,263,1338,454
2164,0,484,283,662,491
2164,1,1170,262,1337,453
2165,0,485,283,662,490
2165,1,1169,260,1337,454
2166,0,485,283,662,490
2166,1,1169,260,1337,454
2167,0,485,283,662,490
2167,1,1169,263,1337,452
2168,0,485,283,662,490
2168,1,1169,264,1336,451
2169,0,484,283,662,490
2169,1,1169,265,1337,452
2170,0,485,283,662,490
2170,1,1169,267,1338,453
2171,0,485,282,662,490
2171,1,1169,268,1338,454
2172,0,487,283,663,491
2172,1,1169,268,1339,455
2173,0,488,283,663,490
2173,1,1169,268,1339,455
2174,0,489,283,664,490
2174,1,1169,267,1339,456
2175,0,491,283,665,492
2175,1,1169,267,1339,455
2176,0,491,284,666,492
2176,1,1169,267,1339,455
2177,0,494,285,667,495
2177,1,1170,270,1339,454
2178,0,496,284,670,497
2178,1,1170,270,1339,454
2179,0,498,285,672,497
2179,1,1170,271,1339,454
2180,0,504,285,676,497
2180,1,1170,271,1339,452
2181,0,506,287,678,497
2181,1,1171,271,1340,452
2182,0,510,288,681,498
2182,1,1171,271,1339,452
2183,0,511,287,681,499
2183,1,1171,270,1339,452
2184,0,512,287,682,498
2184,1,1171,271,1339,452
2185,0,511,288,682,497
2185,1,1171,271,1339,452
2186,0,510,287,682,496
2186,1,1171,271,1339,452
2187,0,508,287,680,495
2187,1,1171,271,1339,452
2188,0,507,288,679,496
2188,1,1171,271,1339,452
2189,0,506,290,679,496
2189,1,1171,271,1339,451
2190,0,505,293,677,496
2190,1,1171,271,1339,452
2191,0,504,294,676,497
2191,1,1171,271,1339,453
2192,0,503,295,676,498
2192,1,1172,272,1339,454
2193,0,503,295,675,499
2193,1,1172,272,1339,453
2194,0,503,296,675,499
2194,1,1172,273,1340,453
2195,0,503,297,675,500
2195,1,1172,273,1340,453
2196,0,502,297,675,500
2196,1,1172,272,1340,454
2197,0,502,298,675,500
2197,1,1172,272,1339,454
2198,0,502,297,675,500
2198,1,1172,272,1340,454
2199,0,502,298,675,500
2199,1,1172,271,1340,455
2200,0,502,299,676,500
2200,1,1172,270,1339,456
2201,0,504,302,677,503
2201,1,1172,269,1340,457
2202,0,504,303,678,504
2202,1,1173,269,1339,456
2203,0,506,303,680,505
2203,1,1174,269,1339,455
2204,0,508,305,681,505
2204,1,1174,269,1340,453
2205,0,511,308,685,506
2205,1,1176,270,1341,452
2206,0,512,307,687,506
2206,1,1176,270,1341,452
2207,0,516,307,688,507
2207,1,1177,270,1341,453
2208,0,519,307,690,505
2208,1,1177,268,1341,453
2209,0,521,308,692,505
2209,1,1177,268,1340,453
2210,0,524,307,695,504
2210,1,1176,269,1340,452
2211,0,525,307,701,502
2211,1,1175,272,1340,451
2212,0,526,308,703,502
2212,1,1175,272,1341,450
2213,0,527,310,704,502
2213,1,1175,273,1340,451
2214,0,529,312,705,504
2214,1,1175,274,1340,452
2215,0,529,314,707,507
2215,1,1175,274,1341,454
2216,0,530,315,707,507
2216,1,1175,274,1341,454
2217,0,531,319,707,508
2217,1,1176,275,1341,454
2218,0,531,320,706,510
2218,1,1175,275,1342,454
2219,0,531,321,706,511
2219,1,1176,275,1341,453
2220,0,532,323,706,511
2220,1,1174,273,1339,455
2221,0,533,322,706,511
2221,1,1172,272,1339,456
2222,0,534,323,708,512
2222,1,1172,271,1339,454
2223,0,535,324,709,513
2223,1,1172,271,1338,453
2224,0,535,324,709,513
2224,1,1172,271,1338,454
2225,0,534,325,709,513
2225,1,1172,270,1339,455
2226,0,534,325,708,513
2226,1,1172,270,1339,456
2227,0,533,325,707,512
2227,1,1171,271,1339,456
2228,0,531,323,706,512
2228,1,1171,271,1339,456
2229,0,530,322,702,512
2229,1,1171,271,1339,456
2230,0,527,318,699,512
2230,1,1172,271,1339,456
2231,0,524,318,697,512
2231,1,1172,271,1339,455
2232,0,525,320,694,513
2232,1,1171,271,1340,456
2233,0,524,319,695,513
2233,1,1171,271,1339,455
2234,0,524,320,695,512
2234,1,1172,271,1339,455
2235,0,524,322,695,512
2235,1,1172,271,1339,456
2236,0,525,323,696,512
2236,1,1173,271,1339,456
2237,0,525,322,697,511
2237,1,1172,271,1339,456
2238,0,525,321,698,511
2238,1,1173,271,1339,455
2239,0,525,320,699,511
2239,1,1173,271,1339,455
2240,0,527,318,701,510
2240,1,1173,271,1339,454
2241,0,528,324,703,511
2241,1,1173,269,1339,454
2242,0,529,326,704,514
2242,1,1173,270,1339,453
2243,0,529,328,704,516
2243,1,1173,270,1339,454
2244,0,529,331,704,517
2244,1,1172,270,1339,453
2245,0,530,329,706,518
2245,1,1172,271,1339,451
2246,0,531,330,707,518
2246,1,1172,271,1339,452
2247,0,530,328,708,520
2247,1,1172,272,1339,452
2248,0,531,328,706,520
2248,1,1172,272,1339,452
2249,0,530,327,705,521
2249,1,1172,273,1339,452
2250,0,529,327,702,522
2250,1,1172,272,1340,452
2251,0,527,326,699,522
2251,1,1172,272,1340,452
2252,0,525,326,698,521
2252,1,1172,272,1339,454
2253,0,526,326,698,519
2253,1,1172,272,1339,454
2254,0,526,322,697,518
2254,1,1173,271,1339,454
2255,0,526,324,696,516
2255,1,1174,272,1340,453
2256,0,526,323,697,515
2256,1,1174,272,1340,453
2257,0,526,325,697,515
2257,1,1174,271,1340,453
2258,0,527,327,699,517
2258,1,1174,271,1340,454
2259,0,527,325,700,519
2259,1,1174,271,1339,454
2260,0,528,327,701,520
2260,1,1174,271,1339,453
2261,0,527,329,702,520
2261,1,1174,271,1339,453
2262,0,527,332,700,521
2262,1,1173,271,1340,452
2263,0,526,333,700,521
2263,1,1173,271,1339,452
2264,0,526,333,699,522
2264,1,1173,272,1340,451
2265,0,525,335,699,523
2265,1,1172,272,1339,451
2266,0,525,335,699,523
2266,1,1173,272,1340,451
2267,0,526,333,699,522
2267,1,1172,271,1340,451
2268,0,527,335,701,523
2268,1,1172,270,1340,451
2269,0,527,336,703,524
2269,1,1172,270,1340,451
2270,0,528,336,705,525
2270,1,1172,269,1340,452
2271,0,529,338,708,525
2271,1,1172,269,1341,451
2272,0,530,339,709,525
2272,1,1172,270,1341,451
2273,0,531,338,710,526
2273,1,1172,269,1341,451
2274,0,533,342,710,528
2274,1,1172,269,1341,452
2275,0,535,340,711,530
2275,1,1172,269,1341,453
2276,0,535,343,710,530
2276,1,1172,268,1341,453
2277,0,536,346,712,530
2277,1,1172,268,1341,453
2278,0,538,343,713,529
2278,1,1172,267,1341,453
2279,1,1172,267,1341,453
2279,0,540,348,713,529
2280,1,1173,265,1341,454
2280,0,539,349,714,530
2281,1,1173,264,1340,454
2281,0,540,350,715,530
2282,1,1171,266,1340,454
2282,0,539,352,716,530
2283,1,1171,267,1341,453
2283,0,539,353,715,530
2284,1,1172,268,1341,454
2284,0,539,353,716,530
2285,1,1172,268,1341,454
2285,0,540,353,717,530
2286,1,1171,267,1341,455
2286,0,540,353,717,530
2287,1,1171,266,1341,455
2287,0,540,354,716,530
2288,1,1171,266,1341,455
2288,0,540,353,716,531
2289,1,1171,267,1340,455
2289,0,540,352,716,532
2290,1,1171,267,1340,455
2290,0,540,352,716,532
2291,1,1170,268,1339,455
2291,0,539,353,716,532
2292,1,1170,267,1339,454
2292,0,540,353,715,532
2293,0,539,351,715,533
2293,1,1170,267,1338,454
2294,0,539,352,714,533
2294,1,1170,267,1338,454
2295,0,538,350,714,533
2295,1,1170,267,1338,454
2296,0,538,349,713,533
2296,1,1170,266,1338,454
2297,0,537,349,712,533
2297,1,1170,264,1338,454
2298,0,537,348,712,534
2298,1,1170,264,1338,454
2299,0,537,348,712,534
2299,1,1169,262,1338,454
2300,0,537,347,712,533
2300,1,1169,263,1337,454
2301,0,536,348,711,534
2301,1,1169,262,1337,454
2302,0,535,347,712,532
2302,1,1170,263,1337,454
2303,0,535,346,712,530
2303,1,1169,266,1337,454
2304,0,535,348,713,529
2304,1,1169,265,1337,454
2305,0,533,348,712,529
2305,1,1169,266,1337,454
2306,0,533,348,712,529
2306,1,1169,266,1337,454
2307,0,533,348,712,528
2307,1,1170,267,1337,453
2308,0,532,347,712,528
2308,1,1170,267,1338,453
2309,0,532,345,712,528
2309,1,1170,266,1338,455
2310,0,532,346,711,527
2310,1,1170,267,1338,454
2311,0,533,345,711,525
2311,1,1170,267,1338,454
2312,0,532,345,710,524
2312,1,1171,267,1339,454
2313,0,532,344,710,524
2313,1,1171,267,1339,453
2314,0,532,342,710,523
2314,1,1171,267,1340,453
2315,0,533,343,711,524
2315,1,1171,267,1340,453
2316,0,534,343,710,524
2316,1,1170,267,1340,453
2317,0,536,342,711,526
2317,1,1170,266,1340,454
2318,0,537,341,712,526
2318,1,1170,267,1339,454
2319,0,537,339,713,525
2319,1,1171,266,1339,453
2320,0,536,334,715,525
2320,1,1173,260,1339,454
2321,0,536,332,714,526
2321,1,1174,257,1340,454
2322,0,537,330,714,526
2322,1,1176,253,1341,453
2323,0,536,327,714,526
2323,1,1177,254,1343,453
2324,0,536,326,715,525
2324,1,1178,252,1344,453
2325,0,536,326,715,524
2325,1,1179,252,1344,453
2326,0,537,327,715,522
2326,1,1179,253,1344,452
2327,0,538,325,715,520
2327,1,1179,256,1344,453
2328,0,539,325,715,520
2328,1,1179,257,1343,451
2329,0,540,325,714,518
2329,1,1179,257,1343,449
2330,0,542,324,716,516
2330,1,1179,257,1343,449
2331,0,541,321,717,514
2331,1,1180,257,1343,450
2332,0,543,322,718,513
2332,1,1180,256,1343,450
2333,0,543,321,718,512
2333,1,1181,256,1343,448
2334,0,545,323,719,511
2334,1,1181,255,1343,448
2335,0,545,320,720,511
2335,1,1181,256,1343,450
2336,0,546,321,721,511
2336,1,1180,257,1344,451
2337,0,547,320,721,510
2337,1,1180,256,1343,452
2338,0,548,320,723,510
2338,1,1180,256,1342,452
2339,0,548,320,724,510
2339,1,1179,257,1343,453
2340,0,548,321,725,509
2340,1,1178,255,1342,452
2341,0,548,321,725,509
2341,1,1178,255,1342,451
2342,0,549,320,725,509
2342,1,1178,255,1342,451
2343,0,549,320,725,509
2343,1,1177,255,1342,452
2344,0,549,319,726,509
2344,1,1177,255,1341,453
2345,0,551,317,727,509
2345,1,1178,256,1342,452
2346,0,551,318,727,509
2346,1,1179,256,1342,452
2347,0,551,315,728,508
2347,1,1180,257,1342,449
2348,0,552,313,728,507
2348,1,1180,256,1342,449
2349,0,551,313,729,507
2349,1,1180,256,1343,450
2350,0,550,308,727,506
2350,1,1181,252,1346,451
2351,0,548,306,726,506
2351,1,1182,252,1346,448
2352,0,546,303,724,505
2352,1,1183,250,1348,447
2353,0,546,304,721,504
2353,1,1185,248,1348,445
2354,0,545,302,719,504
2354,1,1187,247,1352,444
2355,0,543,304,717,504
2355,1,1190,246,1352,443
2356,0,543,303,716,503
2356,1,1191,246,1352,443
2357,0,541,303,714,501
2357,1,1193,246,1355,442
2358,0,541,301,712,499
2358,1,1196,242,1357,442
2359,0,539,302,711,498
2359,1,1200,242,1360,441
2360,0,538,301,710,496
2360,1,1208,242,1367,442
2361,0,537,302,708,496
2361,1,1216,236,1375,441
2362,0,536,302,708,496
2362,1,1222,236,1380,439
2363,0,535,303,707,496
2363,1,1225,234,1383,437
2364,0,534,303,707,497
2364,1,1228,236,1387,436
2365,0,533,305,708,498
2365,1,1233,234,1392,434
2366,0,533,305,707,498
2366,1,1233,233,1393,437
2367,0,532,304,706,498
2367,1,1235,233,1394,434
2368,0,531,304,706,499
2368,1,1235,234,1393,433
2369,0,529,304,706,500
2369,1,1235,232,1391,429
2370,0,527,304,703,500
2370,1,1235,231,1389,429
2371,0,526,303,702,501
2371,1,1235,229,1389,427
2372,0,525,304,700,500
2372,1,1235,227,1388,426
2373,0,525,304,700,501
2373,1,1236,229,1389,432
2374,0,525,304,700,501
2374,1,1237,229,1388,429
2375,0,525,304,700,502
2375,1,1238,229,1390,426
2376,0,526,303,700,502
2376,1,1239,229,1390,424
2377,0,527,304,703,502
2377,1,1239,229,1391,425
2378,0,529,304,704,503
2378,1,1239,229,1391,427
2379,0,530,304,706,503
2379,1,1238,230,1390,427
2380,0,531,304,707,502
2380,1,1237,231,1389,428
2381,0,533,304,708,502
2381,1,1236,232,1390,430
2382,0,534,303,708,502
2382,1,1236,233,1388,430
2383,0,535,303,708,503
2383,1,1236,234,1387,429
2384,0,535,303,708,503
2384,1,1236,233,1387,431
2385,0,534,301,707,503
2385,1,1235,233,1388,432
2386,0,533,301,707,503
2386,1,1235,233,1388,432
2387,0,531,300,706,503
2387,1,1235,233,1388,433
2388,0,530,298,705,503
2388,1,1235,234,1387,434
2389,0,528,296,703,502
2389,1,1234,236,1388,434
2390,0,525,296,699,503
2390,1,1234,236,1388,435
2391,0,521,295,695,503
2391,1,1233,235,1387,436
2392,0,517,290,690,500
2392,1,1233,235,1388,437
2393,0,513,287,686,497
2393,1,1233,236,1388,439
2394,0,510,285,682,497
2394,1,1233,236,1388,436
2395,0,504,286,675,493
2395,1,1233,237,1388,434
2396,0,502,286,673,493
2396,1,1233,237,1389,434
2397,0,497,285,668,491
2397,1,1233,238,1389,435
2398,0,493,284,665,492
2398,1,1233,238,1390,437
2399,0,492,285,665,492
2399,1,1233,240,1390,438
2400,0,488,286,662,493
2400,1,1233,240,1391,438
2401,0,486,286,658,492
2401,1,1233,241,1392,436
2402,0,481,286,656,495
2402,1,1232,241,1392,438
2403,0,479,289,654,496
2403,1,1231,242,1392,438
2404,0,475,285,653,497
2404,1,1231,241,1391,438
2405,0,472,291,650,497
2405,1,1231,241,1391,439
2406,0,470,294,648,497
2406,1,1231,242,1391,441
2407,0,469,302,643,494
2407,1,1231,241,1391,440
2408,0,465,307,641,492
2408,1,1230,238,1390,440
2409,1,1230,237,1390,440
2409,0,464,313,636,491
2410,1,1229,236,1389,437
2410,0,452,316,628,492
2411,1,1229,234,1389,435
2411,0,447,317,623,493
2412,1,1229,233,1389,434
2412,0,442,323,616,494
2413,1,1229,233,1389,433
2413,0,439,324,612,496
2414,1,1230,232,1390,431
2414,0,428,324,607,496
2415,1,1231,231,1391,431
2415,0,419,323,596,499
2416,1,1230,230,1392,429
2416,0,417,321,592,497
2417,1,1232,226,1393,425
2417,0,406,321,580,493
2418,1,1233,223,1394,426
2418,0,398,321,572,500
2419,1,1234,219,1395,424
2419,0,395,317,564,496
2420,0,375,315,555,509
2420,1,1235,214,1397,426
2421,1,1237,214,1399,421
2421,0,364,318,538,512
2422,1,1239,210,1403,422
2422,0,347,317,518,515
2423,1,1241,209,1405,423
2423,0,339,320,507,520
2424,1,1245,209,1407,419
2424,0,328,322,490,520
2425,1,1248,205,1409,416
2425,0,315,329,465,521
2426,1,1249,205,1411,417
2426,0,306,328,458,520
2427,1,1251,202,1415,416
2427,0,287,334,441,524
2428,1,1256,200,1418,416
2428,0,276,340,432,527
2429,1,1259,199,1421,415
2429,0,261,343,420,529
2430,1,1262,197,1424,411
2430,0,236,354,393,534
2431,1,1263,195,1428,412
2431,0,216,367,374,538
2432,1,1266,194,1430,408
2432,0,188,363,355,550
2433,1,1268,194,1430,405
2433,0,177,377,344,554
2434,1,1269,193,1431,404
2434,0,157,380,327,560
2435,1,1271,194,1432,402
2435,0,130,400,303,566
2436,1,1271,193,1432,401
2436,0,126,402,299,570
2437,0,100,421,320,605
2437,1,1273,192,1432,401
2438,0,84,403,340,618
2438,1,1274,192,1433,402
2439,0,61,419,323,620
2439,1,1275,192,1434,400
2440,1,1279,191,1438,399
2441,0,14,471,207,653
2441,1,1282,191,1440,400
2442,0,0,485,184,671
2442,1,1284,192,1443,400
2443,1,1285,189,1444,401
2443,0,0,494,168,678
2444,1,1286,188,1445,400
2444,0,0,505,163,683
2445,0,0,516,167,690
2445,1,1286,185,1447,399
2446,0,0,514,168,694
2446,1,1288,184,1447,398
2447,1,1287,183,1447,399
2448,0,0,524,162,693
2448,1,1287,183,1446,398
2449,1,1287,181,1446,398
2450,1,1286,180,1447,397
2450,0,0,519,164,685
2451,1,1285,179,1447,398
2452,1,1285,179,1447,397
2453,1,1285,179,1447,398
2453,0,0,474,192,643
2454,1,1285,180,1447,398
2454,0,16,455,198,625
2455,1,1285,180,1447,398
2455,0,38,427,213,600
2456,1,1285,181,1447,399
2456,0,47,416,225,593
2457,0,75,389,270,579
2457,1,1285,179,1447,399
2458,0,100,377,291,564
2458,1,1284,180,1447,399
2459,0,123,365,309,557
2459,1,1285,180,1447,399
2460,0,155,345,337,545
2460,1,1285,181,1447,399
2461,1,1286,182,1447,400
2461,0,189,326,365,523
2462,0,220,316,395,517
2462,1,1285,184,1447,400
2463,0,241,311,412,519
2463,1,1285,186,1448,402
2464,0,254,310,427,515
2464,1,1286,186,1449,402
2465,0,278,295,449,504
2465,1,1286,188,1449,404
2466,0,286,292,457,502
2466,1,1286,188,1449,404
2467,0,305,282,477,502
2467,1,1287,189,1449,404
2468,0,318,279,489,501
2468,1,1286,189,1449,404
2469,0,328,275,501,496
2469,1,1285,191,1447,404
2470,0,349,271,521,494
2470,1,1283,190,1444,403
2471,0,366,267,540,488
2471,1,1277,193,1438,408
2472,0,383,262,556,483
2472,1,1272,193,1433,409
2473,0,395,266,566,482
2473,1,1269,193,1430,413
2474,0,402,268,575,479
2474,1,1266,197,1424,415
2475,0,415,269,588,480
2475,1,1262,199,1420,419
2476,0,419,272,591,481
2476,1,1260,202,1419,420
2477,0,425,274,599,480
2477,1,1257,204,1413,420
2478,0,427,277,605,480
2478,1,1256,203,1412,421
2479,0,432,276,607,475
2479,1,1254,205,1411,421
2480,1,1253,208,1409,421
2480,0,439,279,612,471
2481,1,1251,210,1408,421
2481,0,443,278,615,468
2482,0,445,276,620,467
2482,1,1251,212,1407,422
2483,0,448,276,625,466
2483,1,1249,213,1406,423
2484,0,451,275,628,468
2484,1,1248,213,1406,425
2485,0,454,276,631,470
2485,1,1246,216,1405,428
2486,0,455,275,633,471
2486,1,1246,217,1404,429
2487,0,461,274,637,469
2487,1,1245,222,1403,429
2488,0,463,275,638,470
2488,1,1243,225,1402,431
2489,0,466,274,640,472
2489,1,1242,226,1401,429
2490,0,469,274,644,475
2490,1,1239,233,1398,431
2491,0,472,274,648,477
2491,1,1235,237,1393,431
2492,0,474,274,650,477
2492,1,1230,238,1390,436
2493,0,475,273,650,478
2493,1,1227,240,1385,436
2494,0,475,274,650,478
2494,1,1224,242,1383,434
2495,0,475,273,650,479
2495,1,1219,246,1377,436
2496,0,474,273,650,479
2496,1,1217,248,1374,436
2497,0,473,274,650,479
2497,1,1212,250,1367,436
2498,0,473,274,650,479
2498,1,1211,250,1365,437
2499,0,473,273,650,479
2499,1,1209,249,1364,438
2500,0,473,273,651,483
2500,1,1207,251,1364,438
2501,0,473,273,649,483
2501,1,1206,251,1364,438
2502,0,473,276,648,482
2502,1,1203,255,1361,441
2503,0,471,277,646,481
2503,1,1202,256,1363,441
2504,0,469,278,643,482
2504,1,1202,256,1363,442
2505,0,467,277,640,479
2505,1,1202,254,1362,441
2506,0,465,276,639,478
2506,1,1201,254,1361,443
2507,0,462,274,637,478
2507,1,1202,252,1360,447
2508,0,459,274,635,478
2508,1,1202,251,1363,452
2509,0,458,273,634,479
2509,1,1203,249,1366,449
2510,0,458,274,634,480
2510,1,1205,248,1364,443
2511,0,457,277,634,481
2511,1,1207,248,1363,442
2512,0,458,277,634,480
2512,1,1208,246,1365,442
2513,0,459,277,633,480
2513,1,1209,246,1365,443
2514,0,459,277,633,479
2514,1,1210,247,1365,442
2515,0,459,277,634,475
2515,1,1210,246,1365,442
2516,0,459,277,633,477
2516,1,1210,246,1365,442
2517,0,458,276,633,477
2517,1,1211,245,1366,441
2518,0,457,276,632,477
2518,1,1211,245,1366,441
2519,0,456,278,631,476
2519,1,1210,244,1365,441
2520,0,453,277,627,477
2520,1,1209,243,1366,440
2521,0,449,281,624,478
2521,1,1209,243,1366,439
2522,0,445,281,621,477
2522,1,1208,243,1366,438
2523,0,442,282,617,478
2523,1,1208,243,1366,436
2524,0,440,283,614,474
2524,1,1208,243,1366,437
2525,0,433,282,610,476
2525,1,1207,244,1366,438
2526,0,428,281,609,477
2526,1,1207,244,1366,437
2527,0,423,281,605,474
2527,1,1207,244,1366,439
2528,0,421,284,602,479
2528,1,1207,243,1366,436
2529,0,423,285,601,479
2529,1,1207,243,1366,441
2530,0,423,287,600,480
2530,1,1207,244,1366,443
2531,0,424,290,600,482
2531,1,1208,244,1367,445
2532,0,425,290,601,484
2532,1,1208,242,1367,445
2533,0,425,293,602,483
2533,1,1208,241,1367,445
2534,0,425,294,601,484
2534,1,1209,241,1368,446
2535,0,422,293,600,482
2535,1,1208,239,1367,448
2536,0,420,291,599,483
2536,1,1208,239,1367,449
2537,0,417,290,596,484
2537,1,1208,238,1367,448
2538,0,415,291,593,484
2538,1,1209,241,1366,448
2539,0,411,290,591,484
2539,1,1209,240,1366,447
2540,0,411,290,589,486
2540,1,1209,239,1366,447
2541,0,410,288,588,486
2541,1,1209,238,1367,446
2542,0,408,287,587,485
2542,1,1210,236,1366,445
2543,0,407,285,587,484
2543,1,1209,235,1365,446
2544,0,407,286,587,484
2544,1,1209,237,1363,446
2545,0,407,286,587,483
2545,1,1209,238,1363,449
2546,0,407,285,588,484
2546,1,1208,238,1364,450
2547,0,409,288,588,486
2547,1,1208,240,1364,448
2548,0,412,291,589,485
2548,1,1207,239,1364,445
2549,0,412,291,589,489
2549,1,1207,240,1365,441
2550,0,413,292,591,491
2550,1,1208,239,1365,438
2551,0,414,293,593,493
2551,1,1209,240,1365,438
2552,0,418,292,595,497
2552,1,1209,243,1367,436
2553,0,418,292,597,497
2553,1,1210,244,1368,437
2554,0,419,288,599,495
2554,1,1210,245,1367,439
2555,0,420,289,602,497
2555,1,1211,246,1367,440
2556,0,420,289,603,498
2556,1,1211,244,1368,440
2557,0,423,285,605,500
2557,1,1212,245,1369,438
2558,0,425,285,607,501
2558,1,1212,246,1370,441
2559,0,428,286,608,497
2559,1,1213,247,1370,440
2560,0,433,287,611,493
2560,1,1213,248,1369,439
2561,0,437,288,614,492
2561,1,1213,248,1369,440
2562,0,440,286,618,494
2562,1,1212,248,1369,440
2563,0,444,285,621,493
2563,1,1212,248,1368,441
2564,0,446,281,625,491
2564,1,1211,248,1367,440
2565,0,452,283,629,489
2565,1,1211,248,1367,440
2566,0,453,281,629,488
2566,1,1211,248,1367,439
2567,0,458,276,633,483
2567,1,1211,248,1367,438
2568,0,459,273,635,482
2568,1,1211,249,1366,439
2569,0,461,268,638,480
2569,1,1211,250,1366,440
2570,0,464,263,640,482
2570,1,1211,251,1365,441
2571,0,466,262,642,479
2571,1,1210,251,1365,440
2572,0,468,262,643,477
2572,1,1210,250,1365,441
2573,0,469,263,643,475
2573,1,1209,249,1365,442
2574,0,469,263,644,474
2574,1,1209,250,1365,441
2575,0,469,264,644,473
2575,1,1209,250,1365,443
2576,0,469,264,644,472
2576,1,1209,250,1365,443
2577,0,470,267,644,473
2577,1,1208,250,1365,442
2578,0,471,268,644,473
2578,1,1207,250,1364,442
2579,0,470,268,644,472
2579,1,1207,250,1363,440
2580,0,470,268,644,472
2580,1,1207,250,1362,437
2581,0,468,268,644,471
2581,1,1206,249,1362,437
2582,0,467,268,643,470
2582,1,1206,249,1362,438
2583,0,469,269,644,470
2583,1,1206,249,1362,438
2584,0,468,268,644,470
2584,1,1206,248,1362,438
2585,0,468,269,644,470
2585,1,1206,247,1362,438
2586,0,467,269,644,471
2586,1,1206,248,1363,437
2587,0,468,269,643,470
2587,1,1205,247,1364,436
2588,0,468,268,642,468
2588,1,1206,246,1364,436
2589,0,467,268,642,467
2589,1,1206,246,1364,436
2590,0,467,268,642,467
2590,1,1206,245,1365,436
2591,0,469,269,642,468
2591,1,1206,245,1364,436
2592,0,471,271,644,471
2592,1,1205,245,1364,436
2593,0,472,271,645,469
2593,1,1205,245,1364,436
2594,0,473,272,647,469
2594,1,1205,245,1364,436
2595,0,474,273,649,469
2595,1,1205,245,1364,437
2596,0,475,272,649,469
2596,1,1205,245,1364,437
2597,0,479,273,651,468
2597,1,1205,245,1364,438
2598,0,480,273,653,470
2598,1,1205,246,1363,440
2599,0,482,276,656,469
2599,1,1205,246,1364,441
2600,0,484,275,659,471
2600,1,1204,245,1364,440
2601,0,486,276,660,471
2601,1,1205,245,1364,440
2602,0,489,275,662,473
2602,1,1206,244,1364,440
2603,0,490,273,662,472
2603,1,1206,243,1364,439
2604,0,492,271,663,474
2604,1,1206,241,1365,438
2605,0,493,270,664,475
2605,1,1206,239,1365,436
2606,0,493,269,664,476
2606,1,1206,239,1365,438
2607,0,494,266,665,477
2607,1,1206,237,1365,436
2608,0,495,265,666,476
2608,1,1206,236,1364,436
2609,0,495,263,666,475
2609,1,1206,237,1364,436
2610,0,495,263,667,476
2610,1,1205,238,1365,435
2611,0,495,262,666,475
2611,1,1205,238,1365,436
2612,0,494,262,665,473
2612,1,1204,236,1365,439
2613,0,493,262,664,474
2613,1,1204,235,1364,440
2614,0,493,262,664,474
2614,1,1204,235,1364,441
2615,0,492,260,664,471
2615,1,1204,235,1364,440
2616,0,492,259,663,471
2616,1,1203,233,1364,439
2617,0,491,256,662,472
2617,1,1203,235,1363,439
2618,0,491,258,662,471
2618,1,1202,235,1364,440
2619,0,490,258,661,471
2619,1,1202,237,1363,439
2620,0,488,257,660,470
2620,1,1201,237,1363,439
2621,0,487,256,660,470
2621,1,1201,237,1361,440
2622,0,487,254,661,468
2622,1,1201,239,1361,440
2623,0,487,252,661,469
2623,1,1201,240,1361,441
2624,0,488,251,661,469
2624,1,1201,241,1360,441
2625,0,488,247,661,468
2625,1,1201,241,1360,442
2626,0,488,248,661,468
2626,1,1200,241,1361,442
2627,0,488,245,662,468
2627,1,1201,242,1360,441
2628,0,488,243,663,467
2628,1,1201,243,1361,440
2629,0,487,241,662,467
2629,1,1201,243,1361,440
2630,0,486,242,660,466
2630,1,1201,242,1360,441
2631,0,487,241,660,466
2631,1,1201,243,1360,441
2632,0,485,241,659,466
2632,1,1201,242,1360,441
2633,0,485,241,659,466
2633,1,1201,242,1360,441
2634,0,484,239,658,465
2634,1,1200,243,1360,441
2635,0,480,239,655,464
2635,1,1200,242,1359,441
2636,0,479,238,655,462
2636,1,1200,242,1359,441
2637,0,476,238,651,463
2637,1,1200,243,1359,440
2638,0,473,241,648,461
2638,1,1200,242,1359,440
2639,0,471,238,646,459
2639,1,1200,242,1359,440
2640,0,469,236,642,457
2640,1,1200,242,1360,441
2641,0,465,234,639,454
2641,1,1200,243,1360,441
2642,0,460,227,636,450
2642,1,1200,243,1360,441
2643,0,458,225,633,449
2643,1,1200,242,1361,441
2644,0,457,222,632,448
2644,1,1200,242,1360,440
2645,0,456,218,630,447
2645,1,1200,242,1361,440
2646,0,456,217,630,446
2646,1,1201,243,1362,440
2647,0,456,215,630,444
2647,1,1202,240,1363,439
2648,0,456,213,631,444
2648,1,1202,240,1363,439
2649,0,456,212,632,444
2649,1,1203,240,1363,438
2650,0,458,213,633,445
2650,1,1205,238,1363,437
2651,0,461,214,634,443
2651,1,1206,238,1365,438
2652,0,464,215,637,442
2652,1,1206,237,1365,437
2653,0,467,213,641,442
2653,1,1207,238,1365,437
2654,0,469,214,643,443
2654,1,1207,238,1366,436
2655,0,472,215,647,448
2655,1,1208,238,1366,434
2656,0,473,215,647,449
2656,1,1208,238,1366,436
2657,0,472,218,647,449
2657,1,1209,238,1367,437
2658,0,472,219,646,450
2658,1,1209,238,1366,439
2659,0,470,220,644,449
2659,1,1210,237,1366,439
2660,0,469,219,644,448
2660,1,1210,238,1366,441
2661,0,468,218,643,449
2661,1,1210,237,1367,444
2662,0,468,220,643,450
2662,1,1209,237,1368,446
2663,0,468,221,643,451
2663,1,1209,240,1368,446
2664,0,469,224,643,453
2664,1,1209,240,1367,445
2665,0,470,227,643,456
2665,1,1210,242,1366,446
2666,0,470,227,643,457
2666,1,1210,242,1367,447
2667,0,471,228,642,457
2667,1,1211,239,1370,448
2668,0,471,228,642,456
2668,1,1213,235,1369,445
2669,0,470,228,641,455
2669,1,1215,230,1373,444
2670,0,470,228,641,455
2670,1,1218,225,1375,441
2671,0,469,227,639,455
2671,1,1220,223,1378,444
2672,0,467,225,639,457
2672,1,1223,222,1381,444
2673,0,467,229,638,456
2673,1,1224,223,1381,442
2674,0,465,230,637,455
2674,1,1224,223,1382,439
2675,0,464,230,636,455
2675,1,1226,224,1384,439
2676,0,465,230,637,455
2676,1,1227,223,1384,438
2677,0,463,229,636,455
2677,1,1227,222,1385,438
2678,0,461,229,635,454
2678,1,1228,222,1386,437
2679,0,460,228,633,453
2679,1,1228,220,1386,436
2680,0,457,228,631,454
2680,1,1230,219,1387,435
2681,0,454,229,630,456
2681,1,1233,216,1392,435
2682,0,454,232,629,457
2682,1,1234,218,1395,434
2683,0,454,231,629,457
2683,1,1237,218,1398,435
2684,0,454,232,629,457
2684,1,1239,217,1399,435
2685,0,454,232,628,455
2685,1,1240,222,1401,435
2686,0,454,232,628,455
2686,1,1241,224,1401,435
2687,0,454,232,628,456
2687,1,1242,225,1403,435
2688,0,455,231,628,457
2688,1,1242,226,1404,434
2689,0,454,231,628,457
2689,1,1243,226,1404,435
2690,0,454,233,627,455
2690,1,1245,228,1405,435
2691,0,454,236,627,456
2691,1,1245,232,1405,435
2692,0,454,239,626,458
2692,1,1246,233,1405,435
2693,0,454,241,626,459
2693,1,1245,233,1405,435
2694,0,453,241,625,459
2694,1,1245,233,1405,435
2695,0,451,242,623,461
2695,1,1245,234,1404,437
2696,0,449,242,622,461
2696,1,1244,234,1404,437
2697,0,447,243,619,462
2697,1,1243,237,1404,441
2698,0,445,239,617,462
2698,1,1242,237,1402,447
2699,0,442,238,616,462
2699,1,1239,237,1400,445
2700,0,438,238,612,455
2700,1,1236,238,1397,447
2701,0,435,237,609,454
2701,1,1232,239,1393,444
2702,0,431,237,605,454
2702,1,1229,241,1391,446
2703,0,429,236,605,454
2703,1,1228,243,1390,449
2704,0,426,236,603,454
2704,1,1227,243,1390,450
2705,0,426,238,600,460
2705,1,1226,243,1389,450
2706,0,426,238,599,456
2706,1,1226,242,1389,450
2707,0,425,237,597,460
2707,1,1226,242,1390,450
2708,0,425,237,597,456
2708,1,1226,241,1390,450
2709,0,424,237,597,456
2709,1,1228,245,1391,447
2710,0,425,235,597,456
2710,1,1229,242,1393,451
2711,0,425,238,598,457
2711,1,1236,244,1397,450
2712,0,425,238,600,457
2712,1,1239,242,1400,451
2713,0,426,239,600,457
2713,1,1243,245,1403,451
2714,0,426,238,601,456
2714,1,1246,242,1406,450
2715,0,426,239,601,456
2715,1,1249,243,1409,450
2716,0,427,239,601,457
2716,1,1251,243,1410,450
2717,0,428,241,602,456
2717,1,1254,240,1415,448
2718,0,429,242,602,455
2718,1,1255,241,1418,446
2719,0,428,241,602,457
2719,1,1258,240,1418,445
2720,0,429,240,602,460
2720,1,1257,239,1418,445
2721,0,428,241,602,458
2721,1,1254,241,1415,445
2722,0,428,243,602,459
2722,1,1250,239,1410,446
2723,0,429,244,602,458
2723,1,1247,243,1407,446
2724,0,429,243,602,459
2724,1,1242,248,1403,447
2725,0,429,243,603,460
2725,1,1237,247,1399,447
2726,0,428,243,603,459
2726,1,1236,249,1397,446
2727,0,429,242,603,462
2727,1,1233,248,1396,447
2728,0,430,243,604,459
2728,1,1233,249,1396,447
2729,0,431,245,604,459
2729,1,1233,247,1396,447
2730,0,431,247,604,462
2730,1,1234,247,1396,447
2731,0,432,246,605,464
2731,1,1235,249,1396,446
2732,0,433,248,606,462
2732,1,1235,246,1397,445
2733,0,433,248,606,461
2733,1,1235,248,1397,444
2734,0,433,248,607,462
2734,1,1235,244,1396,443
2735,0,434,248,608,462
2735,1,1235,239,1396,443
2736,0,435,247,608,462
2736,1,1235,239,1396,444
2737,0,436,248,609,462
2737,1,1233,236,1397,442
2738,0,436,247,610,464
2738,1,1234,236,1394,443
2739,0,437,247,610,465
2739,1,1231,235,1392,442
2740,0,437,249,610,467
2740,1,1227,234,1387,446
2741,0,437,253,610,468
2741,1,1223,238,1382,448
2742,0,437,249,610,464
2742,1,1216,237,1378,449
2743,0,437,246,611,464
2743,1,1213,235,1374,449
2744,0,438,245,612,466
2744,1,1209,236,1372,448
2745,0,439,245,612,467
2745,1,1206,228,1368,442
2746,0,440,245,613,470
2746,1,1206,227,1366,440
2747,0,444,247,616,472
2747,1,1204,218,1365,435
2748,0,446,249,618,474
2748,1,1202,215,1364,432
2749,0,448,247,621,474
2749,1,1202,209,1364,428
2750,0,452,248,626,471
2750,1,1202,201,1364,423
2751,0,456,250,628,469
2751,1,1202,194,1367,423
2752,0,457,250,629,470
2752,1,1204,193,1369,419
2753,0,457,250,629,470
2753,1,1206,190,1371,416
2754,0,457,250,629,469
2754,1,1208,189,1372,414
2755,0,458,249,630,471
2755,1,1213,186,1378,413
2756,0,457,248,631,471
2756,1,1214,186,1379,411
2757,0,458,246,631,476
2757,1,1221,184,1384,411
2758,0,461,247,634,479
2758,1,1226,183,1388,408
2759,0,462,246,635,477
2759,1,1229,180,1392,408
2760,0,463,248,638,477
2760,1,1236,178,1400,406
2761,0,467,250,640,478
2761,1,1248,177,1406,407
2762,0,471,254,642,477
2762,1,1257,175,1416,407
2763,0,471,254,644,474
2763,1,1262,177,1423,405
2764,0,473,253,647,474
2764,1,1268,178,1428,405
2765,0,474,256,649,475
2765,1,1274,180,1435,402
2766,0,474,256,649,474
2766,1,1275,179,1438,401
2767,0,475,258,650,473
2767,1,1284,178,1445,401
2768,0,474,260,650,472
2768,1,1290,175,1448,399
2769,0,474,262,649,472
2769,1,1296,174,1454,398
2770,0,471,263,645,475
2770,1,1304,176,1465,395
2771,0,467,260,642,474
2771,1,1314,176,1475,393
2772,0,463,258,638,472
2772,1,1323,174,1487,392
2773,0,461,258,637,467
2773,1,1329,175,1492,392
2774,1,1332,173,1498,396
2774,0,460,257,634,468
2775,0,457,257,632,472
2775,1,1340,173,1504,397
2776,0,456,257,631,472
2776,1,1341,174,1506,399
2777,0,455,256,630,474
2777,1,1345,175,1510,403
2778,0,454,256,630,474
2778,1,1346,176,1510,405
2779,0,455,257,630,474
2779,1,1347,178,1510,406
2780,0,455,257,630,473
2780,1,1345,180,1506,402
2781,0,457,256,632,473
2781,1,1343,180,1503,398
2782,0,461,258,634,470
2782,1,1337,179,1495,395
2783,0,464,258,637,473
2783,1,1331,177,1490,398
2784,0,467,259,640,471
2784,1,1326,179,1484,398
2785,0,475,260,649,475
2785,1,1319,178,1475,399
2786,0,478,262,652,476
2786,1,1316,178,1472,400
2787,0,491,261,661,478
2787,1,1302,180,1456,401
2788,0,503,265,668,478
2788,1,1292,181,1447,403
2789,0,511,265,677,479
2789,1,1281,185,1436,406
2790,0,525,267,685,480
2790,1,1270,187,1425,407
2791,0,532,264,694,482
2791,1,1258,187,1414,409
2792,1,1249,187,1405,410
2792,0,539,266,701,482
2793,0,543,269,706,485
2793,1,1243,189,1399,412
2794,0,548,270,709,487
2794,1,1239,192,1395,413
2795,1,1233,195,1391,415
2795,0,553,271,712,487
2796,1,1232,195,1390,415
2796,0,554,272,715,488
2797,0,559,273,719,489
2797,1,1231,199,1390,415
2798,0,561,270,722,488
2798,1,1231,201,1391,417
2799,1,1232,199,1394,417
2799,0,564,274,726,487
2800,1,1237,198,1397,418
2800,0,571,276,730,487
2801,1,1242,198,1404,419
2801,0,573,277,733,487
2802,1,1247,199,1406,422
2802,0,573,276,735,487
2803,1,1249,199,1408,422
2803,0,574,277,736,488
2804,1,1251,197,1410,422
2804,0,575,283,736,489
2805,1,1255,197,1416,423
2805,0,576,284,737,492
2806,1,1257,195,1418,423
2806,0,577,281,738,492
2807,1,1264,195,1423,424
2807,0,577,287,740,496
2808,1,1268,196,1426,420
2808,0,578,291,741,499
2809,1,1272,195,1431,415
2809,0,578,296,742,501
2810,1,1275,192,1436,414
2810,0,576,301,740,505
2811,1,1282,194,1440,413
2811,0,576,307,736,512
2812,1,1288,193,1445,407
2812,0,574,317,734,517
2813,1,1292,192,1449,405
2813,0,574,320,734,520
2814,1,1296,192,1451,404
2814,0,573,322,732,522
2815,1,1298,189,1454,407
2815,0,568,327,732,525
2816,1,1299,191,1455,407
2816,0,568,328,732,526
2817,1,1302,194,1460,409
2817,0,567,330,730,528
2818,1,1304,195,1461,409
2818,0,567,334,729,530
2819,1,1305,196,1462,409
2819,0,566,337,728,533
2820,1,1306,197,1463,410
2820,0,566,340,728,535
2821,1,1306,198,1463,412
2821,0,568,344,728,537
2822,1,1304,202,1460,411
2822,0,570,353,730,540
2823,1,1302,204,1458,410
2823,0,573,354,733,540
2824,1,1299,206,1455,409
2824,0,577,350,739,540
2825,1,1296,207,1452,410
2825,0,582,352,748,539
2826,0,584,350,752,540
2826,1,1295,208,1450,411
2827,0,590,350,758,543
2827,1,1288,211,1445,415
2828,1,1284,211,1440,414
2828,0,595,357,761,544
2829,1,1280,212,1435,418
2829,0,599,358,766,548
2830,1,1272,213,1429,421
2830,0,605,371,771,554
2831,1,1266,212,1424,424
2831,0,608,377,777,562
2832,1,1261,213,1419,423
2832,0,616,385,783,570
2833,1,1258,213,1415,425
2833,0,621,391,785,574
2834,1,1255,214,1412,427
2834,0,628,395,794,578
2835,1,1250,212,1408,429
2835,0,635,399,805,586
2836,1,1249,213,1407,429
2836,0,637,400,809,586
2837,1,1244,216,1403,428
2837,0,644,399,815,588
2838,1,1243,217,1403,429
2838,0,651,395,818,588
2839,1,1241,216,1402,429
2839,0,655,394,823,588
2840,1,1239,221,1399,433
2840,0,659,395,830,587
2841,1,1238,224,1398,436
2841,0,659,407,831,589
2842,1,1237,228,1397,437
2842,0,660,409,832,590
2843,1,1237,229,1396,438
2843,0,661,409,832,589
2844,1,1236,231,1396,437
2844,0,661,411,830,590
2845,1,1235,229,1396,436
2845,0,661,411,829,590
2846,1,1235,228,1396,436
2846,0,659,410,828,590
2847,1,1235,228,1395,436
2847,0,656,406,824,590
2848,1,1235,229,1395,436
2848,0,655,404,822,589
2849,1,1235,229,1396,435
2849,0,654,407,821,589
2850,1,1235,227,1396,434
2850,0,653,401,821,589
2851,1,1235,227,1396,434
2851,0,651,410,818,593
2852,1,1234,227,1396,434
2852,0,652,413,820,597
2853,1,1233,227,1395,434
2853,0,654,419,821,598
2854,1,1233,228,1395,435
2854,0,654,417,823,599
2855,1,1232,229,1393,436
2855,0,656,425,827,601
2856,1,1232,230,1393,437
2856,0,656,429,827,603
2857,1,1232,230,1392,438
2857,0,656,430,827,606
2858,1,1231,232,1392,438
2858,0,656,433,830,608
2859,1,1231,232,1392,438
2859,0,657,437,831,610
2860,1,1230,233,1391,438
2860,0,657,439,829,614
2861,1,1229,234,1390,438
2861,0,658,449,831,614
2862,1,1228,233,1389,440
2862,0,661,456,829,616
2863,1,1228,234,1389,440
2863,0,663,456,831,617
2864,1,1228,234,1389,440
2864,0,663,457,832,617
2865,1,1227,234,1388,440
2865,0,667,464,830,619
2866,1,1227,233,1388,441
2866,0,670,460,833,619
2867,1,1226,233,1387,442
2867,0,675,470,840,617
2868,1,1225,233,1386,442
2868,0,679,468,841,618
2869,1,1224,232,1385,442
2869,0,679,465,838,619
2870,1,1224,232,1386,442
2870,0,685,470,845,620
2871,1,1225,232,1387,442
2871,0,691,476,847,623
2872,1,1225,231,1388,441
2872,0,691,476,843,625
2873,1,1226,231,1388,441
2873,0,692,474,846,625
2874,1,1226,230,1388,441
2874,0,694,478,845,625
2875,1,1226,230,1388,440
2875,0,693,476,846,625
2876,1,1226,230,1388,440
2876,0,692,477,845,624
2877,1,1226,230,1388,440
2877,0,692,477,845,624
2878,1,1226,230,1388,439
2878,0,691,474,845,625
2879,1,1227,229,1388,438
2879,0,693,475,844,624
2880,1,1227,229,1388,440
2880,0,689,473,844,622
2881,1,1228,230,1391,442
2881,0,687,467,845,619
2882,1,1230,230,1392,443
2882,0,681,466,841,615
2883,1,1231,229,1394,444
2883,0,674,463,834,615
2884,1,1231,230,1395,444
2884,0,666,461,824,613
2885,1,1231,229,1394,444
2885,0,651,437,816,605
2886,1,1231,228,1395,443
2886,0,646,426,818,602
2887,1,1232,229,1397,440
2887,0,639,403,815,593
2888,0,630,394,812,586
2888,1,1234,229,1398,439
2889,0,624,389,807,577
2889,1,1235,228,1398,438
2890,0,616,379,799,570
2890,1,1237,230,1399,436
2891,0,611,365,792,563
2891,1,1237,231,1399,435
2892,0,605,352,786,558
2892,1,1237,232,1398,436
2893,0,602,347,783,554
2893,1,1235,234,1398,436
2894,0,598,338,780,551
2894,1,1234,232,1397,437
2895,0,591,327,773,547
2895,1,1232,237,1395,439
2896,0,590,323,771,546
2896,1,1232,237,1395,440
2897,0,585,316,762,539
2897,1,1229,238,1392,441
2898,0,582,312,758,533
2898,1,1227,237,1390,441
2899,0,574,308,752,530
2899,1,1225,239,1389,443
2900,0,564,298,739,522
2900,1,1222,239,1387,443
2901,0,553,293,730,514
2901,1,1218,239,1384,445
2902,0,542,286,715,505
2902,1,1216,239,1382,445
2903,0,533,287,707,503
2903,1,1214,239,1381,445
2904,0,524,283,702,502
2904,1,1212,242,1380,446
2905,0,515,278,690,500
2905,1,1211,243,1378,447
2906,0,512,277,686,498
2906,1,1210,242,1378,447
2907,0,504,274,678,493
2907,1,1209,240,1377,446
2908,0,497,275,670,493
2908,1,1208,239,1377,446
2909,0,495,269,666,492
2909,1,1208,238,1377,447
2910,0,490,269,660,490
2910,1,1208,236,1378,446
2911,0,484,269,656,489
2911,1,1209,235,1378,446
2912,0,480,268,653,488
2912,1,1211,237,1380,445
2913,0,478,267,649,489
2913,1,1212,235,1380,445
2914,0,475,265,648,490
2914,1,1213,236,1381,445
2915,0,473,267,643,491
2915,1,1216,236,1383,445
2916,0,472,267,643,488
2916,1,1217,236,1384,446
2917,0,469,266,641,483
2917,1,1220,238,1385,445
2918,0,470,266,640,483
2918,1,1223,240,1386,444
2919,0,469,265,638,483
2919,1,1224,240,1388,444
2920,0,469,264,636,485
2920,1,1226,238,1390,444
2921,0,468,265,636,486
2921,1,1229,241,1391,445
2922,0,468,265,636,487
2922,1,1229,241,1393,448
2923,0,468,265,635,487
2923,1,1230,242,1394,448
2924,0,468,265,636,487
2924,1,1231,241,1395,448
2925,0,469,265,637,486
2925,1,1233,241,1396,447
2926,0,469,264,637,486
2926,1,1233,240,1398,447
2927,0,471,266,640,486
2927,1,1235,239,1400,447
2928,0,472,266,641,486
2928,1,1236,238,1401,447
2929,0,472,267,642,488
2929,1,1237,240,1401,448
2930,0,472,270,643,493
2930,1,1239,241,1404,449
2931,0,470,273,644,493
2931,1,1240,243,1404,450
2932,0,471,273,644,493
2932,1,1243,244,1406,450
2933,0,470,273,644,491
2933,1,1244,243,1407,450
2934,0,470,274,644,491
2934,1,1246,247,1408,450
2935,0,470,273,643,492
2935,1,1247,245,1409,451
2936,0,470,272,644,491
2936,1,1248,245,1409,452
2937,0,471,272,644,491
2937,1,1249,248,1410,452
2938,0,473,270,646,489
2938,1,1249,247,1410,452
2939,0,476,267,648,490
2939,1,1249,245,1410,452
2940,0,480,264,652,489
2940,1,1249,243,1411,451
2941,0,485,264,653,486
2941,1,1249,241,1411,449
2942,0,488,261,655,487
2942,1,1249,241,1410,448
2943,0,488,263,656,490
2943,1,1249,241,1410,447
2944,0,490,261,657,489
2944,1,1248,240,1410,447
2945,0,492,262,659,488
2945,1,1247,242,1409,449
2946,0,491,268,659,488
2946,1,1246,241,1408,449
2947,0,492,268,660,489
2947,1,1244,241,1407,450
2948,0,492,269,661,489
2948,1,1242,241,1405,450
2949,0,493,271,661,491
2949,1,1240,242,1404,449
2950,0,494,273,661,493
2950,1,1238,242,1401,448
2951,0,492,274,660,497
2951,1,1237,243,1399,447
2952,0,491,277,660,500
2952,1,1236,244,1398,447
2953,0,490,279,660,500
2953,1,1236,246,1398,447
2954,0,488,283,660,501
2954,1,1236,245,1398,448
2955,0,487,289,660,501
2955,1,1236,246,1398,448
2956,0,487,287,660,502
2956,1,1237,248,1398,448
2957,0,488,294,661,502
2957,1,1236,248,1398,449
2958,0,489,297,663,502
2958,1,1236,247,1398,450
2959,0,490,297,664,503
2959,1,1237,248,1397,452
2960,0,492,299,667,503
2960,1,1237,249,1398,452
2961,0,494,303,668,502
2961,1,1238,247,1399,451
2962,0,497,305,671,503
2962,1,1238,246,1400,451
2963,0,497,302,672,502
2963,1,1239,248,1401,449
2964,0,498,302,673,502
2964,1,1239,248,1402,449
2965,0,499,301,674,502
2965,1,1240,247,1404,449
2966,0,499,301,674,502
2966,1,1241,249,1404,452
2967,0,499,301,674,502
2967,1,1242,250,1405,457
2968,0,499,304,674,502
2968,1,1242,249,1405,456
2969,0,499,304,674,502
2969,1,1243,247,1406,456
2970,0,499,302,674,503
2970,1,1243,246,1407,454
2971,0,499,302,675,503
2971,1,1244,245,1407,452
2972,0,503,302,677,503
2972,1,1245,245,1408,450
2973,0,508,299,678,502
2973,1,1247,246,1408,450
2974,0,513,298,682,501
2974,1,1247,246,1409,450
2975,0,517,301,684,499
2975,1,1248,245,1409,449
2976,0,518,300,684,500
2976,1,1248,247,1410,449
2977,0,522,299,686,502
2977,1,1249,246,1410,447
2978,0,523,297,687,502
2978,1,1249,246,1411,447
2979,0,524,295,689,502
2979,1,1250,244,1411,447
2980,0,526,292,689,503
2980,1,1251,241,1412,447
2981,0,527,293,691,503
2981,1,1252,243,1413,447
2982,0,529,286,693,503
2982,1,1252,240,1414,447
2983,0,532,282,695,501
2983,1,1252,240,1415,448
2984,0,532,281,698,496
2984,1,1252,240,1415,448
2985,0,533,280,698,493
2985,1,1253,239,1415,448
2986,0,534,280,698,493
2986,1,1253,239,1416,448
2987,0,535,279,700,491
2987,1,1253,238,1416,448
2988,0,536,280,700,493
2988,1,1254,239,1416,448
2989,0,535,279,701,492
2989,1,1254,237,1416,448
2990,0,532,283,701,495
2990,1,1254,238,1416,449
2991,0,530,292,703,501
2991,1,1254,238,1416,448
2992,0,528,301,704,504
2992,1,1254,237,1417,448
2993,0,528,304,704,504
2993,1,1254,237,1417,448
2994,0,528,302,705,505
2994,1,1254,236,1417,447
2995,0,528,302,704,504
2995,1,1254,236,1416,447
2996,0,528,302,705,504
2996,1,1254,237,1416,447
2997,0,529,303,705,506
2997,1,1253,235,1416,447
2998,0,529,307,705,507
2998,1,1253,237,1416,447
2999,0,528,306,704,508
2999,1,1253,238,1416,447
3000,0,528,308,704,510
3000,1,1253,238,1416,447
3001,0,527,309,703,511
3001,1,1253,236,1416,447
3002,0,526,308,702,514
3002,1,1254,238,1417,447
3003,0,524,308,701,515
3003,1,1255,239,1418,447
3004,0,523,305,700,515
3004,1,1256,238,1418,447
3005,0,520,304,697,515
3005,1,1258,234,1421,447
3006,0,521,307,695,514
3006,1,1259,236,1422,446
3007,0,518,311,691,514
3007,1,1261,235,1423,446
3008,0,517,312,691,515
3008,1,1262,235,1425,445
3009,0,516,313,688,514
3009,1,1263,235,1426,444
3010,0,514,310,688,514
3010,1,1266,233,1429,440
3011,0,513,308,688,513
3011,1,1268,230,1430,439
3012,0,515,307,688,511
3012,1,1271,232,1432,435
3013,0,516,308,689,511
3013,1,1272,230,1433,434
3014,0,517,305,689,508
3014,1,1274,229,1434,433
3015,0,521,302,691,505
3015,1,1274,224,1436,433
3016,0,521,302,690,504
3016,1,1274,223,1436,429
3017,0,523,298,692,503
3017,1,1275,219,1438,429
3018,0,524,295,691,502
3018,1,1276,217,1438,427
3019,0,525,297,691,502
3019,1,1278,215,1439,425
3020,0,525,294,691,500
3020,1,1279,213,1441,423
3021,0,527,288,691,498
3021,1,1280,211,1442,422
3022,0,528,286,691,498
3022,1,1282,209,1443,421
3023,0,529,284,692,499
3023,1,1283,210,1444,420
3024,0,529,287,692,497
3024,1,1284,212,1444,419
3025,0,530,286,692,495
3025,1,1284,211,1445,418
3026,0,529,286,692,495
3026,1,1284,211,1444,417
3027,0,530,286,693,494
3027,1,1286,210,1445,414
3028,0,531,285,692,492
3028,1,1286,208,1445,414
3029,0,530,283,692,490
3029,1,1286,209,1446,413
3030,0,528,279,690,489
3030,1,1287,210,1446,414
3031,0,527,277,689,488
3031,1,1287,210,1446,414
3032,0,526,271,689,485
3032,1,1287,210,1446,414
3033,0,526,268,689,483
3033,1,1288,212,1447,414
3034,0,527,265,688,483
3034,1,1288,212,1447,414
3035,0,527,263,688,483
3035,1,1289,211,1447,415
3036,0,528,259,688,483
3036,1,1289,211,1447,415
3037,0,530,261,689,483
3037,1,1288,209,1447,413
3038,0,531,259,692,483
3038,1,1289,206,1449,412
3039,0,532,263,693,483
3039,1,1289,204,1450,411
3040,0,533,265,695,484
3040,1,1289,203,1448,410
3041,0,531,264,692,485
3041,1,1288,200,1448,409
3042,0,527,264,687,484
3042,1,1287,200,1448,408
3043,0,522,261,683,482
3043,1,1287,200,1448,407
3044,0,514,260,679,480
3044,1,1286,199,1448,406
3045,0,503,251,669,477
3045,1,1286,200,1449,405
3046,0,500,248,665,476
3046,1,1286,199,1449,405
3047,0,486,242,655,474
3047,1,1286,197,1449,407
3048,0,478,240,647,471
3048,1,1286,198,1449,407
3049,0,471,243,638,466
3049,1,1286,197,1449,407
3050,0,456,238,624,464
3050,1,1286,198,1449,406
3051,0,444,234,613,459
3051,1,1286,198,1449,406
3052,0,432,235,600,452
3052,1,1286,198,1450,407
3053,0,426,234,592,452
3053,1,1286,198,1449,407
3054,0,416,234,586,447
3054,1,1286,199,1449,407
3055,0,408,234,576,449
3055,1,1286,200,1449,406
3056,0,405,233,573,447
3056,1,1286,201,1449,406
3057,0,400,230,569,451
3057,1,1286,200,1449,407
3058,0,399,229,565,454
3058,1,1286,200,1449,407
3059,0,397,227,565,453
3059,1,1286,201,1449,407
3060,0,396,226,565,452
3060,1,1286,200,1449,407
3061,0,397,224,565,447
3061,1,1286,199,1449,407
3062,0,396,220,565,444
3062,1,1286,201,1448,407
3063,0,396,219,565,444
3063,1,1286,201,1448,407
3064,0,394,212,566,442
3064,1,1286,202,1447,406
3065,0,392,207,565,442
3065,1,1285,201,1445,408
3066,0,390,204,564,442
3066,1,1284,201,1444,408
3067,0,389,201,564,442
3067,1,1285,200,1444,407
3068,0,387,202,562,439
3068,1,1284,200,1444,407
3069,0,383,200,560,439
3069,1,1284,199,1445,408
3070,0,382,201,555,441
3070,1,1285,199,1446,408
3071,0,381,210,552,447
3071,1,1287,199,1446,407
3072,0,379,218,548,455
3072,1,1288,199,1447,407
3073,0,377,225,546,456
3073,1,1289,199,1448,406
3074,0,377,224,543,456
3074,1,1291,198,1451,406
3075,0,373,225,540,452
3075,1,1292,197,1452,406
3076,0,372,224,539,451
3076,1,1292,196,1452,406
3077,0,375,220,538,446
3077,1,1293,195,1453,406
3078,0,376,215,538,444
3078,1,1293,195,1453,407
3079,0,376,214,539,444
3079,1,1294,194,1453,408
3080,0,376,223,539,446
3080,1,1295,194,1454,409
3081,0,378,220,541,448
3081,1,1295,193,1454,410
3082,0,386,221,547,445
3082,1,1295,195,1454,410
3083,0,390,224,554,443
3083,1,1295,199,1455,411
3084,0,394,225,559,441
3084,1,1294,200,1454,411
3085,0,396,216,561,441
3085,1,1293,198,1454,412
3086,0,398,214,564,441
3086,1,1293,199,1454,412
3087,0,400,218,565,441
3087,1,1293,197,1453,412
3088,0,402,217,565,442
3088,1,1292,198,1452,412
3089,0,403,217,567,444
3089,1,1292,198,1452,412
3090,0,404,218,567,444
3090,1,1292,198,1452,412
3091,0,406,219,567,445
3091,1,1292,199,1451,411
3092,0,405,218,567,444
3092,1,1292,200,1451,411
3093,0,404,216,566,446
3093,1,1292,198,1451,411
3094,0,403,218,567,447
3094,1,1292,199,1451,412
3095,0,403,220,568,449
3095,1,1292,200,1451,413
3096,0,403,224,566,450
3096,1,1292,199,1451,412
3097,0,403,229,565,451
3097,1,1292,201,1451,412
3098,0,402,228,566,456
3098,1,1292,200,1451,412
3099,0,402,228,567,458
3099,1,1293,199,1451,413
3100,0,402,227,565,455
3100,1,1293,199,1451,413
3101,0,401,226,565,454
3101,1,1293,199,1450,413
3102,0,400,229,563,458
3102,1,1293,200,1450,414
3103,0,398,228,563,460
3103,1,1293,200,1451,414
3104,0,398,228,562,461
3104,1,1293,201,1451,414
3105,0,396,230,560,461
3105,1,1293,201,1451,415
3106,0,392,233,556,463
3106,1,1293,202,1451,415
3107,0,390,242,551,469
3107,1,1293,204,1451,415
3108,0,385,243,547,471
3108,1,1293,205,1451,415
3109,0,383,242,547,472
3109,1,1293,206,1451,415
3110,0,380,240,546,471
3110,1,1294,205,1452,414
3111,0,377,240,542,472
3111,1,1295,203,1453,413
3112,0,376,234,542,470
3112,1,1296,203,1453,412
3113,0,377,232,541,467
3113,1,1297,200,1453,412
3114,0,377,231,540,469
3114,1,1297,199,1454,412
3115,0,378,234,541,467
3115,1,1298,198,1454,412
3116,0,379,236,542,466
3116,1,1297,198,1454,413
3117,0,380,237,545,469
3117,1,1298,199,1454,412
3118,0,381,244,545,470
3118,1,1297,200,1455,414
3119,0,381,246,542,472
3119,1,1297,201,1454,413
3120,0,378,244,539,474
3120,1,1297,202,1454,413
3121,0,378,241,539,473
3121,1,1297,202,1454,413
3122,0,379,242,542,470
3122,1,1297,202,1454,413
3123,0,381,239,545,470
3123,1,1297,203,1454,413
3124,0,382,236,546,470
3124,1,1297,202,1454,413
3125,0,385,238,548,469
3125,1,1297,203,1453,413
3126,0,386,240,549,468
3126,1,1296,204,1453,413
3127,0,387,240,550,468
3127,1,1295,205,1453,413
3128,0,388,240,550,467
3128,1,1294,205,1453,413
3129,0,388,242,551,467
3129,1,1294,205,1452,413
3130,0,389,240,551,468
3130,1,1294,204,1452,414
3131,0,388,240,551,467
3131,1,1293,204,1451,413
3132,0,387,241,550,464
3132,1,1293,203,1450,415
3133,0,387,241,549,463
3133,1,1291,205,1449,414
3134,0,385,237,548,462
3134,1,1290,206,1448,415
3135,0,385,235,547,461
3135,1,1289,205,1447,415
3136,0,384,235,545,460
3136,1,1288,206,1446,415
3137,0,382,229,545,461
3137,1,1287,208,1446,415
3138,0,381,228,544,459
3138,1,1286,208,1446,415
3139,0,380,228,543,459
3139,1,1286,208,1445,415
3140,0,380,226,544,459
3140,1,1286,208,1445,415
3141,0,380,227,541,462
3141,1,1285,209,1445,415
3142,0,381,231,540,466
3142,1,1285,209,1444,413
3143,0,379,230,539,465
3143,1,1285,208,1444,413
3144,0,378,232,540,465
3144,1,1285,209,1445,412
3145,0,378,234,538,464
3145,1,1285,208,1445,412
3146,0,377,235,539,464
3146,1,1284,208,1444,412
3147,0,376,234,538,465
3147,1,1284,206,1444,412
3148,0,375,235,537,467
3148,1,1283,205,1443,412
3149,0,372,233,538,470
3149,1,1283,205,1443,412
3150,0,371,233,537,471
3150,1,1282,204,1442,412
3151,0,373,236,537,471
3151,1,1281,201,1440,411
3152,0,377,235,539,471
3152,1,1279,199,1439,411
3153,0,379,235,541,469
3153,1,1278,197,1438,410
3154,0,382,234,541,466
3154,1,1276,198,1437,410
3155,0,383,235,544,466
3155,1,1274,198,1435,413
3156,0,385,240,546,466
3156,1,1274,197,1434,413
3157,0,388,240,548,465
3157,1,1271,196,1431,414
3158,0,389,238,550,467
3158,1,1268,195,1428,412
3159,0,390,237,550,469
3159,1,1265,194,1424,414
3160,0,390,239,551,471
3160,1,1259,192,1421,412
3161,0,389,240,551,469
3161,1,1252,191,1415,415
3162,0,390,242,553,470
3162,1,1248,190,1410,415
3163,0,391,241,553,470
3163,1,1243,191,1405,414
3164,0,392,241,554,470
3164,1,1237,190,1401,413
3165,0,394,243,555,469
3165,1,1233,191,1396,412
3166,0,395,241,556,471
3166,1,1228,189,1393,414
3167,0,394,239,555,471
3167,1,1223,189,1388,415
3168,1,1220,191,1385,417
3168,0,394,239,555,470
3169,1,1217,189,1383,419
3169,0,394,240,554,467
3170,1,1213,190,1379,419
3170,0,393,243,555,466
3171,1,1209,191,1375,421
3171,0,393,242,555,470
3172,1,1205,191,1371,422
3172,0,395,241,556,476
3173,1,1204,193,1369,423
3173,0,395,242,556,476
3174,0,394,243,556,477
3174,1,1203,194,1367,425
3175,1,1202,195,1365,425
3175,0,394,246,555,478
3176,0,394,241,555,478
3176,1,1201,200,1364,428
3177,0,393,244,554,479
3177,1,1199,199,1361,429
3178,0,393,245,554,479
3178,1,1196,200,1361,428
3179,0,393,246,554,479
3179,1,1195,200,1359,427
3180,0,393,246,554,479
3180,1,1192,203,1357,427
3181,0,394,245,554,478
3181,1,1190,207,1356,430
3182,1,1188,208,1355,433
3182,0,394,246,554,475
3183,1,1188,210,1356,435
3183,0,395,247,554,474
3184,1,1188,211,1356,436
3184,0,394,246,553,475
3185,1,1188,213,1357,438
3185,0,394,247,552,475
3186,1,1189,213,1357,438
3186,0,393,248,552,475
3187,1,1189,216,1358,440
3187,0,392,250,551,476
3188,1,1189,217,1358,442
3188,0,391,251,551,475
3189,1,1189,220,1358,443
3189,0,390,247,551,475
3190,1,1187,222,1358,443
3190,0,389,245,550,474
3191,1,1185,223,1355,445
3191,0,388,245,549,474
3192,1,1183,225,1354,450
3192,0,388,246,550,473
3193,1,1181,227,1353,451
3193,0,389,245,550,473
3194,1,1180,229,1351,452
3194,0,390,245,551,473
3195,1,1179,228,1349,454
3195,0,390,244,551,473
3196,1,1176,229,1347,455
3196,0,391,245,552,473
3197,1,1171,238,1344,458
3197,0,392,248,553,474
3198,1,1168,237,1344,460
3198,0,393,252,553,475
3199,1,1167,237,1342,463
3199,0,392,249,552,476
3200,1,1166,237,1341,463
3200,0,390,247,551,476
3201,1,1165,235,1341,463
3201,0,389,248,551,476
3202,1,1165,233,1339,460
3202,0,388,247,551,477
3203,1,1165,231,1338,458
3203,0,388,246,551,477
3204,1,1165,228,1337,457
3204,0,388,245,551,477
3205,1,1165,220,1337,455
3205,0,389,247,552,477
3206,1,1165,221,1337,452
3206,0,389,245,553,477
3207,1,1165,217,1337,450
3207,0,390,245,552,477
3208,1,1165,215,1338,450
3208,0,390,245,552,473
3209,1,1166,216,1338,450
3209,0,390,243,552,473
3210,1,1167,218,1339,449
3210,0,391,242,553,473
3211,1,1169,217,1341,448
3211,0,391,242,553,473
3212,1,1173,220,1342,445
3212,0,392,242,554,473
3213,1,1175,218,1343,444
3213,0,392,243,553,472
3214,1,1176,218,1343,442
3214,0,392,244,553,472
3215,1,1177,215,1344,439
3215,0,392,244,553,472
3216,1,1178,212,1344,436
3216,0,392,244,553,471
3217,0,391,242,552,473
3217,1,1180,211,1346,433
3218,1,1181,209,1348,432
3218,0,391,243,552,472
3219,1,1182,210,1348,432
3219,0,391,244,552,470
3220,1,1184,210,1350,432
3220,0,391,244,552,470
3221,1,1187,210,1352,431
3221,0,391,244,552,470
3222,0,391,244,553,473
3222,1,1189,208,1354,431
3223,1,1190,207,1356,431
3223,0,392,243,553,473
3224,0,392,244,553,473
3224,1,1192,209,1358,431
3225,1,1194,207,1359,431
3225,0,393,245,553,471
3226,1,1197,208,1361,431
3226,0,393,244,553,470
3227,1,1201,207,1364,429
3227,0,394,251,553,474
3228,0,395,249,554,476
3228,1,1203,208,1366,428
3229,1,1206,206,1369,426
3229,0,395,250,554,475
3230,1,1210,205,1373,425
3230,0,395,251,554,474
3231,1,1214,202,1377,424
3231,0,396,251,555,474
3232,1,1217,203,1380,423
3232,0,396,249,555,474
3233,1,1218,203,1382,423
3233,0,396,250,556,472
3234,1,1220,202,1382,422
3234,0,397,250,556,472
3235,1,1222,202,1384,421
3235,0,397,249,556,472
3236,0,397,249,557,472
3236,1,1222,201,1384,419
3237,0,396,247,558,473
3237,1,1223,199,1384,417
3238,0,396,247,557,472
3238,1,1224,198,1385,417
3239,0,396,243,557,473
3239,1,1223,197,1385,416
3240,0,395,247,556,477
3240,1,1222,199,1383,416
3241,0,395,250,556,479
3241,1,1221,198,1382,415
3242,0,397,251,558,477
3242,1,1218,198,1380,415
3243,0,398,252,561,479
3243,1,1218,198,1379,415
3244,0,398,253,562,481
3244,1,1217,197,1378,414
3245,0,398,253,563,482
3245,1,1215,197,1376,415
3246,0,398,252,563,483
3246,1,1214,198,1376,415
3247,0,398,251,563,483
3247,1,1212,200,1372,415
3248,0,399,251,563,481
3248,1,1210,200,1370,416
3249,0,399,252,563,480
3249,1,1208,200,1368,418
3250,0,399,252,563,478
3250,1,1205,205,1365,421
3251,0,399,251,563,478
3251,1,1203,209,1362,422
3252,0,400,251,563,478
3252,1,1202,209,1361,423
3253,0,400,251,563,479
3253,1,1201,208,1361,424
3254,0,400,252,563,480
3254,1,1200,206,1360,423
3255,0,399,253,564,481
3255,1,1200,202,1361,422
3256,0,398,252,564,481
3256,1,1200,201,1360,424
3257,0,398,253,564,481
3257,1,1200,207,1360,425
3258,0,398,252,563,482
3258,1,1199,212,1360,425
3259,0,398,253,563,482
3259,1,1198,211,1359,425
3260,0,398,253,562,481
3260,1,1196,212,1358,426
3261,0,398,251,562,481
3261,1,1195,210,1357,426
3262,0,398,252,562,480
3262,1,1192,210,1355,424
3263,0,398,252,562,480
3263,1,1192,212,1355,427
3264,0,398,253,563,480
3264,1,1192,215,1353,430
3265,0,398,252,563,480
3265,1,1192,222,1352,432
3266,0,397,252,563,480
3266,1,1194,227,1354,434
3267,0,398,253,563,480
3267,1,1199,230,1357,435
3268,0,397,253,563,480
3268,1,1201,231,1358,436
3269,0,397,253,563,480
3269,1,1202,234,1359,438
3270,0,398,254,563,480
3270,1,1199,238,1357,440
3271,0,398,253,562,480
3271,1,1196,243,1355,443
3272,0,397,252,562,480
3272,1,1192,241,1353,445
3273,0,397,250,561,480
3273,1,1192,242,1354,447
3274,0,396,252,561,479
3274,1,1190,242,1353,445
3275,0,396,251,560,479
3275,1,1185,242,1349,443
3276,0,396,252,560,479
3276,1,1184,244,1348,441
3277,0,396,252,560,479
3277,1,1182,246,1344,439
3278,0,396,251,561,480
3278,1,1182,247,1343,438
3279,0,396,250,561,482
3279,1,1184,249,1345,441
3280,0,395,251,560,483
3280,1,1187,252,1347,439
3281,0,395,250,559,483
3281,1,1189,254,1348,443
3282,0,395,249,559,482
3282,1,1189,254,1349,444
3283,0,396,249,558,481
3283,1,1190,255,1350,442
3284,0,396,246,557,480
3284,1,1191,256,1350,443
3285,0,395,246,556,479
3285,1,1193,257,1353,445
3286,0,395,247,556,478
3286,1,1197,255,1356,442
3287,0,394,245,555,476
3287,1,1205,247,1362,438
3288,0,393,244,554,475
3288,1,1208,245,1366,438
3289,0,393,244,553,475
3289,1,1211,240,1368,436
3290,0,392,245,554,476
3290,1,1213,239,1370,435
3291,0,392,245,553,477
3291,1,1213,237,1369,436
3292,0,394,248,555,479
3292,1,1213,237,1369,437
3293,0,394,249,556,479
3293,1,1213,238,1369,434
3294,0,394,250,556,479
3294,1,1214,241,1369,434
3295,0,395,250,557,480
3295,1,1214,243,1369,435
3296,0,396,249,556,478
3296,1,1215,242,1370,437
3297,0,396,248,557,478
3297,1,1215,245,1370,436
3298,0,395,247,557,478
3298,1,1216,246,1370,435
3299,0,394,243,557,479
3299,1,1217,246,1372,434
3300,0,392,239,555,477
3300,1,1217,246,1372,434
3301,0,392,240,554,473
3301,1,1217,247,1372,436
3302,0,392,240,554,471
3302,1,1217,247,1370,437
3303,0,392,240,555,471
3303,1,1217,247,1371,438
3304,0,392,243,553,470
3304,1,1216,248,1373,439
3305,0,391,240,553,470
3305,1,1215,248,1373,439
3306,0,391,243,553,472
3306,1,1215,246,1373,438
3307,0,390,245,552,473
3307,1,1214,246,1372,438
3308,0,389,245,552,474
3308,1,1214,246,1373,440
3309,0,388,244,551,475
3309,1,1215,246,1374,439
3310,0,387,241,549,475
3310,1,1217,242,1375,439
3311,0,386,239,547,472
3311,1,1218,239,1379,438
3312,0,386,238,547,473
3312,1,1222,234,1381,435
3313,0,387,239,548,472
3313,1,1223,229,1382,432
3314,0,386,240,547,472
3314,1,1224,224,1383,431
3315,0,387,239,547,472
3315,1,1225,220,1385,428
3316,0,387,239,547,473
3316,1,1225,217,1385,426
3317,0,387,238,546,473
3317,1,1225,212,1387,426
3318,0,387,240,547,470
3318,1,1226,209,1388,421
3319,0,388,241,547,470
3319,1,1226,205,1389,417
3320,0,387,245,548,469
3320,1,1228,202,1392,416
3321,0,388,244,548,471
3321,1,1229,199,1393,414
3322,0,388,243,550,475
3322,1,1233,195,1394,413
3323,0,388,244,551,474
3323,1,1234,195,1395,412
3324,0,388,242,550,473
3324,1,1235,196,1396,413
3325,0,387,242,549,471
3325,1,1236,193,1398,413
3326,0,388,241,550,469
3326,1,1237,193,1400,411
3327,0,387,239,548,467
3327,1,1238,190,1402,412
3328,1,1238,188,1401,414
3328,0,386,238,548,466
3329,1,1238,186,1402,416
3329,0,386,242,547,468
3330,1,1238,188,1402,419
3330,0,384,245,547,469
3331,1,1237,187,1400,419
3331,0,384,244,547,469
3332,1,1235,188,1398,420
3332,0,385,247,547,469
3333,1,1234,190,1397,420
3333,0,386,244,548,469
3334,1,1232,190,1396,420
3334,0,385,245,548,469
3335,1,1230,191,1395,421
3335,0,382,243,545,469
3336,0,378,238,543,470
3336,1,1229,191,1394,421
3337,1,1226,190,1393,421
3337,0,369,241,535,473
3338,1,1226,188,1393,421
3338,0,368,241,533,473
3339,1,1225,189,1393,420
3339,0,365,243,531,473
3340,1,1225,188,1392,418
3340,0,362,237,528,469
3341,0,358,232,525,466
3341,1,1225,186,1392,418
3342,0,357,231,523,467
3342,1,1224,185,1391,417
3343,1,1223,186,1390,419
3343,0,358,235,522,467
3344,1,1222,188,1389,421
3344,0,358,233,523,466
3345,1,1221,188,1389,421
3345,0,358,233,524,465
3346,1,1219,188,1386,422
3346,0,360,232,525,463
3347,1,1215,187,1384,423
3347,0,362,231,528,463
3348,1,1213,186,1382,423
3348,0,364,231,530,462
3349,1,1210,188,1378,423
3349,0,365,231,531,459
3350,1,1203,188,1373,425
3350,0,366,226,535,458
3351,1,1197,191,1367,426
3351,0,367,227,536,457
3352,1,1191,193,1362,428
3352,0,369,227,537,457
3353,1,1188,193,1359,427
3353,0,370,226,540,458
3354,1,1186,192,1356,427
3354,0,371,225,542,458
3355,1,1180,191,1354,430
3355,0,373,227,542,457
3356,1,1178,190,1350,431
3356,0,374,224,544,454
3357,1,1175,190,1350,433
3357,0,375,222,546,451
3358,1,1172,190,1348,433
3358,0,376,221,548,449
3359,1,1170,189,1346,433
3359,0,377,221,549,449
3360,1,1167,188,1344,434
3360,0,379,222,553,448
3361,1,1166,188,1341,435
3361,0,381,222,556,448
3362,1,1164,187,1339,437
3362,0,384,223,558,448
3363,1,1164,187,1337,438
3363,0,385,223,559,448
3364,1,1163,189,1336,439
3364,0,385,223,559,447
3365,1,1160,190,1335,440
3365,0,384,222,559,447
3366,1,1159,192,1334,441
3366,0,382,221,558,447
3367,1,1158,191,1333,442
3367,0,380,220,556,445
3368,1,1158,191,1333,443
3368,0,380,220,554,445
3369,1,1158,192,1333,443
3369,0,380,220,552,444
3370,1,1158,192,1333,443
3370,0,379,220,552,444
3371,1,1158,193,1334,444
3371,0,381,221,554,446
3372,1,1160,193,1334,445
3372,0,383,223,555,445
3373,1,1161,192,1335,444
3373,0,385,224,556,444
3374,1,1161,193,1337,444
3374,0,387,223,557,444
3375,1,1163,193,1338,444
3375,0,389,223,556,445
3376,1,1164,192,1339,444
3376,0,389,222,555,446
3377,1,1166,193,1344,445
3377,0,386,223,554,446
3378,1,1167,195,1346,445
3378,0,385,222,553,446
3379,1,1167,194,1348,445
3379,0,384,224,553,446
3380,1,1172,194,1352,445
3380,0,385,225,552,447
3381,1,1176,192,1357,445
3381,0,385,226,552,449
3382,1,1182,191,1358,445
3382,0,385,224,552,449
3383,1,1186,191,1361,443
3383,0,384,224,552,449
3384,1,1188,191,1364,440
3384,0,383,224,550,449
3385,1,1192,191,1368,438
3385,0,381,223,547,451
3386,1,1196,188,1372,438
3386,0,379,221,545,452
3387,1,1201,186,1376,435
3387,0,374,227,542,457
3388,1,1204,186,1379,434
3388,0,372,226,539,457
3389,1,1206,186,1380,433
3389,0,370,227,535,459
3390,1,1208,186,1379,431
3390,0,368,229,532,459
3391,1,1212,188,1382,430
3391,0,366,231,529,463
3392,1,1219,190,1390,428
3392,0,364,233,527,464
3393,1,1227,189,1397,424
3393,0,363,234,525,465
3394,1,1236,188,1406,423
3394,0,363,236,524,466
3395,1,1247,185,1416,421
3395,0,363,236,524,466
3396,1,1258,187,1427,419
3396,0,363,235,523,466
3397,1,1268,185,1439,415
3397,0,363,235,523,467
3398,1,1274,181,1445,413
3398,0,362,235,523,467
3399,1,1281,181,1451,409
3399,0,361,235,522,468
3400,1,1288,180,1459,407
3400,0,361,237,522,470
3401,1,1295,183,1465,405
3401,0,362,241,524,472
3402,0,363,240,526,473
3402,1,1298,187,1467,405
3403,0,364,241,527,474
3403,1,1298,186,1469,407
3404,1,1298,185,1471,407
3404,0,365,242,529,474
3405,1,1298,183,1473,408
3405,0,367,241,530,474
3406,1,1300,184,1475,409
3406,0,367,239,532,474
3407,1,1304,183,1483,413
3407,0,367,241,532,475
3408,1,1309,186,1489,415
3408,0,367,241,532,475
3409,1,1313,191,1497,418
3409,0,367,239,532,474
3410,1,1322,197,1504,419
3410,0,367,238,530,474
3411,1,1325,201,1504,420
3411,0,367,238,530,473
3412,1,1325,206,1500,422
3412,0,367,240,529,472
3413,1,1323,208,1497,423
3413,0,367,241,529,472
3414,1,1317,208,1492,424
3414,0,367,241,528,472
3415,0,366,239,528,471
3415,1,1309,209,1482,423
3416,0,366,237,527,471
3416,1,1301,207,1472,425
3417,0,365,238,526,470
3417,1,1294,208,1459,421
3418,0,364,237,524,469
3418,1,1286,216,1452,427
3419,0,364,236,524,467
3419,1,1281,217,1447,430
3420,0,362,233,522,464
3420,1,1276,222,1441,430
3421,0,362,237,522,463
3421,1,1273,221,1439,435
3422,1,1270,219,1436,436
3422,0,362,239,521,463
3423,1,1269,215,1435,436
3423,0,362,239,521,464
3424,1,1267,213,1434,433
3424,0,362,239,522,463
3425,0,361,236,521,463
3425,1,1267,214,1433,433
3426,0,360,232,521,463
3426,1,1265,212,1431,431
3427,0,359,225,521,467
3427,1,1262,210,1429,432
3428,0,357,226,521,469
3428,1,1260,210,1427,432
3429,0,357,220,521,465
3429,1,1257,208,1425,428
3430,0,354,217,521,459
3430,1,1253,203,1421,428
3431,0,353,216,520,456
3431,1,1250,202,1419,428
3432,0,351,213,518,454
3432,1,1241,204,1409,431
3433,0,350,211,518,455
3433,1,1236,207,1406,433
3434,0,349,208,517,457
3434,1,1230,206,1400,432
3435,0,349,207,517,459
3435,1,1224,206,1396,431
3436,0,349,205,516,460
3436,1,1219,207,1389,431
3437,0,349,204,516,458
3437,1,1212,207,1383,430
3438,0,350,204,516,458
3438,1,1205,206,1377,429
3439,0,350,203,516,459
3439,1,1202,207,1373,429
3440,0,351,204,517,460
3440,1,1196,203,1367,427
3441,0,351,203,518,461
3441,1,1190,203,1362,427
3442,0,351,204,518,460
3442,1,1187,200,1360,428
3443,0,350,205,519,457
3443,1,1183,201,1355,426
3444,0,351,208,518,454
3444,1,1180,203,1354,425
3445,0,352,210,519,451
3445,1,1178,204,1352,427
3446,0,353,212,520,449
3446,1,1175,204,1349,428
3447,1,1173,204,1347,431
3447,0,355,215,521,448
3448,1,1171,204,1347,432
3448,0,355,215,522,448
3449,1,1171,203,1346,433
3449,0,356,216,523,448
3450,1,1171,205,1346,436
3450,0,356,214,524,448
3451,1,1173,206,1348,437
3451,0,358,216,525,448
3452,1,1174,207,1348,437
3452,0,359,215,526,447
3453,1,1175,208,1350,438
3453,0,360,213,526,447
3454,1,1176,205,1351,439
3454,0,361,217,525,447
3455,1,1177,205,1351,440
3455,0,360,214,525,447
3456,1,1177,206,1353,441
3456,0,360,211,524,448
3457,1,1179,207,1354,442
3457,0,358,205,524,451
3458,1,1180,207,1354,443
3458,0,358,205,524,451
3459,1,1181,206,1355,444
3459,0,357,206,523,451
3460,1,1181,204,1356,444
3460,0,357,206,523,446
3461,1,1183,203,1357,444
3461,0,356,205,523,443
3462,1,1184,202,1358,443
3462,0,356,205,523,443
3463,1,1185,202,1359,443
3463,0,355,205,523,442
3464,1,1185,203,1359,443
3464,0,354,204,523,442
3465,1,1186,202,1359,443
3465,0,354,204,523,442
3466,1,1186,203,1360,443
3466,0,354,206,522,441
3467,1,1186,203,1360,443
3467,0,353,208,519,440
3468,1,1187,203,1360,443
3468,0,353,207,519,440
3469,1,1186,202,1359,442
3469,0,353,207,519,440
3470,1,1186,202,1359,441
3470,0,353,204,519,440
3471,1,1186,202,1359,440
3471,0,354,204,519,441
3472,1,1185,201,1359,440
3472,0,352,205,518,437
3473,1,1185,201,1359,440
3473,0,351,205,518,435
3474,1,1184,201,1358,441
3474,0,351,206,518,435
3475,1,1183,202,1358,442
3475,0,351,206,519,435
3476,1,1183,203,1358,443
3476,0,352,206,519,435
3477,1,1183,206,1358,443
3477,0,353,206,520,438
3478,1,1183,205,1358,444
3478,0,355,204,521,440
3479,1,1183,205,1358,444
3479,0,355,205,521,440
3480,1,1182,206,1358,445
3480,0,354,205,521,441
3481,1,1182,207,1358,444
3481,0,355,209,520,442
3482,1,1181,208,1357,444
3482,0,354,207,521,442
3483,1,1181,207,1356,446
3483,0,353,213,520,443
3484,1,1180,211,1355,448
3484,0,352,212,520,444
3485,1,1180,211,1355,450
3485,0,354,217,520,445
3486,1,1178,214,1354,452
3486,0,353,217,519,447
3487,1,1177,218,1351,454
3487,0,353,215,521,453
3488,1,1174,219,1349,456
3488,0,355,218,521,455
3489,1,1171,220,1348,457
3489,0,356,220,521,456
3490,1,1170,220,1345,459
3490,0,359,224,521,455
3491,1,1168,223,1344,460
3491,0,361,227,522,456
3492,1,1167,223,1343,460
3492,0,360,227,521,457
3493,1,1166,224,1343,460
3493,0,359,226,521,458
3494,1,1167,225,1343,460
3494,0,357,225,520,459
3495,1,1167,225,1344,458
3495,0,355,224,518,459
3496,1,1168,224,1344,457
3496,0,354,225,518,460
3497,1,1169,225,1345,455
3497,0,353,226,517,459
3498,1,1170,225,1345,452
3498,0,354,224,518,460
3499,1,1170,225,1346,451
3499,0,357,227,519,463
3500,1,1170,225,1346,449
3500,0,361,227,524,465
3501,1,1171,223,1348,450
3501,0,363,226,525,464
3502,1,1171,223,1347,450
3502,0,364,223,525,463
3503,1,1172,222,1347,450
3503,0,365,227,525,463
3504,1,1173,221,1349,449
3504,0,365,229,526,463
3505,1,1175,222,1349,449
3505,0,366,231,527,464
3506,1,1176,222,1350,449
3506,0,368,234,528,464
3507,1,1177,224,1351,449
3507,0,370,232,530,466
3508,1,1177,224,1351,450
3508,0,372,232,532,467
3509,0,372,228,535,468
3509,1,1178,225,1352,449
3510,1,1178,225,1352,450
3510,0,373,232,537,470
3511,1,1178,226,1352,449
3511,0,377,232,538,471
3512,1,1178,225,1351,449
3512,0,380,234,542,471
3513,1,1177,225,1351,448
3513,0,382,237,543,471
3514,1,1177,225,1350,449
3514,0,384,237,545,472
3515,1,1178,225,1350,451
3515,0,386,236,548,473
3516,1,1177,225,1351,452
3516,0,390,236,552,475
3517,1,1177,225,1351,454
3517,0,393,236,556,474
3518,1,1177,225,1351,454
3518,0,395,238,559,471
3519,1,1178,225,1352,454
3519,0,396,238,562,471
3520,1,1178,225,1352,455
3520,0,397,238,563,469
3521,1,1178,224,1352,455
3521,0,396,240,562,468
3522,1,1180,221,1354,454
3522,0,394,238,560,469
3523,1,1180,223,1354,454
3523,0,393,239,559,469
3524,1,1180,223,1354,453
3524,0,392,238,558,469
3525,1,1180,222,1355,453
3525,0,392,238,558,470
3526,1,1180,223,1355,453
3526,0,391,238,558,469
3527,1,1180,222,1355,454
3527,0,391,238,557,468
3528,1,1180,223,1354,454
3528,0,391,238,557,468
3529,1,1179,224,1353,453
3529,0,391,237,557,468
3530,1,1180,222,1353,452
3530,0,390,239,557,468
3531,1,1180,221,1353,452
3531,0,390,242,556,469
3532,1,1180,220,1353,451
3532,0,389,240,554,470
3533,1,1180,220,1353,451
3533,0,389,240,554,470
3534,1,1180,221,1353,452
3534,0,389,240,553,471
3535,1,1180,222,1353,453
3535,0,388,241,552,472
3536,1,1180,222,1353,454
3536,0,388,241,552,473
3537,1,1179,223,1352,454
3537,0,387,241,552,474
3538,1,1178,224,1351,454
3538,0,387,241,551,474
3539,1,1178,225,1351,453
3539,0,387,239,551,474
3540,1,1178,225,1351,454
3540,0,388,241,551,474
3541,1,1177,226,1351,454
3541,0,387,242,550,473
3542,1,1177,225,1351,454
3542,0,385,244,549,473
3543,1,1178,226,1351,454
3543,0,385,244,548,472
3544,1,1177,227,1350,456
3544,0,384,245,546,473
3545,1,1175,229,1349,457
3545,0,379,247,543,473
3546,1,1173,235,1347,463
3546,0,377,247,543,472
3547,1,1169,246,1346,474
3547,0,376,246,543,472
3548,1,1167,248,1343,479
3548,0,375,247,543,470
3549,1,1165,250,1342,485
3549,0,375,246,543,468
3550,1,1165,254,1340,482
3550,0,374,247,544,468
3551,1,1163,254,1339,479
3551,0,374,247,544,466
3552,1,1162,251,1336,479
3552,0,375,246,545,467
3553,1,1161,251,1337,478
3553,0,374,246,546,466
3554,1,1161,249,1337,479
3554,0,374,245,546,466
3555,1,1161,249,1337,481
3555,0,374,245,546,466
3556,1,1160,251,1337,483
3556,0,374,244,545,468
3557,1,1160,253,1338,488
3557,0,374,246,545,468
3558,1,1160,260,1338,488
3558,0,374,244,545,468
3559,1,1160,264,1337,489
3559,0,374,244,545,469
3560,1,1160,267,1338,488
3560,0,374,245,545,469
3561,1,1161,265,1340,488
3561,0,374,244,545,469
3562,1,1163,268,1340,489
3562,0,374,243,545,470
3563,1,1164,267,1341,489
3563,0,374,243,545,471
3564,1,1165,268,1342,488
3564,0,375,244,545,473
3565,0,375,241,545,474
3565,1,1165,267,1342,488
3566,0,375,240,545,474
3566,1,1165,267,1343,488
3567,0,375,239,545,473
3567,1,1165,267,1343,490
3568,0,375,239,545,471
3568,1,1165,268,1343,489
3569,0,375,238,545,471
3569,1,1165,270,1343,487
3570,0,374,237,543,471
3570,1,1165,272,1343,487
3571,0,373,237,542,471
3571,1,1165,273,1342,487
3572,0,371,237,541,468
3572,1,1165,273,1343,489
3573,0,371,237,540,466
3573,1,1165,274,1342,488
3574,0,370,236,540,463
3574,1,1165,274,1342,487
3575,0,369,236,538,463
3575,1,1164,277,1342,487
3576,0,368,235,538,466
3576,1,1164,278,1342,488
3577,0,369,237,538,463
3577,1,1165,278,1342,486
3578,0,370,237,539,461
3578,1,1165,282,1342,488
3579,0,370,236,539,461
3579,1,1166,279,1343,486
3580,0,370,235,539,462
3580,1,1167,282,1343,485
3581,0,369,235,539,461
3581,1,1167,285,1343,485
3582,0,369,234,539,462
3582,1,1168,290,1343,486
3583,0,369,234,539,463
3583,1,1168,292,1343,485
3584,0,370,234,538,464
3584,1,1167,292,1343,484
3585,0,369,234,539,462
3585,1,1167,291,1342,483
3586,0,369,233,539,462
3586,1,1166,289,1342,485
3587,0,369,233,538,463
3587,1,1164,283,1342,488
3588,0,369,232,539,463
3588,1,1165,283,1341,489
3589,0,369,233,539,467
3589,1,1165,281,1340,489
3590,0,369,233,539,470
3590,1,1164,268,1341,483
3591,0,370,232,540,470
3591,1,1163,266,1341,489
3592,1,1161,259,1339,496
3592,0,370,232,539,468
3593,1,1161,254,1338,498
3593,0,370,233,539,468
3594,1,1160,252,1337,498
3594,0,370,234,540,467
3595,1,1157,249,1336,496
3595,0,370,234,540,466
3596,1,1156,244,1335,496
3596,0,370,234,539,466
3597,1,1154,247,1333,493
3597,0,370,233,539,467
3598,1,1153,245,1332,491
3598,0,370,234,539,466
3599,1,1152,246,1331,487
3599,0,370,234,539,466
3600,1,1149,249,1327,483
3600,0,370,234,539,467
3601,1,1145,246,1326,482
3601,0,370,235,539,467
3602,1,1141,244,1324,481
3602,0,370,237,539,468
3603,1,1141,242,1322,478
3603,0,370,236,539,467
3604,1,1140,240,1322,480
3604,0,370,236,539,467
3605,1,1137,236,1322,482
3605,0,371,236,539,466
3606,1,1137,238,1320,482
3606,0,371,238,539,466
3607,1,1135,237,1318,481
3607,0,371,237,540,464
3608,1,1133,234,1316,480
3608,0,371,237,540,462
3609,1,1132,232,1315,478
3609,0,371,238,541,462
3610,1,1129,233,1310,470
3610,0,371,236,541,462
3611,1,1124,235,1306,467
3611,0,371,235,540,469
3612,1,1120,234,1304,466
3612,0,370,236,540,474
3613,1,1118,237,1302,466
3613,0,371,237,540,473
3614,1,1116,243,1299,466
3614,0,371,238,540,469
3615,1,1113,245,1298,466
3615,0,371,236,541,468
3616,1,1112,248,1296,467
3616,0,371,236,540,467
3617,1,1107,246,1294,467
3617,0,371,238,540,467
3618,1,1106,246,1292,466
3618,0,372,238,541,467
3619,1,1105,249,1290,465
3619,0,373,239,541,467
3620,1,1103,250,1286,463
3620,0,374,241,540,468
3621,1,1103,254,1286,463
3621,0,375,240,542,468
3622,1,1104,250,1287,465
3622,0,378,240,543,467
3623,1,1106,252,1287,469
3623,0,379,238,544,466
3624,1,1108,253,1288,470
3624,0,379,239,545,466
3625,1,1109,250,1291,473
3625,0,379,241,545,466
3626,1,1112,248,1294,474
3626,0,379,241,545,466
3627,1,1120,250,1298,471
3627,0,380,241,545,467
3628,1,1125,248,1301,468
3628,0,380,240,545,467
3629,1,1133,242,1308,465
3629,0,380,240,546,467
3630,1,1145,235,1317,457
3630,0,380,240,546,467
3631,0,380,240,547,466
3631,1,1165,232,1332,447
3632,0,381,240,547,467
3632,1,1180,226,1345,438
3633,0,381,240,547,467
3633,1,1192,220,1356,433
3634,0,382,241,547,468
3634,1,1203,215,1367,431
3635,0,382,242,547,468
3635,1,1215,211,1375,427
3636,0,382,240,546,468
3636,1,1223,204,1386,424
3637,0,381,239,546,468
3637,1,1239,206,1400,413
3638,0,380,241,546,468
3638,1,1247,203,1408,409
3639,0,381,241,545,468
3639,1,1253,199,1418,405
3640,0,381,241,544,467
3640,1,1264,193,1427,405
3641,0,380,239,545,467
3641,1,1269,191,1436,406
3642,1,1274,187,1444,407
3642,0,382,236,546,465
3643,1,1276,186,1447,406
3643,0,384,234,548,463
3644,0,385,230,549,461
3644,1,1279,185,1448,406
3645,1,1280,185,1450,407
3645,0,385,231,550,457
3646,1,1282,188,1453,409
3646,0,385,228,549,455
3647,0,383,224,547,455
3647,1,1283,190,1453,410
3648,0,382,222,546,456
3648,1,1283,188,1451,412
3649,0,382,223,546,457
3649,1,1283,189,1449,415
3650,0,381,222,545,457
3650,1,1282,192,1446,417
3651,0,381,226,545,458
3651,1,1278,194,1443,418
3652,0,381,224,545,461
3652,1,1274,195,1439,417
3653,0,381,222,545,464
3653,1,1272,196,1435,418
3654,0,381,223,545,465
3654,1,1270,198,1431,421
3655,0,382,223,545,465
3655,1,1267,199,1428,422
3656,0,383,224,545,465
3656,1,1262,200,1424,421
3657,0,383,227,546,463
3657,1,1256,200,1416,419
3658,0,382,228,546,464
3658,1,1251,200,1412,417
3659,0,382,227,546,464
3659,1,1249,198,1409,415
3660,0,383,228,547,464
3660,1,1244,201,1403,414
3661,0,385,229,547,464
3661,1,1238,202,1398,413
3662,0,386,229,548,465
3662,1,1230,201,1393,413
3663,0,385,229,548,466
3663,1,1226,203,1388,414
3664,0,386,229,549,466
3664,1,1223,206,1384,416
3665,0,387,229,550,467
3665,1,1218,207,1381,420
3666,0,387,229,549,467
3666,1,1214,211,1375,423
3667,0,387,231,549,465
3667,1,1206,211,1368,430
3668,0,386,229,549,467
3668,1,1203,215,1364,432
3669,0,387,233,550,469
3669,1,1196,220,1359,436
3670,0,388,235,550,472
3670,1,1188,223,1353,437
3671,0,389,237,551,474
3671,1,1182,228,1347,439
3672,0,389,239,551,474
3672,1,1178,230,1341,441
3673,0,389,238,551,472
3673,1,1174,233,1338,439
3674,0,389,237,551,471
3674,1,1170,231,1336,438
3675,0,389,236,551,471
3675,1,1167,234,1335,438
3676,0,388,236,550,470
3676,1,1165,236,1334,438
3677,0,389,237,551,471
3677,1,1162,233,1332,439
3678,0,389,239,552,471
3678,1,1160,235,1330,441
3679,0,388,237,552,470
3679,1,1158,237,1328,441
3680,0,388,237,552,470
3680,1,1155,238,1327,444
3681,0,389,237,553,469
3681,1,1151,240,1324,444
3682,0,390,237,553,469
3682,1,1148,240,1320,448
3683,0,389,235,551,468
3683,1,1145,244,1319,454
3684,0,387,232,551,467
3684,1,1144,242,1318,457
3685,0,387,231,551,468
3685,1,1143,243,1318,458
3686,0,387,229,550,469
3686,1,1143,243,1317,457
3687,0,386,231,549,472
3687,1,1144,244,1316,456
3688,0,385,230,548,471
3688,1,1145,245,1317,455
3689,0,385,229,548,469
3689,1,1146,246,1317,454
3690,0,384,230,547,467
3690,1,1147,246,1319,451
3691,0,384,232,547,466
3691,1,1149,245,1319,449
3692,0,384,232,548,465
3692,1,1150,245,1321,447
3693,0,386,236,549,464
3693,1,1151,243,1321,447
3694,0,387,241,551,464
3694,1,1152,244,1323,448
3695,0,389,238,553,466
3695,1,1154,244,1322,447
3696,0,390,237,555,468
3696,1,1155,242,1325,447
3697,0,393,236,557,473
3697,1,1158,241,1328,447
3698,0,396,235,560,476
3698,1,1161,238,1331,448
3699,0,398,236,562,477
3699,1,1162,238,1334,449
3700,0,399,241,562,478
3700,1,1168,241,1338,453
3701,0,399,240,562,478
3701,1,1173,237,1342,453
3702,0,399,243,562,476
3702,1,1181,239,1345,451
3703,0,398,244,562,476
3703,1,1183,236,1349,448
3704,0,397,243,562,475
3704,1,1187,238,1353,447
3705,0,396,243,561,474
3705,1,1191,236,1357,445
3706,0,396,244,561,473
3706,1,1195,237,1360,444
3707,0,396,244,560,473
3707,1,1202,238,1366,443
3708,0,396,243,560,472
3708,1,1206,233,1369,443
3709,0,397,243,560,472
3709,1,1211,237,1375,442
3710,0,397,245,560,472
3710,1,1218,238,1381,442
3711,0,397,247,560,472
3711,1,1228,240,1390,446
3712,0,397,249,560,473
3712,1,1237,240,1402,443
3713,0,398,248,560,473
3713,1,1248,241,1409,446
3714,0,399,248,561,474
3714,1,1255,236,1419,447
3715,0,400,248,562,475
3715,1,1264,238,1429,446
3716,0,399,250,563,477
3716,1,1274,237,1436,443
3717,0,399,249,562,478
3717,1,1289,237,1457,441
3718,0,400,250,562,477
3718,1,1300,237,1470,439
3719,0,399,250,563,478
3719,1,1311,236,1481,435
3720,0,399,251,564,479
3720,1,1330,236,1501,434
3721,0,399,250,564,479
3721,1,1349,237,1521,442
3722,0,400,249,565,479
3722,1,1363,230,1535,447
3723,0,401,249,566,478
3723,1,1373,231,1546,447
3724,0,401,250,566,478
3724,1,1385,230,1551,447
3725,0,400,250,566,478
3725,1,1394,230,1564,446
3726,0,400,250,566,479
3726,1,1403,229,1572,447
3727,0,400,249,565,479
3727,1,1413,230,1582,452
3728,0,400,249,565,479
3728,1,1419,229,1587,451
3729,1,1422,226,1591,453
3729,0,400,250,565,479
3730,0,400,250,565,479
3730,1,1428,222,1588,454
3731,0,398,250,564,479
3731,1,1430,222,1590,453
3732,1,1427,225,1593,451
3732,0,398,252,562,479
3733,0,396,248,561,479
3733,1,1424,227,1590,449
3734,0,394,248,560,479
3734,1,1420,229,1588,446
3735,0,394,248,558,478
3735,1,1417,232,1585,442
3736,0,391,249,557,480
3736,1,1414,232,1581,442
3737,0,388,250,554,480
3737,1,1408,229,1578,441
3738,0,387,248,551,480
3738,1,1406,230,1576,439
3739,0,385,247,550,480
3739,1,1403,231,1573,438
3740,0,384,251,549,480
3740,1,1396,227,1566,436
3741,0,383,250,549,480
3741,1,1388,228,1554,435
3742,0,384,250,548,480
3742,1,1377,227,1545,434
3743,0,385,249,549,479
3743,1,1369,228,1539,431
3744,0,386,250,550,479
3744,1,1361,226,1532,437
3745,0,388,251,552,479
3745,1,1354,228,1521,438
3746,0,388,250,553,479
3746,1,1345,225,1509,436
3747,0,390,250,555,480
3747,1,1335,222,1500,433
3748,0,390,250,557,480
3748,1,1330,226,1492,428
3749,0,391,249,558,480
3749,1,1324,221,1486,425
3750,0,393,250,557,479
3750,1,1318,221,1478,425
3751,0,394,250,558,478
3751,1,1313,222,1472,424
3752,0,395,251,559,477
3752,1,1309,223,1468,423
3753,0,396,251,561,479
3753,1,1306,221,1465,424
3754,0,397,252,561,479
3754,1,1302,223,1458,423
3755,0,397,251,563,479
3755,1,1301,223,1456,424
3756,0,398,252,563,478
3756,1,1299,224,1455,427
3757,0,398,252,563,479
3757,1,1296,224,1453,430
3758,0,398,251,563,479
3758,1,1296,227,1452,425
3759,0,399,251,564,479
3759,1,1295,228,1451,425
3760,0,399,251,564,479
3760,1,1293,228,1451,427
3761,0,399,251,565,479
3761,1,1291,229,1449,429
3762,0,399,251,565,479
3762,1,1288,228,1446,429
3763,0,399,251,564,478
3763,1,1285,231,1443,426
3764,0,399,251,564,479
3764,1,1284,234,1440,427
3765,0,399,251,565,479
3765,1,1282,235,1438,432
3766,0,399,251,564,479
3766,1,1281,233,1437,435
3767,0,399,252,565,479
3767,1,1279,236,1435,433
3768,0,399,252,564,480
3768,1,1278,236,1434,430
3769,0,400,253,564,479
3769,1,1276,239,1435,430
3770,0,399,250,564,479
3770,1,1275,243,1431,428
3771,0,398,250,564,479
3771,1,1273,246,1429,431
3772,0,399,251,564,480
3772,1,1269,252,1426,439
3773,0,398,251,564,480
3773,1,1263,253,1423,445
3774,0,399,252,564,479
3774,1,1258,255,1416,445
3775,0,399,253,564,479
3775,1,1254,263,1412,447
3776,0,399,252,564,479
3776,1,1249,266,1409,448
3777,0,398,252,563,480
3777,1,1245,266,1402,450
3778,0,398,252,563,480
3778,1,1243,267,1400,452
3779,0,398,252,563,480
3779,1,1241,267,1402,455
3780,0,398,251,563,480
3780,1,1238,267,1400,453
3781,0,398,251,563,480
3781,1,1235,270,1397,455
3782,0,398,251,563,480
3782,1,1233,270,1393,448
3783,0,398,251,563,480
3783,1,1230,271,1390,458
3784,0,398,251,563,480
3784,1,1228,270,1386,446
3785,0,398,251,563,480
3785,1,1225,272,1383,446
3786,0,398,251,563,479
3786,1,1222,274,1381,449
3787,0,398,252,563,479
3787,1,1218,274,1374,460
3788,0,398,251,563,479
3788,1,1217,275,1372,463
3789,0,398,252,563,480
3789,1,1215,274,1368,462
3790,0,398,252,563,481
3790,1,1211,274,1365,459
3791,0,397,249,563,482
3791,1,1207,273,1363,461
3792,0,396,249,563,486
3792,1,1207,275,1364,462
3793,0,395,247,562,486
3793,1,1206,275,1365,462
3794,0,395,249,560,485
3794,1,1205,276,1366,462
3795,0,395,251,558,480
3795,1,1204,276,1365,463
3796,0,394,249,558,479
3796,1,1204,277,1365,463
3797,0,393,248,555,478
3797,1,1204,276,1365,464
3798,0,392,249,555,475
3798,1,1204,276,1364,464
3799,0,390,250,553,475
3799,1,1203,275,1364,464
3800,0,390,247,551,476
3800,1,1203,274,1364,464
3801,0,389,247,551,474
3801,1,1204,273,1364,458
3802,0,390,244,554,475
3802,1,1205,270,1365,458
3803,0,393,244,554,476
3803,1,1206,269,1367,455
3804,0,394,245,555,475
3804,1,1210,267,1368,451
3805,0,395,243,556,474
3805,1,1213,263,1369,452
3806,0,395,243,556,473
3806,1,1214,255,1370,453
3807,0,394,244,556,472
3807,1,1220,253,1377,455
3808,0,394,244,556,473
3808,1,1223,254,1381,453
3809,0,394,245,556,474
3809,1,1227,255,1387,454
3810,0,395,244,557,475
3810,1,1232,258,1391,454
3811,0,395,244,558,476
3811,1,1237,260,1399,455
3812,0,396,247,558,476
3812,1,1242,259,1404,456
3813,0,396,249,559,476
3813,1,1244,258,1407,456
3814,0,397,247,560,476
3814,1,1246,260,1411,456
3815,0,397,246,561,476
3815,1,1247,258,1410,461
3816,0,398,245,561,476
3816,1,1250,261,1413,461
3817,0,398,244,561,475
3817,1,1252,259,1415,463
3818,0,399,243,561,474
3818,1,1252,257,1415,459
3819,0,400,246,561,474
3819,1,1253,260,1417,459
3820,0,400,248,562,475
3820,1,1255,260,1419,460
3821,0,400,250,562,472
3821,1,1256,261,1419,464
3822,0,399,252,560,471
3822,1,1257,261,1420,469
3823,0,399,251,559,471
3823,1,1257,259,1420,473
3824,0,398,250,560,472
3824,1,1256,258,1420,474
3825,1,1256,257,1419,475
3825,0,399,252,560,472
3826,0,397,252,561,476
3826,1,1255,258,1419,476
3827,0,400,249,564,478
3827,1,1256,263,1418,476
3828,0,402,252,567,476
3828,1,1256,265,1418,476
3829,0,404,249,569,471
3829,1,1255,267,1418,476
3830,0,413,244,573,470
3830,1,1254,272,1417,475
3831,0,417,244,577,464
3831,1,1252,274,1415,475
3832,0,422,246,584,463
3832,1,1251,271,1415,475
3833,0,427,242,588,461
3833,1,1250,272,1414,475
3834,0,430,239,593,456
3834,1,1250,274,1413,475
3835,0,434,241,598,453
3835,1,1249,274,1411,473
3836,0,440,243,604,451
3836,1,1248,277,1410,472
3837,0,447,243,611,454
3837,1,1247,274,1409,470
3838,0,453,244,617,457
3838,1,1245,276,1408,472
3839,0,459,245,621,461
3839,1,1245,276,1408,470
3840,0,465,244,627,464
3840,1,1244,275,1408,469
3841,0,475,244,636,468
3841,1,1246,272,1408,465
3842,0,483,247,645,468
3842,1,1247,267,1408,465
3843,0,489,246,651,468
3843,1,1249,264,1408,467
3844,0,496,247,657,468
3844,1,1249,260,1409,463
3845,0,503,247,662,470
3845,1,1250,259,1409,465
3846,0,507,250,668,470
3846,1,1250,259,1409,463
3847,0,515,249,674,470
3847,1,1250,259,1410,460
3848,0,518,246,677,471
3848,1,1250,255,1410,459
3849,0,522,250,683,471
3849,1,1250,252,1411,459
3850,0,528,245,686,471
3850,1,1250,251,1410,459
3851,0,530,245,690,469
3851,1,1249,254,1410,458
3852,0,533,246,693,468
3852,1,1248,253,1410,458
3853,0,534,247,695,467
3853,1,1248,253,1409,458
3854,0,536,243,697,465
3854,1,1248,252,1408,455
3855,0,537,246,698,464
3855,1,1249,250,1408,455
3856,0,537,245,699,463
3856,1,1248,248,1407,454
3857,0,538,245,701,463
3857,1,1247,243,1407,453
3858,0,538,246,701,461
3858,1,1247,241,1407,455
3859,0,538,247,702,460
3859,1,1247,238,1406,450
3860,0,541,244,705,461
3860,1,1248,237,1406,444
3861,0,544,241,706,460
3861,1,1247,237,1405,444
3862,0,546,243,708,458
3862,1,1248,237,1405,438
3863,0,547,245,708,457
3863,1,1247,237,1406,439
3864,0,548,244,708,456
3864,1,1248,236,1406,440
3865,0,549,246,708,455
3865,1,1248,234,1407,437
3866,0,549,241,708,455
3866,1,1248,231,1410,436
3867,0,549,244,708,455
3867,1,1251,227,1411,435
3868,1,1253,224,1413,434
3868,0,550,246,708,455
3869,1,1254,220,1415,432
3869,0,550,246,708,455
3870,1,1260,218,1421,431
3870,0,551,248,708,454
3871,1,1263,217,1423,427
3871,0,551,245,708,455
3872,1,1268,214,1427,427
3872,0,553,248,708,455
3873,1,1270,212,1430,427
3873,0,553,245,708,455
3874,1,1272,210,1432,419
3874,0,554,243,708,455
3875,1,1273,208,1433,417
3875,0,553,240,708,455
3876,0,553,237,707,456
3876,1,1274,206,1435,412
3877,0,554,239,707,458
3877,1,1276,204,1437,410
3878,1,1277,203,1439,412
3878,0,555,241,708,460
3879,1,1278,200,1440,416
3879,0,557,241,708,464
3880,1,1282,199,1443,415
3880,0,558,241,709,464
3881,1,1284,194,1443,412
3881,0,559,237,709,462
3882,0,557,235,709,467
3882,1,1285,191,1445,404
3883,1,1287,189,1448,401
3883,0,557,234,708,455
3884,1,1287,189,1449,400
3884,0,557,234,708,449
3885,1,1288,187,1450,401
3885,0,556,233,706,445
3886,1,1290,187,1451,401
3886,0,553,230,705,444
3887,1,1292,189,1452,402
3887,0,550,231,704,442
3888,1,1294,189,1453,402
3888,0,549,234,703,438
3889,1,1295,189,1454,402
3889,0,548,233,701,435
3890,1,1296,189,1455,401
3890,0,546,230,698,434
3891,1,1296,190,1455,401
3891,0,543,232,697,438
3892,1,1296,190,1455,400
3892,0,542,232,693,433
3893,1,1296,188,1456,400
3893,0,540,232,692,430
3894,1,1296,188,1455,401
3894,0,537,232,690,433
3895,1,1296,186,1455,401
3895,0,537,233,689,432
3896,1,1296,186,1456,402
3896,0,536,231,687,431
3897,1,1296,185,1455,402
3897,0,535,233,686,433
3898,1,1295,182,1454,402
3898,0,534,233,685,436
3899,1,1295,182,1454,402
3899,0,533,234,684,438
3900,1,1293,183,1453,402
3900,0,533,235,683,436
3901,1,1291,186,1450,402
3901,0,531,237,681,434
3902,1,1289,186,1446,402
3902,0,529,238,680,438
3903,1,1287,183,1442,399
3903,0,527,238,680,441
3904,1,1284,180,1438,395
3904,0,525,240,678,440
3905,1,1280,182,1435,389
3905,0,523,242,676,441
3906,1,1278,183,1433,385
3906,0,522,244,675,442
3907,1,1275,185,1429,382
3907,0,521,243,674,441
3908,1,1273,186,1426,384
3908,0,520,244,673,441
3909,0,519,244,672,442
3909,1,1271,187,1423,384
3910,0,517,242,669,444
3910,1,1269,189,1419,387
3911,0,516,243,668,446
3911,1,1266,192,1417,389
3912,1,1263,194,1416,395
3912,0,515,241,665,446
3913,1,1263,195,1414,400
3913,0,514,239,664,443
3914,1,1261,196,1413,404
3914,0,513,239,664,444
3915,1,1261,196,1411,408
3915,0,513,236,662,445
3916,1,1260,196,1411,412
3916,0,513,236,663,447
3917,1,1258,197,1410,413
3917,0,515,235,661,447
3918,0,512,233,662,456
3918,1,1257,198,1409,412
3919,0,511,233,662,455
3919,1,1257,199,1409,410
3920,0,509,233,661,450
3920,1,1255,201,1408,404
3921,0,505,231,658,448
3921,1,1253,202,1408,405
3922,0,501,227,656,451
3922,1,1253,202,1409,405
3923,0,498,229,653,449
3923,1,1252,202,1409,406
3924,0,495,230,651,446
3924,1,1252,202,1409,407
3925,0,489,226,646,446
3925,1,1252,204,1409,408
3926,0,484,221,644,448
3926,1,1252,204,1409,408
3927,0,480,219,640,450
3927,1,1252,207,1410,408
3928,0,476,217,639,452
3928,1,1253,207,1410,408
3929,0,474,215,637,456
3929,1,1253,207,1410,409
3930,0,469,213,634,456
3930,1,1253,207,1409,415
3931,0,465,216,632,440
3931,1,1253,207,1408,418
3932,0,463,214,630,432
3932,1,1253,207,1409,415
3933,0,462,212,630,429
3933,1,1253,207,1409,414
3934,0,461,211,629,427
3934,1,1253,208,1408,413
3935,0,460,210,628,427
3935,1,1254,208,1408,413
3936,0,459,209,628,426
3936,1,1253,207,1410,413
3937,0,459,208,628,426
3937,1,1254,207,1411,413
3938,0,460,208,628,427
3938,1,1254,207,1411,413
3939,0,460,208,628,430
3939,1,1254,210,1410,411
3940,0,461,207,629,434
3940,1,1253,209,1410,412
3941,0,462,205,630,435
3941,1,1253,209,1409,413
3942,0,464,204,631,435
3942,1,1252,210,1407,414
3943,0,466,204,633,435
3943,1,1252,209,1406,415
3944,0,468,203,634,440
3944,1,1252,210,1405,414
3945,0,469,203,635,447
3945,1,1252,208,1405,413
3946,0,469,203,636,455
3946,1,1251,208,1404,413
3947,0,470,199,636,458
3947,1,1251,208,1405,414
3948,0,469,198,635,456
3948,1,1251,211,1404,413
3949,0,468,199,637,452
3949,1,1251,210,1405,413
3950,0,465,198,636,438
3950,1,1250,211,1404,413
3951,0,466,198,636,422
3951,1,1250,211,1402,412
3952,0,464,197,634,414
3952,1,1250,209,1403,413
3953,0,463,197,633,410
3953,1,1250,209,1402,413
3954,0,462,196,632,409
3954,1,1250,209,1402,413
3955,0,460,196,630,409
3955,1,1250,212,1402,413
3956,0,459,197,629,408
3956,1,1250,212,1403,415
3957,0,457,195,627,413
3957,1,1250,211,1401,417
3958,0,455,194,625,422
3958,1,1250,212,1401,423
3959,0,453,192,623,429
3959,1,1250,212,1401,423
3960,0,450,194,620,430
3960,1,1250,213,1401,423
3961,0,445,191,617,428
3961,1,1250,212,1403,418
3962,0,441,193,613,424
3962,1,1249,212,1404,416
3963,0,437,194,609,418
3963,1,1249,211,1405,415
3964,0,434,195,606,414
3964,1,1249,211,1404,414
3965,0,431,196,600,410
3965,1,1249,211,1404,414
3966,0,428,196,596,408
3966,1,1249,211,1404,414
3967,0,419,197,587,409
3967,1,1249,212,1404,414
3968,0,411,198,582,410
3968,1,1250,211,1405,413
3969,0,407,199,578,414
3969,1,1250,211,1405,415
3970,0,398,196,569,422
3970,1,1250,211,1407,418
3971,0,389,196,562,419
3971,1,1251,211,1407,421
3972,0,382,200,553,416
3972,1,1253,212,1410,425
3973,0,377,203,551,416
3973,1,1254,211,1412,425
3974,0,373,203,550,416
3974,1,1255,212,1413,424
3975,0,369,205,547,416
3975,1,1256,211,1415,422
3976,0,364,206,541,420
3976,1,1256,210,1414,421
3977,0,359,206,535,431
3977,1,1256,210,1415,417
3978,0,358,206,534,430
3978,1,1257,209,1415,416
3979,0,354,206,531,427
3979,1,1257,210,1417,416
3980,0,347,205,524,421
3980,1,1259,210,1419,416
3981,0,342,205,521,417
3981,1,1261,211,1421,418
3982,0,336,203,518,415
3982,1,1263,212,1423,419
3983,0,335,204,516,413
3983,1,1264,212,1423,420
3984,0,331,202,519,410
3984,1,1265,213,1424,424
3985,0,328,203,515,406
3985,1,1267,214,1426,422
3986,0,327,204,515,404
3986,1,1268,211,1427,422
3987,0,325,202,510,401
3987,1,1270,214,1428,423
3988,0,323,199,509,400
3988,1,1271,216,1429,423
3989,0,322,199,505,401
3989,1,1272,216,1430,421
3990,0,323,197,504,407
3990,1,1273,216,1432,421
3991,0,323,199,507,415
3991,1,1274,215,1433,422
3992,0,324,199,508,423
3992,1,1275,214,1434,420
3993,0,325,199,510,425
3993,1,1275,215,1435,419
3994,0,324,199,511,427
3994,1,1276,214,1436,419
3995,0,324,200,512,427
3995,1,1277,213,1438,418
3996,0,323,200,512,422
3996,1,1277,212,1438,416
3997,0,326,198,516,414
3997,1,1277,211,1439,417
3998,0,328,199,517,407
3998,1,1277,211,1439,417
3999,0,329,199,515,399
3999,1,1278,212,1438,418
4000,0,329,198,516,398
4000,1,1278,211,1438,421
4001,0,329,201,514,398
4001,1,1278,211,1439,421
4002,0,329,201,513,402
4002,1,1277,210,1440,417
4003,0,330,203,513,407
4003,1,1278,211,1441,417
4004,0,332,202,512,415
4004,1,1278,211,1441,416
4005,0,334,203,516,426
4005,1,1280,210,1442,416
4006,0,337,202,515,432
4006,1,1281,208,1442,415
4007,0,337,201,517,431
4007,1,1283,208,1445,414
4008,0,339,203,518,428
4008,1,1284,206,1446,412
4009,0,340,205,518,421
4009,1,1286,208,1448,413
4010,0,342,205,519,416
4010,1,1287,209,1448,414
4011,0,342,205,522,411
4011,1,1287,210,1447,414
4012,0,342,204,521,408
4012,1,1286,211,1446,418
4013,0,342,203,521,408
4013,1,1285,211,1446,419
4014,0,342,202,523,407
4014,1,1284,212,1445,419
4015,0,343,202,520,408
4015,1,1283,212,1445,420
4016,0,342,201,517,417
4016,1,1283,212,1445,420
4017,0,343,200,520,429
4017,1,1285,210,1446,417
4018,0,343,200,517,431
4018,1,1286,211,1447,417
4019,0,343,203,516,429
4019,1,1288,210,1449,415
4020,0,342,205,519,422
4020,1,1291,211,1451,410
4021,0,343,207,521,418
4021,1,1294,209,1453,411
4022,0,345,208,523,416
4022,1,1297,211,1455,413
4023,0,346,208,526,415
4023,1,1298,210,1457,414
4024,0,346,208,526,416
4024,1,1299,210,1458,416
4025,0,348,208,527,416
4025,1,1301,210,1460,416
4026,0,349,208,527,417
4026,1,1302,210,1461,420
4027,0,351,210,527,419
4027,1,1302,208,1462,425
4028,0,351,210,526,425
4028,1,1301,209,1461,424
4029,0,353,209,527,429
4029,1,1298,211,1459,423
4030,0,356,210,524,434
4030,1,1297,209,1457,418
4031,0,359,212,523,439
4031,1,1295,210,1455,417
4032,0,361,212,523,445
4032,1,1295,210,1455,416
4033,0,360,209,521,449
4033,1,1296,209,1456,415
4034,0,361,209,524,448
4034,1,1297,209,1457,414
4035,0,361,211,527,445
4035,1,1299,210,1460,415
4036,0,362,216,527,444
4036,1,1301,209,1462,417
4037,0,364,217,528,447
4037,1,1302,208,1462,419
4038,0,365,215,531,442
4038,1,1301,209,1461,418
4039,0,367,216,533,437
4039,1,1299,210,1460,420
4040,0,368,213,533,434
4040,1,1297,210,1459,423
4041,0,368,212,533,433
4041,1,1297,211,1458,426
4042,0,366,212,532,435
4042,1,1297,212,1458,422
4043,0,367,210,533,436
4043,1,1298,213,1459,421
4044,0,367,209,534,436
4044,1,1298,212,1461,421
4045,0,370,209,536,436
4045,1,1298,211,1461,421
4046,0,371,210,537,436
4046,1,1298,212,1460,420
4047,0,372,211,536,441
4047,1,1296,212,1458,421
4048,0,374,211,537,444
4048,1,1296,212,1457,419
4049,0,375,213,538,445
4049,1,1295,212,1457,418
4050,0,375,216,537,446
4050,1,1296,212,1457,420
4051,0,378,221,539,445
4051,1,1297,210,1457,426
4052,0,383,223,541,444
4052,1,1296,210,1457,426
4053,0,384,223,543,443
4053,1,1295,211,1456,424
4054,0,385,225,544,445
4054,1,1294,212,1455,422
4055,0,386,225,544,446
4055,1,1292,214,1453,422
4056,0,386,227,544,447
4056,1,1289,216,1452,423
4057,0,387,228,545,449
4057,1,1287,215,1451,420
4058,0,387,227,546,455
4058,1,1286,215,1450,419
4059,0,388,228,548,467
4059,1,1286,216,1449,419
4060,0,390,231,552,478
4060,1,1287,215,1450,418
4061,0,392,233,554,483
4061,1,1289,215,1452,420
4062,0,395,233,557,487
4062,1,1292,217,1454,423
4063,0,399,232,560,486
4063,1,1295,219,1455,424
4064,0,404,232,562,481
4064,1,1295,222,1454,427
4065,0,408,236,564,476
4065,1,1293,221,1452,432
4066,0,409,235,566,469
4066,1,1290,223,1452,436
4067,0,412,238,567,464
4067,1,1285,223,1449,436
4068,0,413,238,569,462
4068,1,1282,226,1445,437
4069,0,416,242,573,463
4069,1,1279,228,1441,433
4070,0,419,245,576,464
4070,1,1278,229,1440,433
4071,0,423,246,578,463
4071,1,1278,229,1440,434
4072,0,425,244,579,465
4072,1,1282,229,1445,433
4073,0,425,244,580,469
4073,1,1284,231,1446,431
4074,0,424,245,583,476
4074,1,1286,228,1448,432
4075,0,426,244,584,478
4075,1,1288,226,1450,432
4076,0,427,247,585,479
4076,1,1290,227,1450,432
4077,0,430,245,588,486
4077,1,1289,227,1450,430
4078,0,430,251,590,487
4078,1,1286,225,1450,433
4079,0,432,250,591,490
4079,1,1283,228,1448,433
4080,0,432,250,588,483
4080,1,1279,230,1444,433
4081,0,430,252,584,473
4081,1,1277,233,1441,432
4082,0,430,255,585,471
4082,1,1278,235,1441,436
4083,0,428,254,585,474
4083,1,1281,236,1442,437
4084,0,426,256,583,473
4084,1,1283,236,1444,438
4085,0,425,255,581,473
4085,1,1286,234,1445,438
4086,0,424,255,581,474
4086,1,1287,234,1446,439
4087,0,423,255,580,476
4087,1,1288,233,1448,439
4088,0,422,254,580,476
4088,1,1287,234,1447,440
4089,0,422,255,580,476
4089,1,1284,237,1446,441
4090,0,423,255,580,479
4090,1,1281,242,1441,440
4091,0,424,257,580,482
4091,1,1276,240,1438,445
4092,0,427,259,582,485
4092,1,1275,238,1435,442
4093,0,427,256,583,490
4093,1,1275,238,1436,440
4094,0,428,260,583,489
4094,1,1275,236,1436,439
4095,0,428,261,583,486
4095,1,1276,232,1438,440
4096,1,1277,230,1438,441
4096,0,429,264,585,479
4097,1,1276,227,1437,439
4097,0,429,260,586,474
4098,0,429,261,587,473
4098,1,1276,228,1435,438
4099,0,429,257,586,474
4099,1,1274,228,1434,435
4100,0,430,256,587,475
4100,1,1273,230,1433,432
4101,0,430,259,587,474
4101,1,1272,228,1432,429
4102,0,431,258,588,475
4102,1,1272,224,1433,426
4103,0,431,257,589,477
4103,1,1273,219,1434,425
4104,0,431,258,588,481
4104,1,1276,217,1437,424
4105,0,431,258,588,484
4105,1,1279,212,1440,420
4106,0,430,256,588,485
4106,1,1281,212,1440,423
4107,0,431,254,587,488
4107,1,1284,210,1441,416
4108,0,431,254,588,491
4108,1,1285,210,1443,416
4109,0,430,256,588,490
4109,1,1285,208,1444,414
4110,0,432,254,589,485
4110,1,1285,200,1445,408
4111,0,434,255,588,477
4111,1,1285,195,1446,406
4112,1,1285,190,1447,404
4112,0,433,255,587,470
4113,1,1285,189,1448,402
4113,0,431,255,587,470
4114,1,1285,187,1449,403
4114,0,431,255,588,467
4115,1,1286,186,1451,403
4115,0,429,255,587,466
4116,1,1287,189,1452,406
4116,0,428,260,587,467
4117,1,1289,193,1453,407
4117,0,430,256,588,471
4118,1,1290,192,1454,407
4118,0,428,262,589,474
4119,1,1291,195,1455,408
4119,0,427,264,589,478
4120,1,1294,194,1458,407
4120,0,427,268,589,481
4121,1,1296,191,1463,404
4121,0,427,269,588,487
4122,0,424,270,588,492
4122,1,1299,188,1466,402
4123,0,423,273,586,495
4123,1,1300,183,1469,397
4124,0,422,272,587,496
4124,1,1304,179,1471,396
4125,0,422,273,586,495
4125,1,1307,177,1473,394
4126,1,1309,175,1475,393
4126,0,424,275,586,492
4127,1,1311,172,1480,391
4127,0,425,276,586,491
4128,1,1314,173,1483,390
4128,0,425,277,586,491
4129,1,1315,172,1485,390
4129,0,425,278,587,490
4130,1,1319,172,1489,390
4130,0,424,279,586,490
4131,1,1322,171,1493,390
4131,0,422,275,584,492
4132,1,1327,172,1498,390
4132,0,416,277,580,490
4133,1,1330,170,1499,390
4133,0,412,282,578,491
4134,1,1332,169,1502,389
4134,0,408,279,575,491
4135,1,1334,170,1506,389
4135,0,403,279,573,492
4136,1,1337,169,1510,389
4136,0,400,276,572,493
4137,1,1343,169,1517,390
4137,0,397,280,571,494
4138,1,1345,170,1519,392
4138,0,395,279,570,494
4139,1,1348,169,1522,394
4139,0,394,277,568,494
4140,1,1352,171,1524,395
4140,0,392,277,567,494
4141,1,1352,172,1525,395
4141,0,393,274,568,495
4142,0,394,274,569,494
4142,1,1352,174,1524,396
4143,0,394,275,570,494
4143,1,1351,175,1523,395
4144,0,394,273,570,494
4144,1,1349,172,1522,394
4145,0,395,272,570,495
4145,1,1348,170,1520,391
4146,0,395,273,569,496
4146,1,1347,164,1518,388
4147,0,394,272,568,494
4147,1,1343,161,1512,383
4148,0,393,270,566,493
4148,1,1337,159,1507,381
4149,0,391,264,565,490
4149,1,1334,153,1501,380
4150,0,388,260,561,488
4150,1,1328,149,1494,379
4151,0,386,259,558,484
4151,1,1322,147,1487,379
4152,1,1316,144,1483,380
4152,0,382,257,554,481
4153,1,1313,141,1480,375
4153,0,381,256,552,481
4154,1,1311,139,1478,370
4154,0,379,255,549,479
4155,0,377,252,546,479
4155,1,1310,137,1475,365
4156,0,375,248,545,481
4156,1,1308,135,1473,366
4157,0,374,247,545,483
4157,1,1304,137,1470,368
4158,0,374,247,544,485
4158,1,1301,138,1467,367
4159,0,373,243,542,485
4159,1,1299,137,1466,367
4160,0,372,243,542,484
4160,1,1297,141,1465,371
4161,0,372,245,541,480
4161,1,1297,144,1463,375
4162,0,371,243,539,475
4162,1,1296,150,1460,379
4163,0,371,242,539,471
4163,1,1296,155,1462,386
4164,0,371,243,539,468
4164,1,1296,164,1462,389
4165,0,370,242,539,466
4165,1,1296,171,1462,394
4166,0,370,240,539,466
4166,1,1295,175,1462,399
4167,0,371,240,539,466
4167,1,1292,186,1457,404
4168,0,371,241,539,466
4168,1,1290,194,1455,404
4169,0,371,239,539,466
4169,1,1290,207,1453,409
4170,0,370,236,538,466
4170,1,1285,219,1449,424
4171,0,369,236,537,473
4171,1,1283,232,1446,430
4172,0,368,237,536,477
4172,1,1280,233,1446,436
4173,0,368,238,534,477
4173,1,1280,237,1445,440
4174,0,367,238,535,474
4174,1,1278,242,1443,444
4175,0,368,238,536,470
4175,1,1278,245,1443,447
4176,0,368,236,535,467
4176,1,1277,251,1442,451
4177,0,366,235,535,460
4177,1,1276,254,1441,452
4178,0,365,235,534,460
4178,1,1275,247,1440,448
4179,0,364,235,533,460
4179,1,1274,235,1439,445
4180,0,363,237,532,459
4180,1,1272,231,1434,430
4181,0,362,236,531,459
4181,1,1266,220,1429,430
4182,0,361,236,530,466
4182,1,1257,217,1424,432
4183,0,361,236,530,472
4183,1,1251,215,1420,432
4184,0,360,237,530,477
4184,1,1245,220,1416,432
4185,0,359,237,529,480
4185,1,1239,221,1411,433
4186,0,358,238,527,480
4186,1,1231,223,1405,433
4187,0,359,239,525,477
4187,1,1215,227,1394,436
4188,0,359,238,525,478
4188,1,1205,234,1385,440
4189,0,358,238,526,474
4189,1,1190,238,1373,446
4190,1,1167,242,1354,460
4190,0,359,237,529,467
4191,1,1148,250,1337,467
4191,0,360,238,529,460
4192,1,1142,260,1327,471
4192,0,359,237,530,458
4193,1,1139,261,1326,473
4193,0,359,238,528,458
4194,1,1139,261,1324,473
4194,0,359,238,528,458
4195,1,1138,263,1323,473
4195,0,359,237,528,458
4196,1,1137,263,1322,471
4196,0,359,237,528,458
4197,1,1136,263,1322,472
4197,0,359,237,528,458
4198,1,1135,261,1321,471
4198,0,359,237,527,466
4199,0,357,237,525,473
4199,1,1136,259,1323,471
4200,0,358,237,524,478
4200,1,1139,258,1324,468
4201,0,359,238,524,478
4201,1,1147,253,1327,462
4202,0,360,238,528,472
4202,1,1156,245,1335,456
4203,0,361,238,530,469
4203,1,1162,243,1341,454
4204,0,361,238,531,463
4204,1,1168,240,1345,452
4205,0,363,238,532,460
4205,1,1176,241,1351,450
4206,0,362,238,531,460
4206,1,1185,242,1362,451
4207,0,364,238,531,459
4207,1,1197,242,1373,447
4208,0,365,237,532,459
4208,1,1208,239,1382,447
4209,0,367,239,532,460
4209,1,1218,248,1389,447
4210,0,372,240,534,468
4210,1,1227,244,1397,447
4211,0,376,240,538,473
4211,1,1239,249,1409,452
4212,0,380,239,541,477
4212,1,1246,246,1417,457
4213,0,383,242,543,479
4213,1,1255,247,1424,462
4214,0,385,241,544,478
4214,1,1259,249,1429,456
4215,0,386,239,545,476
4215,1,1266,250,1436,455
4216,0,387,240,546,472
4216,1,1271,243,1439,452
4217,0,387,242,545,468
4217,1,1280,240,1448,444
4218,0,388,244,547,465
4218,1,1286,234,1452,437
4219,0,389,244,547,464
4219,1,1289,227,1453,434
4220,0,390,244,548,466
4220,1,1293,223,1456,426
4221,0,391,243,549,465
4221,1,1293,218,1456,422
4222,0,391,242,550,465
4222,1,1292,218,1454,422
4223,0,391,241,550,467
4223,1,1292,219,1453,422
4224,0,392,242,551,470
4224,1,1292,218,1452,424
4225,0,391,244,551,474
4225,1,1289,219,1448,422
4226,0,392,244,552,476
4226,1,1287,221,1447,421
4227,0,392,246,551,477
4227,1,1285,224,1445,426
4228,0,392,247,552,479
4228,1,1284,225,1441,428
4229,0,392,247,552,482
4229,1,1281,224,1439,425
4230,0,392,248,551,492
4230,1,1280,223,1438,429
4231,0,392,247,551,495
4231,1,1280,222,1437,431
4232,0,391,247,552,492
4232,1,1280,223,1439,429
4233,0,391,249,552,486
4233,1,1281,223,1441,431
4234,0,390,252,552,481
4234,1,1283,224,1443,431
4235,0,391,253,552,477
4235,1,1283,225,1445,432
4236,0,390,254,551,472
4236,1,1283,225,1448,424
4237,0,390,254,551,474
4237,1,1283,223,1448,420
4238,0,390,254,551,474
4238,1,1283,223,1446,421
4239,0,390,255,551,474
4239,1,1282,221,1445,420
4240,0,390,255,551,474
4240,1,1281,221,1446,426
4241,0,389,254,552,482
4241,1,1280,222,1442,422
4242,0,389,253,553,491
4242,1,1279,222,1440,423
4243,0,388,253,553,495
4243,1,1277,221,1438,419
4244,0,389,253,553,497
4244,1,1275,218,1436,423
4245,0,389,253,553,498
4245,1,1273,215,1434,429
4246,0,389,253,553,496
4246,1,1270,213,1432,428
4247,0,389,256,553,487
4247,1,1270,213,1428,423
4248,0,390,257,552,482
4248,1,1270,210,1427,422
4249,0,390,256,554,480
4249,1,1270,212,1428,422
4250,0,390,262,555,478
4250,1,1270,213,1428,425
4251,0,390,267,556,477
4251,1,1271,215,1429,429
4252,0,390,263,556,471
4252,1,1271,217,1431,430
4253,0,390,251,560,463
4253,1,1271,218,1430,432
4254,0,391,243,560,457
4254,1,1271,218,1428,432
4255,0,391,235,562,453
4255,1,1271,218,1427,429
4256,0,393,234,561,452
4256,1,1271,217,1425,431
4257,0,395,237,564,458
4257,1,1270,216,1427,427
4258,0,396,243,567,463
4258,1,1271,215,1428,422
4259,0,397,252,569,468
4259,1,1270,214,1430,421
4260,0,401,263,573,474
4260,1,1271,214,1431,419
4261,0,406,272,580,478
4261,1,1270,214,1431,419
4262,0,411,272,585,476
4262,1,1271,214,1431,419
4263,0,412,261,582,473
4263,1,1270,214,1430,419
4264,0,412,244,582,465
4264,1,1270,214,1430,419
4265,0,412,237,584,460
4265,1,1271,213,1432,420
4266,0,410,230,584,450
4266,1,1272,212,1434,421
4267,0,408,226,583,443
4267,1,1272,213,1432,422
4268,0,407,228,583,443
4268,1,1271,213,1432,423
4269,0,407,229,584,444
4269,1,1271,213,1432,423
4270,0,410,243,586,454
4270,1,1269,214,1430,425
4271,0,412,256,588,462
4271,1,1269,213,1431,427
4272,0,414,261,590,468
4272,1,1269,213,1432,424
4273,0,414,258,589,465
4273,1,1270,213,1436,422
4274,0,413,247,590,461
4274,1,1272,212,1438,421
4275,0,412,241,587,457
4275,1,1276,207,1441,419
4276,0,411,236,587,452
4276,1,1280,200,1445,415
4277,0,407,234,584,450
4277,1,1287,198,1452,409
4278,0,406,235,582,452
4278,1,1290,199,1455,407
4279,0,404,241,578,455
4279,1,1293,198,1457,406
4280,0,402,250,576,462
4280,1,1297,195,1461,407
4281,0,401,257,577,472
4281,1,1299,196,1464,406
4282,0,402,265,575,474
4282,1,1300,197,1465,407
4283,0,402,262,576,473
4283,1,1301,200,1464,409
4284,0,403,256,575,469
4284,1,1301,202,1463,411
4285,0,403,251,575,467
4285,1,1299,206,1462,409
4286,0,403,251,574,464
4286,1,1298,208,1461,410
4287,0,402,245,572,463
4287,1,1297,209,1459,417
4288,0,401,248,570,464
4288,1,1297,209,1457,417
4289,0,401,249,569,467
4289,1,1295,210,1457,416
4290,0,402,249,569,470
4290,1,1295,212,1455,418
4291,0,402,248,568,471
4291,1,1293,213,1455,419
4292,0,401,243,567,470
4292,1,1292,214,1456,427
4293,0,400,243,567,470
4293,1,1291,214,1454,425
4294,0,399,239,566,469
4294,1,1290,217,1453,424
4295,0,397,240,565,468
4295,1,1289,216,1452,425
4296,0,395,242,564,468
4296,1,1287,217,1451,427
4297,0,395,245,565,471
4297,1,1283,218,1448,432
4298,0,398,252,564,477
4298,1,1281,221,1446,432
4299,0,400,251,567,479
4299,1,1280,221,1445,431
4300,0,403,253,570,482
4300,1,1278,219,1443,431
4301,0,407,254,572,481
4301,1,1275,218,1439,428
4302,0,408,248,572,476
4302,1,1269,218,1435,427
4303,0,407,247,571,470
4303,1,1266,222,1431,427
4304,0,408,245,571,467
4304,1,1262,223,1426,427
4305,0,408,246,571,463
4305,1,1257,224,1423,430
4306,0,407,245,571,464
4306,1,1255,224,1421,432
4307,0,407,247,571,468
4307,1,1252,223,1419,433
4308,0,407,251,571,469
4308,1,1251,222,1418,434
4309,0,405,246,570,469
4309,1,1250,224,1418,435
4310,0,402,244,567,469
4310,1,1250,225,1418,436
4311,0,396,238,562,471
4311,1,1250,226,1417,436
4312,0,392,236,559,470
4312,1,1250,225,1418,434
4313,0,390,234,555,469
4313,1,1250,222,1418,437
4314,0,387,232,555,467
4314,1,1251,221,1419,437
4315,0,387,231,555,464
4315,1,1252,218,1420,436
4316,0,386,232,554,459
4316,1,1254,216,1421,433
4317,0,386,231,553,457
4317,1,1258,212,1423,428
4318,0,385,231,553,459
4318,1,1261,214,1426,426
4319,0,385,230,554,459
4319,1,1262,213,1427,423
4320,0,386,230,554,456
4320,1,1264,211,1430,421
4321,0,385,228,555,454
4321,1,1268,208,1432,420
4322,0,384,227,554,448
4322,1,1272,203,1437,420
4323,0,384,226,553,449
4323,1,1274,200,1439,418
4324,0,383,225,551,449
4324,1,1276,198,1441,414
4325,0,381,226,550,453
4325,1,1279,193,1444,413
4326,0,379,226,548,455
4326,1,1282,195,1447,412
4327,0,377,226,545,453
4327,1,1285,190,1450,409
4328,0,375,227,544,453
4328,1,1289,190,1453,408
4329,0,375,227,543,455
4329,1,1290,192,1454,408
4330,0,375,228,542,457
4330,1,1293,191,1457,407
4331,0,375,229,542,458
4331,1,1294,190,1459,408
4332,0,377,230,544,459
4332,1,1295,192,1460,409
4333,0,379,232,546,463
4333,1,1295,193,1460,409
4334,0,379,230,548,467
4334,1,1296,198,1459,409
4335,0,383,233,550,469
4335,1,1296,198,1460,410
4336,0,386,234,552,470
4336,1,1295,200,1460,412
4337,0,389,230,555,462
4337,1,1296,203,1460,412
4338,0,391,228,558,458
4338,1,1295,203,1460,413
4339,0,391,230,559,452
4339,1,1295,203,1459,414
4340,0,392,232,559,454
4340,1,1292,205,1458,417
4341,0,392,236,558,460
4341,1,1291,207,1457,417
4342,0,392,237,559,465
4342,1,1290,207,1456,418
4343,0,393,240,560,465
4343,1,1289,208,1455,418
4344,0,393,241,561,465
4344,1,1288,207,1455,419
4345,0,397,245,562,465
4345,1,1288,207,1454,423
4346,0,399,244,564,466
4346,1,1288,207,1454,424
4347,0,401,248,565,469
4347,1,1288,206,1454,423
4348,0,402,247,567,468
4348,1,1287,206,1454,421
4349,0,404,246,567,468
4349,1,1287,207,1454,421
4350,0,405,245,568,467
4350,1,1288,207,1454,421
4351,0,405,244,568,467
4351,1,1289,206,1454,421
4352,0,406,245,569,467
4352,1,1291,205,1455,419
4353,0,406,245,568,467
4353,1,1292,204,1456,415
4354,0,406,245,569,467
4354,1,1292,203,1457,416
4355,0,407,245,569,467
4355,1,1293,203,1457,419
4356,0,407,246,569,469
4356,1,1294,201,1458,419
4357,0,408,246,569,470
4357,1,1296,200,1460,418
4358,0,410,245,570,473
4358,1,1296,200,1460,418
4359,0,411,244,571,478
4359,1,1297,201,1461,419
4360,0,413,242,572,483
4360,1,1296,201,1461,421
4361,0,414,240,572,482
4361,1,1296,202,1461,419
4362,0,414,243,572,475
4362,1,1296,202,1461,419
4363,1,1296,202,1461,420
4363,0,414,244,573,471
4364,1,1296,202,1461,420
4364,0,415,244,573,468
4365,1,1296,202,1461,421
4365,0,414,246,573,464
4366,1,1297,201,1460,418
4366,0,414,248,574,462
4367,1,1297,201,1460,417
4367,0,415,248,575,461
4368,1,1297,203,1460,423
4368,0,416,246,575,461
4369,1,1297,204,1459,422
4369,0,417,248,576,460
4370,1,1296,203,1458,422
4370,0,419,248,579,460
4371,1,1295,203,1457,421
4371,0,422,248,581,458
4372,1,1293,203,1456,421
4372,0,423,249,583,461
4373,1,1295,202,1456,417
4373,0,426,249,585,464
4374,1,1294,203,1456,418
4374,0,428,249,587,464
4375,1,1292,203,1456,420
4375,0,430,249,590,461
4376,1,1292,204,1456,423
4376,0,433,251,592,458
4377,1,1293,204,1455,418
4377,0,438,249,598,458
4378,1,1291,204,1455,423
4378,0,439,252,602,458
4379,1,1291,203,1455,425
4379,0,443,251,606,460
4380,1,1289,209,1454,429
4380,0,452,254,614,464
4381,0,459,248,622,474
4381,1,1289,211,1453,432
4382,1,1289,212,1452,432
4382,0,466,253,627,472
4383,0,471,250,631,475
4383,1,1288,212,1452,432
4384,1,1288,213,1452,431
4384,0,476,255,633,477
4385,1,1288,212,1451,431
4385,0,478,256,636,479
4386,1,1287,212,1451,431
4386,0,482,258,639,483
4387,1,1287,213,1451,431
4387,0,486,258,641,485
4388,0,488,257,645,484
4388,1,1287,214,1451,431
4389,0,491,257,647,484
4389,1,1286,214,1450,431
4390,0,493,258,650,487
4390,1,1286,216,1449,428
4391,0,497,259,652,488
4391,1,1284,219,1448,425
4392,0,499,259,653,484
4392,1,1283,218,1446,425
4393,0,498,259,653,485
4393,1,1283,217,1446,426
4394,0,498,260,653,482
4394,1,1283,215,1445,427
4395,1,1281,214,1445,427
4395,0,497,260,652,480
4396,1,1280,215,1445,426
4396,0,497,259,653,479
4397,1,1279,216,1444,427
4397,0,496,259,652,479
4398,1,1279,218,1442,427
4398,0,495,259,651,478
4399,0,493,256,651,480
4399,1,1278,217,1442,429
4400,0,492,255,649,482
4400,1,1277,219,1441,429
4401,0,490,254,647,484
4401,1,1276,218,1441,432
4402,0,491,257,646,489
4402,1,1276,219,1439,431
4403,0,489,257,645,489
4403,1,1276,219,1438,431
4404,0,488,258,645,486
4404,1,1276,220,1439,432
4405,0,488,260,644,483
4405,1,1275,219,1438,432
4406,1,1275,219,1438,430
4406,0,486,260,642,478
4407,1,1275,219,1438,427
4407,0,485,260,641,475
4408,1,1275,220,1437,426
4408,0,485,259,640,472
4409,1,1275,220,1437,427
4409,0,485,258,639,472
4410,1,1275,221,1438,427
4410,0,485,256,638,472
4411,1,1275,220,1438,430
4411,0,485,255,638,472
4412,1,1275,220,1438,432
4412,0,484,256,639,473
4413,1,1275,220,1439,434
4413,0,485,257,639,474
4414,1,1275,218,1439,434
4414,0,486,257,640,474
4415,1,1275,219,1439,434
4415,0,486,257,641,475
4416,1,1275,219,1439,431
4416,0,486,258,641,479
4417,0,486,257,641,483
4417,1,1275,218,1439,431
4418,1,1275,219,1439,432
4418,0,488,259,641,485
4419,0,488,258,642,489
4419,1,1275,218,1439,433
4420,0,487,257,642,492
4420,1,1274,215,1438,432
4421,0,487,258,641,491
4421,1,1273,216,1435,433
4422,0,486,259,641,485
4422,1,1269,216,1432,431
4423,1,1266,214,1430,430
4423,0,486,265,641,482
4424,1,1264,217,1426,433
4424,0,484,265,641,480
4425,1,1261,216,1424,433
4425,0,484,266,640,476
4426,1,1261,214,1424,432
4426,0,483,264,639,475
4427,1,1261,214,1426,431
4427,0,483,262,639,476
4428,1,1261,216,1426,431
4428,0,482,262,638,476
4429,1,1260,220,1425,430
4429,0,482,263,638,477
4430,1,1256,221,1420,431
4430,0,480,263,637,477
4431,1,1251,221,1417,436
4431,0,480,264,638,478
4432,1,1247,222,1413,435
4432,0,480,263,636,480
4433,1,1246,220,1412,435
4433,0,479,267,636,480
4434,1,1244,222,1412,435
4434,0,478,267,636,481
4435,1,1241,220,1410,435
4435,0,477,266,636,484
4436,1,1240,218,1409,436
4436,0,476,266,635,485
4437,1,1238,219,1407,434
4437,0,475,267,635,485
4438,1,1238,217,1406,434
4438,0,474,265,635,485
4439,1,1237,213,1407,433
4439,0,473,266,634,486
4440,1,1241,208,1410,428
4440,0,471,265,634,484
4441,1,1249,198,1415,423
4441,0,468,263,633,485
4442,1,1257,191,1424,421
4442,0,466,265,631,485
4443,1,1259,188,1425,417
4443,0,466,265,628,484
4444,1,1260,189,1427,414
4444,0,464,264,627,486
4445,1,1259,187,1426,414
4445,0,463,264,627,485
4446,1,1259,188,1427,416
4446,0,461,263,624,484
4447,1,1260,190,1428,416
4447,0,456,259,621,484
4448,1,1262,188,1431,415
4448,0,451,256,616,477
4449,1,1266,190,1434,411
4449,0,446,255,611,469
4450,1,1271,188,1439,409
4450,0,437,252,599,459
4451,1,1273,186,1441,410
4451,0,430,248,589,453
4452,1,1276,187,1444,413
4452,0,421,247,580,451
4453,1,1278,187,1445,412
4453,0,417,245,575,452
4454,1,1280,189,1445,412
4454,0,410,244,569,457
4455,1,1278,189,1445,412
4455,0,402,243,565,461
4456,0,397,240,561,465
4456,1,1277,192,1442,410
4457,0,392,235,557,467
4457,1,1274,197,1436,408
4458,0,390,235,554,468
4458,1,1271,197,1431,408
4459,0,388,236,549,468
4459,1,1268,197,1428,408
4460,0,384,233,545,467
4460,1,1266,199,1422,409
4461,0,378,235,542,467
4461,1,1265,199,1419,410
4462,0,374,235,536,468
4462,1,1266,199,1422,411
4463,0,371,237,534,472
4463,1,1267,199,1423,412
4464,0,371,233,531,472
4464,1,1268,201,1425,414
4465,0,368,232,529,470
4465,1,1270,201,1427,418
4466,0,365,233,526,468
4466,1,1270,201,1429,421
4467,0,363,231,525,467
4467,1,1272,206,1429,421
4468,0,361,227,526,465
4468,1,1273,208,1429,422
4469,0,360,229,525,464
4469,1,1272,209,1428,422
4470,0,359,230,525,464
4470,1,1271,211,1428,421
4471,0,360,230,524,464
4471,1,1269,209,1427,420
4472,0,361,230,524,467
4472,1,1266,212,1424,420
4473,0,363,231,526,468
4473,1,1264,216,1421,421
4474,0,366,230,527,467
4474,1,1260,219,1420,422
4475,0,368,230,530,467
4475,1,1256,222,1417,425
4476,0,369,231,533,468
4476,1,1252,225,1414,428
4477,0,369,231,535,473
4477,1,1243,233,1405,432
4478,0,371,235,536,474
4478,1,1235,239,1400,438
4479,0,372,230,538,475
4479,1,1229,240,1392,442
4480,0,377,236,543,473
4480,1,1219,252,1386,447
4481,0,381,237,545,476
4481,1,1210,256,1372,440
4482,0,384,234,548,478
4482,1,1200,264,1363,446
4483,0,386,239,551,480
4483,1,1193,264,1360,455
4484,0,389,241,552,482
4484,1,1189,267,1357,450
4485,0,391,243,553,482
4485,1,1185,266,1354,450
4486,0,392,244,554,482
4486,1,1182,265,1352,455
4487,0,393,243,555,482
4487,1,1179,260,1349,454
4488,0,394,244,555,480
4488,1,1176,259,1348,452
4489,0,395,243,557,478
4489,1,1175,259,1348,459
4490,0,395,244,558,475
4490,1,1174,258,1347,461
4491,0,397,243,559,475
4491,1,1175,258,1347,466
4492,0,397,241,560,474
4492,1,1176,259,1348,460
4493,0,398,242,559,472
4493,1,1177,258,1349,460
4494,0,399,245,558,473
4494,1,1177,257,1349,461
4495,0,399,247,558,474
4495,1,1177,260,1350,468
4496,0,399,248,559,473
4496,1,1178,260,1351,459
4497,0,400,248,559,472
4497,1,1180,263,1351,457
4498,0,402,248,561,472
4498,1,1182,264,1355,458
4499,0,403,250,562,473
4499,1,1183,265,1356,456
4500,0,403,249,567,476
4500,1,1185,268,1357,457
4501,0,404,252,567,477
4501,1,1186,271,1359,456
4502,0,405,256,567,477
4502,1,1187,272,1360,454
4503,0,404,254,567,477
4503,1,1188,275,1361,453
4504,0,404,255,568,477
4504,1,1189,275,1362,453
4505,0,405,254,568,477
4505,1,1190,275,1363,454
4506,0,404,255,568,478
4506,1,1190,276,1363,454
4507,0,404,255,568,479
4507,1,1191,276,1363,454
4508,0,404,254,568,479
4508,1,1190,276,1363,455
4509,0,404,254,568,479
4509,1,1190,276,1363,455
4510,0,404,255,569,480
4510,1,1190,277,1361,453
4511,0,404,255,569,480
4511,1,1190,278,1361,453
4512,0,405,254,570,480
4512,1,1188,278,1360,456
4513,0,406,255,570,481
4513,1,1187,278,1360,456
4514,0,406,254,571,482
4514,1,1187,278,1360,455
4515,0,407,254,571,481
4515,1,1186,278,1360,456
4516,0,408,254,571,481
4516,1,1186,278,1360,458
4517,0,409,254,571,482
4517,1,1186,277,1360,456
4518,0,409,254,572,482
4518,1,1186,276,1360,457
4519,0,410,254,572,482
4519,1,1185,276,1360,459
4520,0,410,254,572,482
4520,1,1187,275,1360,458
4521,0,410,252,573,481
4521,1,1188,275,1360,458
4522,0,410,252,572,480
4522,1,1188,276,1359,459
4523,0,410,251,572,480
4523,1,1188,275,1360,460
4524,0,409,251,572,480
4524,1,1188,275,1360,461
4525,0,410,252,572,480
4525,1,1189,275,1360,462
4526,0,411,251,572,480
4526,1,1189,275,1361,462
4527,0,410,254,573,479
4527,1,1190,273,1360,463
4528,0,411,253,573,479
4528,1,1192,271,1361,459
4529,0,410,252,573,479
4529,1,1193,268,1362,458
4530,0,409,252,573,479
4530,1,1192,268,1363,461
4531,0,409,253,573,479
4531,1,1194,268,1364,461
4532,0,409,254,573,480
4532,1,1195,269,1365,460
4533,0,410,254,571,480
4533,1,1196,268,1365,460
4534,0,410,254,571,483
4534,1,1197,267,1366,458
4535,0,409,254,570,482
4535,1,1197,268,1366,455
4536,0,409,255,570,484
4536,1,1197,268,1365,453
4537,0,409,254,570,483
4537,1,1198,268,1366,454
4538,0,410,255,570,481
4538,1,1198,269,1365,453
4539,0,409,254,570,480
4539,1,1198,269,1366,453
4540,0,409,254,570,478
4540,1,1200,272,1367,455
4541,0,408,253,570,479
4541,1,1201,273,1366,452
4542,0,408,252,570,478
4542,1,1202,274,1368,456
4543,0,408,252,570,478
4543,1,1201,275,1368,455
4544,0,408,254,570,479
4544,1,1202,275,1369,455
4545,0,408,253,570,479
4545,1,1202,276,1369,457
4546,0,408,254,570,478
4546,1,1202,275,1370,461
4547,0,408,253,570,478
4547,1,1202,275,1371,463
4548,0,407,254,569,477
4548,1,1203,276,1372,461
4549,0,407,254,569,478
4549,1,1203,275,1371,462
4550,0,407,252,569,479
4550,1,1204,275,1371,459
4551,0,406,254,569,481
4551,1,1205,273,1371,461
4552,0,406,253,569,483
4552,1,1208,268,1372,456
4553,0,406,252,569,483
4553,1,1210,265,1374,457
4554,0,406,253,568,482
4554,1,1212,260,1377,460
4555,0,406,254,568,480
4555,1,1213,260,1380,460
4556,0,406,253,569,479
4556,1,1216,256,1382,458
4557,0,406,254,569,477
4557,1,1222,251,1386,456
4558,0,406,255,569,477
4558,1,1227,255,1390,452
4559,0,406,255,569,476
4559,1,1231,255,1392,453
4560,0,406,254,568,474
4560,1,1239,259,1398,452
4561,0,406,254,568,474
4561,1,1244,256,1404,457
4562,0,405,253,568,474
4562,1,1250,253,1410,459
4563,0,405,254,568,474
4563,1,1255,251,1416,460
4564,0,405,253,568,474
4564,1,1259,254,1419,461
4565,0,405,254,568,474
4565,1,1262,255,1424,462
4566,0,404,253,568,474
4566,1,1264,257,1426,462
4567,0,403,253,567,474
4567,1,1265,251,1428,458
4568,0,403,251,567,474
4568,1,1265,245,1426,453
4569,0,402,251,566,474
4569,1,1264,240,1425,448
4570,0,401,250,566,476
4570,1,1262,238,1421,441
4571,0,401,249,566,476
4571,1,1257,230,1415,435
4572,0,401,250,565,479
4572,1,1254,230,1408,437
4573,0,401,250,564,481
4573,1,1252,227,1405,437
4574,0,400,249,564,482
4574,1,1247,223,1403,437
4575,0,400,249,564,482
4575,1,1245,225,1399,436
4576,0,399,249,562,482
4576,1,1242,224,1398,434
4577,0,399,247,562,482
4577,1,1239,225,1394,433
4578,0,399,247,561,483
4578,1,1236,225,1392,429
4579,0,399,248,562,482
4579,1,1232,224,1389,429
4580,0,398,248,561,480
4580,1,1229,223,1387,427
4581,0,398,249,561,477
4581,1,1226,222,1382,427
4582,0,398,249,559,477
4582,1,1224,221,1381,427
4583,0,398,249,558,476
4583,1,1223,221,1380,428
4584,0,397,250,558,475
4584,1,1223,222,1379,429
4585,0,398,251,557,476
4585,1,1222,223,1377,431
4586,0,397,251,558,475
4586,1,1221,224,1378,432
4587,0,396,251,559,477
4587,1,1221,226,1378,434
4588,0,395,252,559,478
4588,1,1220,226,1378,435
4589,0,395,250,558,478
4589,1,1220,226,1378,435
4590,0,391,251,552,476
4590,1,1221,228,1378,435
4591,0,384,251,547,479
4591,1,1221,229,1379,439
4592,0,383,255,545,478
4592,1,1223,231,1380,440
4593,0,385,254,548,475
4593,1,1223,232,1380,439
4594,0,389,253,550,473
4594,1,1224,232,1381,440
4595,0,392,251,553,475
4595,1,1225,233,1382,439
4596,0,395,250,555,476
4596,1,1225,232,1383,440
4597,0,392,251,555,478
4597,1,1226,232,1385,440
4598,0,391,251,554,478
4598,1,1227,233,1386,440
4599,0,391,251,553,478
4599,1,1228,232,1387,440
4600,0,394,248,555,477
4600,1,1230,233,1388,439
4601,0,396,244,557,476
4601,1,1231,232,1388,439
4602,0,396,241,556,475
4602,1,1232,233,1389,439
4603,0,395,244,553,475
4603,1,1232,233,1390,441
4604,0,391,246,552,475
4604,1,1233,233,1391,443
4605,0,390,246,548,475
4605,1,1233,234,1391,443
4606,0,390,245,549,475
4606,1,1234,233,1392,445
4607,0,391,247,550,474
4607,1,1235,232,1393,446
4608,0,391,246,549,475
4608,1,1236,232,1393,446
4609,0,390,247,548,475
4609,1,1236,232,1394,446
4610,0,388,246,547,475
4610,1,1236,232,1395,446
4611,0,389,245,547,475
4611,1,1238,233,1396,441
4612,0,390,241,550,475
4612,1,1241,235,1397,439
4613,0,390,243,550,474
4613,1,1242,233,1400,438
4614,0,390,244,549,474
4614,1,1242,232,1403,437
4615,0,390,245,549,474
4615,1,1245,234,1404,436
4616,0,391,244,549,474
4616,1,1248,232,1408,436
4617,0,392,244,551,474
4617,1,1251,229,1410,436
4618,0,394,245,553,475
4618,1,1252,227,1412,436
4619,0,394,245,553,473
4619,1,1253,225,1415,435
4620,0,396,246,555,472
4620,1,1259,225,1418,432
4621,0,396,243,555,472
4621,1,1261,222,1421,428
4622,0,396,243,555,472
4622,1,1263,222,1422,429
4623,0,397,243,555,473
4623,1,1264,222,1423,429
4624,0,396,240,556,476
4624,1,1265,223,1423,432
4625,0,396,241,556,477
4625,1,1265,223,1423,434
4626,0,396,242,556,477
4626,1,1266,223,1424,433
4627,0,395,243,555,476
4627,1,1266,222,1424,433
4628,0,394,243,555,473
4628,1,1266,222,1424,431
4629,0,394,243,556,471
4629,1,1266,221,1425,434
4630,0,393,242,555,470
4630,1,1266,219,1425,434
4631,0,393,243,556,470
4631,1,1267,217,1426,434
4632,0,393,240,555,470
4632,1,1267,217,1426,433
4633,0,394,241,555,469
4633,1,1266,218,1425,433
4634,0,394,243,555,470
4634,1,1266,219,1424,433
4635,0,393,243,555,469
4635,1,1265,218,1424,432
4636,0,394,242,555,468
4636,1,1265,219,1423,432
4637,0,394,241,556,468
4637,1,1264,220,1421,434
4638,0,394,241,556,467
4638,1,1263,218,1421,436
4639,0,393,241,556,467
4639,1,1262,219,1420,435
4640,0,391,240,555,468
4640,1,1258,222,1417,435
4641,0,389,243,553,468
4641,1,1255,224,1412,434
4642,0,385,243,547,467
4642,1,1252,225,1407,434
4643,0,380,245,544,467
4643,1,1250,228,1405,432
4644,0,376,242,543,468
4644,1,1247,230,1401,433
4645,0,374,247,541,468
4645,1,1245,233,1400,434
4646,0,372,243,540,469
4646,1,1244,236,1397,436
4647,0,371,242,538,470
4647,1,1243,238,1396,439
4648,0,370,241,537,470
4648,1,1243,239,1396,441
4649,0,369,239,537,472
4649,1,1243,240,1397,442
4650,0,369,236,536,475
4650,1,1242,242,1395,443
4651,0,368,233,537,476
4651,1,1242,242,1394,443
4652,0,370,233,539,478
4652,1,1241,242,1394,441
4653,0,372,232,541,479
4653,1,1241,241,1393,442
4654,0,373,230,542,480
4654,1,1240,240,1392,442
4655,0,375,227,544,480
4655,1,1240,238,1391,443
4656,0,379,226,547,481
4656,1,1239,238,1391,442
4657,0,381,223,551,479
4657,1,1239,236,1391,440
4658,0,383,220,554,477
4658,1,1240,235,1392,439
4659,0,385,220,557,475
4659,1,1240,234,1392,439
4660,0,389,219,560,472
4660,1,1240,231,1391,439
4661,0,393,216,566,463
4661,1,1241,231,1393,440
4662,0,401,215,571,463
4662,1,1243,230,1395,438
4663,0,405,215,574,458
4663,1,1245,229,1397,438
4664,0,407,211,578,455
4664,1,1247,227,1403,438
4665,0,411,210,582,450
4665,1,1251,224,1405,436
4666,0,412,206,586,453
4666,1,1253,225,1409,436
4667,0,415,207,590,446
4667,1,1257,223,1415,435
4668,0,419,207,592,443
4668,1,1260,221,1418,430
4669,0,421,204,594,438
4669,1,1261,221,1421,432
4670,0,425,201,600,432
4670,1,1264,219,1424,430
4671,0,430,197,605,429
4671,1,1268,218,1428,431
4672,0,434,196,609,430
4672,1,1271,217,1431,429
4673,0,438,195,613,431
4673,1,1272,218,1433,430
4674,0,442,194,616,432
4674,1,1274,218,1433,429
4675,0,446,196,618,433
4675,1,1275,219,1434,430
4676,0,447,196,621,433
4676,1,1276,221,1434,430
4677,0,449,192,624,431
4677,1,1277,220,1436,431
4678,0,451,192,625,432
4678,1,1278,219,1437,431
4679,0,453,193,625,430
4679,1,1280,220,1438,430
4680,0,455,193,627,430
4680,1,1282,221,1441,432
4681,0,457,196,628,431
4681,1,1284,223,1444,430
4682,0,458,196,629,435
4682,1,1285,226,1447,434
4683,0,459,196,629,440
4683,1,1285,229,1448,436
4684,0,460,194,627,439
4684,1,1286,231,1447,437
4685,0,459,188,627,440
4685,1,1286,230,1447,438
4686,0,460,187,625,437
4686,1,1286,230,1447,439
4687,0,462,181,622,435
4687,1,1286,230,1447,438
4688,0,462,179,620,433
4688,1,1286,230,1447,437
4689,0,462,177,619,430
4689,1,1285,230,1447,437
4690,0,459,177,616,429
4690,1,1286,229,1447,436
4691,0,459,177,611,427
4691,1,1286,232,1447,436
4692,0,458,177,609,426
4692,1,1285,232,1446,436
4693,0,457,177,608,425
4693,1,1285,232,1446,437
4694,0,455,178,607,424
4694,1,1285,233,1445,438
4695,0,451,179,605,424
4695,1,1285,233,1445,438
4696,0,449,178,603,424
4696,1,1285,231,1445,440
4697,0,446,182,601,424
4697,1,1284,232,1443,441
4698,0,447,183,599,424
4698,1,1283,233,1442,441
4699,0,446,187,597,424
4699,1,1283,233,1441,441
4700,0,445,191,593,427
4700,1,1282,228,1440,439
4701,0,443,194,588,427
4701,1,1281,226,1439,439
4702,0,439,197,586,430
4702,1,1279,226,1437,435
4703,0,437,199,584,432
4703,1,1278,224,1435,435
4704,0,435,202,581,433
4704,1,1278,223,1435,434
4705,0,431,201,579,433
4705,1,1277,223,1434,436
4706,0,428,203,578,433
4706,1,1276,224,1432,437
4707,0,426,206,574,434
4707,1,1275,226,1431,438
4708,0,426,209,572,435
4708,1,1275,229,1431,437
4709,0,425,211,570,435
4709,1,1274,232,1430,439
4710,0,423,212,568,435
4710,1,1272,236,1429,439
4711,0,421,216,567,434
4711,1,1268,238,1427,436
4712,1,1265,239,1424,440
4712,0,420,219,565,434
4713,1,1264,240,1421,441
4713,0,418,222,565,433
4714,1,1262,239,1421,444
4714,0,417,223,564,432
4715,1,1261,241,1418,443
4715,0,416,226,564,431
4716,1,1258,242,1417,446
4716,0,416,228,563,429
4717,1,1256,245,1414,445
4717,0,417,230,562,429
4718,1,1253,244,1413,446
4718,0,417,232,561,432
4719,1,1253,245,1412,447
4719,0,417,235,561,433
4720,1,1251,246,1411,447
4720,0,417,236,562,436
4721,1,1250,247,1410,448
4721,0,416,240,564,438
4722,1,1249,247,1409,448
4722,0,414,240,563,442
4723,1,1249,247,1409,449
4723,0,413,239,563,443
4724,1,1248,248,1409,450
4724,0,411,234,566,442
4725,1,1248,248,1409,449
4725,0,415,234,568,441
4726,1,1248,248,1409,449
4726,0,415,233,570,439
4727,0,418,231,577,439
4727,1,1248,248,1408,451
4728,0,418,229,580,439
4728,1,1249,247,1409,449
4729,0,419,229,583,439
4729,1,1249,246,1408,451
4730,0,422,227,587,439
4730,1,1250,246,1408,445
4731,0,425,227,591,440
4731,1,1251,243,1407,442
4732,0,427,227,594,442
4732,1,1251,243,1407,447
4733,0,427,226,596,443
4733,1,1252,243,1408,446
4734,0,429,226,598,443
4734,1,1252,242,1408,442
4735,0,430,226,601,443
4735,1,1254,239,1408,441
4736,0,431,225,604,443
4736,1,1254,237,1409,437
4737,0,433,224,606,443
4737,1,1256,236,1410,432
4738,0,435,221,608,442
4738,1,1259,232,1414,435
4739,0,436,220,609,442
4739,1,1262,228,1419,432
4740,0,436,218,609,442
4740,1,1264,222,1422,432
4741,0,435,217,608,443
4741,1,1266,220,1425,433
4742,0,434,218,608,443
4742,1,1268,222,1427,430
4743,0,433,219,608,444
4743,1,1269,222,1427,427
4744,0,432,219,608,443
4744,1,1270,220,1428,426
4745,0,430,217,607,444
4745,1,1271,219,1428,428
4746,0,428,215,605,443
4746,1,1272,219,1429,429
4747,0,426,215,604,443
4747,1,1272,216,1430,426
4748,0,425,214,604,443
4748,1,1273,216,1431,424
4749,0,425,213,603,443
4749,1,1273,217,1431,425
4750,0,423,214,602,442
4750,1,1274,214,1432,428
4751,0,422,215,600,441
4751,1,1274,213,1433,423
4752,0,421,216,596,443
4752,1,1274,217,1434,420
4753,0,420,217,596,443
4753,1,1275,218,1434,418
4754,0,418,217,595,442
4754,1,1276,217,1434,419
4755,0,416,216,594,442
4755,1,1277,213,1437,417
4756,0,417,216,593,443
4756,1,1279,214,1437,417
4757,0,417,216,591,448
4757,1,1283,215,1438,417
4758,0,417,216,591,450
4758,1,1284,213,1439,413
4759,0,417,217,589,449
4759,1,1284,214,1440,414
4760,0,416,217,588,443
4760,1,1284,214,1440,414
4761,0,415,217,588,443
4761,1,1284,215,1439,414
4762,0,416,216,589,442
4762,1,1283,216,1439,417
4763,0,416,214,589,442
4763,1,1284,215,1439,419
4764,0,416,214,591,442
4764,1,1283,215,1439,420
4765,0,416,214,591,441
4765,1,1283,214,1439,419
4766,0,417,213,591,441
4766,1,1283,214,1440,418
4767,0,418,213,592,442
4767,1,1283,214,1441,416
4768,0,418,213,592,442
4768,1,1283,214,1441,415
4769,0,417,212,591,442
4769,1,1283,215,1441,415
4770,0,417,211,590,440
4770,1,1283,217,1441,416
4771,0,416,208,589,439
4771,1,1283,221,1441,416
4772,0,412,208,587,439
4772,1,1283,222,1441,417
4773,0,411,207,586,441
4773,1,1283,222,1441,418
4774,0,409,210,585,442
4774,1,1283,223,1441,420
4775,0,410,213,584,442
4775,1,1283,224,1441,422
4776,0,409,215,582,443
4776,1,1283,225,1442,424
4777,0,408,215,580,440
4777,1,1283,227,1442,427
4778,0,407,215,578,440
4778,1,1283,226,1443,430
4779,0,406,214,577,441
4779,1,1283,227,1443,431
4780,0,403,214,573,442
4780,1,1284,228,1443,432
4781,0,401,215,568,442
4781,1,1284,227,1444,432
4782,0,398,215,567,443
4782,1,1284,227,1444,432
4783,0,398,214,565,444
4783,1,1284,228,1444,434
4784,0,395,215,563,443
4784,1,1284,228,1444,434
4785,0,394,217,561,443
4785,1,1284,228,1444,433
4786,0,393,217,559,447
4786,1,1284,227,1444,433
4787,0,393,222,560,446
4787,1,1283,229,1443,432
4788,0,397,223,562,442
4788,1,1283,229,1443,432
4789,0,403,223,566,441
4789,1,1283,228,1443,432
4790,0,414,223,572,441
4790,1,1283,227,1443,432
4791,0,414,225,574,445
4791,1,1282,228,1442,432
4792,0,413,224,573,448
4792,1,1282,228,1442,432
4793,0,409,230,570,448
4793,1,1282,228,1442,432
4794,0,407,229,568,450
4794,1,1282,228,1442,433
4795,0,406,230,567,449
4795,1,1282,229,1442,433
4796,0,407,230,567,448
4796,1,1282,229,1441,433
4797,0,413,230,570,446
4797,1,1282,229,1441,433
4798,0,418,225,575,447
4798,1,1282,230,1441,432
4799,0,422,227,579,448
4799,1,1282,230,1441,432
4800,0,426,229,581,445
4800,1,1282,230,1441,433
4801,0,432,232,583,446
4801,1,1282,231,1441,433
4802,0,434,232,586,447
4802,1,1282,232,1442,433
4803,0,436,234,587,447
4803,1,1282,232,1442,433
4804,0,436,234,588,447
4804,1,1282,232,1441,432
4805,1,1282,231,1441,432
4805,0,437,239,589,447
4806,1,1282,229,1441,431
4806,0,437,238,589,447
4807,1,1281,228,1440,429
4807,0,435,237,585,445
4808,0,431,235,583,446
4808,1,1281,228,1439,429
4809,0,426,232,580,445
4809,1,1280,229,1439,429
4810,0,421,226,576,447
4810,1,1280,229,1438,430
4811,0,414,227,572,447
4811,1,1280,230,1438,430
4812,0,406,231,564,449
4812,1,1281,231,1438,431
4813,0,401,230,561,449
4813,1,1281,230,1438,432
4814,0,398,231,557,451
4814,1,1281,230,1438,432
4815,0,396,230,554,450
4815,1,1281,230,1438,433
4816,0,395,228,553,449
4816,1,1281,231,1438,433
4817,0,395,230,554,450
4817,1,1281,230,1438,433
4818,0,395,230,553,450
4818,1,1281,230,1438,433
4819,0,395,233,553,450
4819,1,1280,230,1438,434
4820,0,395,232,555,453
4820,1,1280,231,1438,434
4821,0,397,236,555,455
4821,1,1280,232,1437,433
4822,0,396,236,556,458
4822,1,1280,232,1437,433
4823,0,395,236,556,458
4823,1,1280,233,1437,433
4824,0,395,236,556,457
4824,1,1279,233,1437,433
4825,0,396,237,556,458
4825,1,1279,232,1437,432
4826,0,398,237,557,459
4826,1,1279,232,1437,432
4827,0,398,238,558,460
4827,1,1280,233,1438,432
4828,0,399,236,557,461
4828,1,1281,234,1439,431
4829,0,399,237,559,460
4829,1,1283,233,1441,430
4830,0,395,237,556,460
4830,1,1284,230,1445,429
4831,0,388,240,550,466
4831,1,1286,226,1448,428
4832,0,386,247,549,469
4832,1,1290,225,1450,428
4833,0,387,243,552,472
4833,1,1293,224,1452,427
4834,0,389,242,555,475
4834,1,1296,224,1452,427
4835,0,393,241,560,474
4835,1,1297,224,1454,427
4836,0,396,243,566,471
4836,1,1298,224,1455,427
4837,0,405,243,568,468
4837,1,1299,223,1457,427
4838,0,408,242,571,465
4838,1,1299,223,1458,428
4839,0,412,239,572,463
4839,1,1299,224,1457,428
4840,0,413,236,571,460
4840,1,1298,226,1456,428
4841,0,411,233,570,459
4841,1,1297,226,1455,430
4842,0,409,232,568,456
4842,1,1296,227,1453,432
4843,0,409,234,568,455
4843,1,1295,228,1452,433
4844,0,410,234,567,456
4844,1,1293,231,1451,433
4845,0,410,236,567,457
4845,1,1289,233,1448,433
4846,0,411,237,568,456
4846,1,1287,232,1446,433
4847,0,410,235,567,456
4847,1,1283,231,1440,433
4848,0,409,236,567,459
4848,1,1278,233,1435,432
4849,0,408,239,567,460
4849,1,1275,230,1432,431
4850,0,406,238,567,462
4850,1,1271,224,1428,427
4851,0,404,238,568,462
4851,1,1264,222,1423,427
4852,0,403,240,566,462
4852,1,1261,220,1419,425
4853,0,403,239,565,461
4853,1,1257,217,1417,424
4854,0,403,240,564,462
4854,1,1255,216,1415,423
4855,0,402,240,564,461
4855,1,1253,206,1415,423
4856,0,400,239,562,461
4856,1,1250,202,1414,421
4857,0,397,244,559,466
4857,1,1249,198,1411,413
4858,0,395,245,558,469
4858,1,1249,195,1411,409
4859,0,393,243,556,469
4859,1,1250,191,1411,404
4860,0,391,243,554,468
4860,1,1250,185,1411,397
4861,0,389,241,555,462
4861,1,1252,180,1411,389
4862,0,392,239,556,463
4862,1,1253,177,1410,377
4863,0,393,235,558,465
4863,1,1253,174,1410,369
4864,0,393,234,558,465
4864,1,1255,172,1410,360
4865,0,393,233,558,465
4865,1,1257,173,1409,357
4866,0,392,233,558,464
4866,1,1259,172,1410,351
4867,0,393,235,559,462
4867,1,1261,172,1412,347
4868,0,393,234,560,461
4868,1,1263,173,1414,342
4869,0,393,237,560,461
4869,1,1264,175,1415,335
4870,0,394,234,560,461
4870,1,1267,181,1417,327
4871,0,393,234,561,459
4871,1,1268,183,1418,323
4872,0,393,235,561,460
4872,1,1269,182,1418,321
4873,0,395,235,562,459
4873,1,1268,180,1418,321
4874,0,395,235,562,459
4874,1,1267,180,1418,324
4875,0,395,234,562,458
4875,1,1268,180,1417,322
4876,0,396,233,564,456
4876,1,1268,182,1416,319
4877,0,397,235,565,462
4877,1,1269,182,1417,321
4878,0,398,238,566,467
4878,1,1269,182,1418,321
4879,0,399,236,566,466
4879,1,1270,181,1419,322
4880,0,399,239,566,467
4880,1,1270,182,1419,320
4881,0,397,239,564,466
4881,1,1270,182,1420,322
4882,0,394,236,561,466
4882,1,1270,182,1421,322
4883,0,393,238,561,466
4883,1,1270,182,1421,322
4884,0,393,238,560,468
4884,1,1270,182,1421,324
4885,0,393,239,559,468
4885,1,1272,181,1422,327
4886,0,393,238,559,468
4886,1,1272,181,1422,326
4887,0,392,242,558,469
4887,1,1273,181,1422,326
4888,0,392,243,557,468
4888,1,1272,182,1423,323
4889,0,392,244,556,468
4889,1,1272,181,1423,323
4890,0,391,242,556,469
4890,1,1271,182,1423,322
4891,0,390,242,556,470
4891,1,1271,183,1422,323
4892,0,390,241,555,471
4892,1,1272,183,1422,326
4893,0,390,240,555,470
4893,1,1272,183,1422,327
4894,0,390,240,555,470
4894,1,1271,182,1422,327
4895,0,389,238,555,469
4895,1,1271,182,1422,326
4896,0,389,237,554,467
4896,1,1271,180,1422,329
4897,0,389,239,556,463
4897,1,1271,182,1421,328
4898,0,389,239,557,465
4898,1,1271,182,1420,329
4899,0,390,239,557,465
4899,1,1271,182,1420,328
4900,0,391,238,558,463
4900,1,1272,181,1421,329
4901,0,391,238,559,462
4901,1,1273,181,1421,329
4902,0,392,236,560,461
4902,1,1274,181,1422,328
