frame_idx,speaker_id,x1,y1,x2,y2
0,0,1426,520,1575,711
0,1,359,442,476,598
0,2,1157,487,1260,626
1,0,1426,520,1574,711
1,1,361,442,476,599
1,2,1157,487,1260,626
2,0,1426,520,1574,711
2,1,361,442,476,599
2,2,1157,487,1260,626
3,0,1426,520,1574,712
3,1,362,441,477,599
3,2,1157,487,1260,626
4,0,1425,520,1574,712
4,1,361,442,477,598
4,2,1158,487,1260,626
5,0,1424,520,1573,712
5,1,361,443,477,597
5,2,1157,486,1260,625
6,0,1424,520,1573,713
6,1,359,440,476,594
6,2,1157,486,1260,625
7,0,1423,520,1573,713
7,1,352,439,475,594
7,2,1157,486,1260,625
8,0,1421,519,1571,711
8,1,349,436,470,592
8,2,1157,486,1260,625
9,0,1421,518,1570,709
9,1,345,435,468,591
9,2,1158,486,1260,625
10,0,1421,516,1568,706
10,1,351,433,465,590
10,2,1158,486,1260,625
11,0,1421,514,1566,703
11,1,350,430,464,587
11,2,1157,486,1260,625
12,0,1418,513,1565,702
12,1,345,427,464,584
12,2,1157,486,1260,625
13,0,1413,512,1561,700
13,1,348,423,464,581
13,2,1157,485,1260,624
14,0,1406,513,1556,696
14,1,350,423,464,579
14,2,1158,484,1260,624
15,0,1402,512,1547,693
15,1,350,420,465,580
15,2,1158,484,1261,625
16,0,1397,514,1536,692
16,1,345,416,467,582
16,2,1158,485,1261,625
17,0,1399,522,1525,692
17,1,343,414,465,581
17,2,1157,484,1261,625
18,1,339,412,462,578
18,0,1400,539,1511,693
18,2,1157,485,1261,624
19,1,333,411,460,574
19,2,1157,485,1260,624
20,1,330,411,456,574
20,2,1157,485,1260,624
21,1,325,410,450,573
21,2,1157,486,1259,624
22,1,320,410,447,571
22,2,1156,486,1259,624
23,1,315,408,443,570
23,2,1156,486,1260,624
24,1,314,409,441,570
24,2,1156,486,1259,625
25,1,315,398,438,570
25,2,1156,486,1259,625
26,1,314,398,437,570
26,2,1155,486,1259,625
27,1,313,398,437,569
27,2,1156,486,1259,625
28,1,314,397,437,569
28,2,1155,486,1259,626
29,1,314,398,437,570
29,2,1155,486,1259,626
30,1,315,397,437,570
30,2,1155,486,1259,626
31,1,311,397,436,573
31,2,1155,486,1259,626
32,1,308,397,435,574
32,2,1155,485,1260,626
33,1,305,398,434,578
33,2,1155,485,1260,626
34,1,303,398,431,579
34,2,1155,485,1260,626
35,1,301,399,429,579
35,2,1155,485,1260,626
36,1,296,399,425,580
36,2,1155,485,1260,626
37,1,295,399,425,579
37,2,1155,485,1260,626
38,1,292,400,422,588
38,2,1155,485,1260,626
39,1,291,399,421,585
39,2,1155,485,1260,626
40,1,290,399,418,580
40,2,1155,486,1260,626
41,1,290,399,417,578
41,2,1155,486,1260,625
42,1,289,399,417,576
42,2,1155,487,1260,625
43,1,287,399,418,576
43,2,1155,486,1260,625
44,1,287,400,417,574
44,2,1155,486,1260,625
45,1,287,401,417,575
45,2,1156,485,1260,624
46,1,288,402,419,575
46,2,1156,485,1260,624
47,1,290,402,421,574
47,2,1156,484,1260,624
48,1,292,402,423,575
48,2,1157,485,1260,624
49,1,293,403,424,575
49,2,1157,486,1260,624
50,1,294,401,425,574
50,2,1157,486,1260,624
51,1,297,401,426,575
51,2,1158,486,1260,624
52,1,300,401,426,575
52,2,1158,486,1260,624
53,1,300,402,427,575
53,2,1157,486,1260,624
54,1,299,402,428,575
54,2,1157,486,1260,624
55,1,301,402,428,575
55,2,1157,486,1260,624
56,1,302,402,429,576
56,2,1158,485,1261,624
57,1,303,402,429,577
57,2,1158,486,1261,624
58,1,303,402,429,577
58,2,1158,485,1261,624
59,1,303,402,429,577
59,2,1158,485,1261,624
60,1,304,402,429,577
60,2,1158,486,1261,624
61,1,303,402,429,578
61,2,1157,485,1261,624
62,1,302,403,430,578
62,2,1157,485,1261,624
63,1,302,403,430,578
63,2,1157,485,1261,624
64,1,302,403,430,580
64,2,1157,485,1261,625
65,1,301,403,431,584
65,2,1157,485,1261,625
66,1,301,402,432,586
66,2,1157,486,1260,625
67,1,301,402,432,584
67,2,1157,486,1260,625
68,1,301,403,431,585
68,2,1157,485,1260,625
69,1,300,403,431,585
69,2,1156,486,1260,625
70,0,1336,597,1474,760
70,1,301,403,431,585
70,2,1156,485,1260,625
71,1,301,403,431,586
71,2,1156,484,1260,625
72,1,301,403,430,587
72,0,1372,599,1492,739
72,2,1157,484,1260,625
73,0,1364,589,1497,737
73,1,302,403,430,584
73,2,1156,485,1260,625
74,0,1361,585,1504,736
74,1,303,402,431,583
74,2,1156,485,1260,625
75,0,1358,582,1507,736
75,1,304,402,430,579
75,2,1156,485,1259,625
76,0,1359,580,1508,734
76,1,304,402,429,577
76,2,1155,485,1260,625
77,0,1360,580,1508,732
77,1,302,400,428,576
77,2,1155,486,1260,626
78,0,1356,578,1506,734
78,1,301,400,428,577
78,2,1155,485,1260,627
79,0,1352,573,1503,734
79,1,300,400,427,578
79,2,1155,486,1260,627
80,0,1351,574,1500,734
80,1,300,402,427,578
80,2,1155,487,1260,627
81,0,1348,575,1498,733
81,1,300,401,427,579
81,2,1155,487,1260,627
82,0,1348,573,1497,733
82,1,301,401,427,578
82,2,1155,487,1260,627
83,0,1350,570,1498,734
83,1,300,400,428,578
83,2,1155,487,1260,627
84,0,1352,568,1500,733
84,1,301,401,428,577
84,2,1155,487,1260,627
85,0,1355,568,1506,734
85,1,301,401,429,577
85,2,1155,487,1260,627
86,0,1360,570,1511,734
86,1,301,402,429,579
86,2,1155,486,1260,627
87,0,1364,572,1516,734
87,1,301,401,429,578
87,2,1155,486,1260,627
88,0,1371,571,1520,734
88,1,300,401,429,578
88,2,1155,486,1260,627
89,0,1373,568,1521,733
89,1,300,403,429,578
89,2,1155,486,1260,628
90,0,1375,566,1522,732
90,1,300,403,428,578
90,2,1155,486,1260,628
91,0,1375,560,1523,730
91,1,300,404,427,578
91,2,1155,486,1260,628
92,0,1376,555,1522,727
92,1,300,404,426,579
92,2,1155,486,1260,628
93,0,1375,550,1520,725
93,1,299,405,426,580
93,2,1155,486,1260,628
94,0,1374,550,1520,723
94,1,299,405,426,579
94,2,1155,486,1260,628
95,0,1374,547,1518,722
95,1,298,404,426,580
95,2,1155,486,1260,628
96,0,1372,544,1515,721
96,1,298,405,426,583
96,2,1155,486,1259,628
97,0,1371,543,1515,720
97,1,299,406,427,583
97,2,1155,486,1260,628
98,0,1369,541,1513,718
98,1,300,406,428,582
98,2,1155,486,1260,628
99,0,1369,540,1512,717
99,1,300,406,428,582
99,2,1155,486,1260,628
100,0,1369,538,1513,715
100,1,300,408,428,583
100,2,1155,486,1259,628
101,0,1370,536,1513,714
101,1,302,408,429,583
101,2,1155,486,1259,628
102,0,1371,534,1514,713
102,1,301,407,429,585
102,2,1155,486,1259,628
103,0,1370,534,1512,713
103,1,298,403,429,587
103,2,1155,486,1259,628
104,0,1368,535,1506,713
104,1,300,400,428,586
104,2,1155,486,1259,628
105,0,1363,537,1502,713
105,1,300,398,428,586
105,2,1155,486,1259,628
106,0,1359,539,1499,713
106,1,300,397,427,582
106,2,1155,487,1259,628
107,0,1357,540,1498,714
107,1,300,397,428,580
107,2,1155,487,1259,628
108,0,1356,540,1496,714
108,1,300,395,428,577
108,2,1155,486,1259,628
109,0,1356,540,1496,713
109,1,301,395,428,575
109,2,1155,487,1259,628
110,0,1355,540,1496,713
110,1,302,394,428,574
110,2,1155,487,1259,628
111,0,1356,540,1497,713
111,1,304,395,429,571
111,2,1155,487,1259,628
112,0,1357,539,1499,714
112,1,304,395,430,570
112,2,1155,487,1259,628
113,0,1358,537,1500,715
113,1,304,395,430,570
113,2,1154,487,1259,628
114,0,1358,535,1503,715
114,1,306,395,431,569
114,2,1154,487,1259,628
115,0,1359,532,1504,715
115,1,307,396,433,571
115,2,1154,487,1259,628
116,0,1360,531,1506,714
116,1,314,398,435,573
116,2,1154,486,1259,628
117,0,1360,530,1506,714
117,1,320,400,439,572
117,2,1153,486,1258,628
118,0,1360,529,1505,714
118,1,325,401,443,573
118,2,1153,487,1258,628
119,0,1360,528,1504,714
119,1,330,403,446,573
119,2,1153,487,1258,628
120,0,1360,528,1504,714
120,1,334,404,448,573
120,2,1153,487,1258,628
121,0,1360,527,1504,713
121,1,338,405,451,575
121,2,1153,487,1258,628
122,0,1360,526,1504,712
122,1,341,405,453,576
122,2,1153,487,1258,628
123,0,1360,525,1506,711
123,1,343,405,455,575
123,2,1153,488,1258,628
124,0,1361,524,1506,711
124,1,342,404,456,574
124,2,1153,488,1258,628
125,0,1362,523,1507,709
125,1,342,404,456,574
125,2,1153,487,1258,628
126,0,1363,521,1508,707
126,1,342,404,456,574
126,2,1154,487,1259,629
127,0,1363,520,1508,706
127,1,340,404,455,575
127,2,1154,487,1259,630
128,0,1365,519,1509,704
128,1,341,404,452,575
128,2,1155,487,1259,629
129,0,1365,518,1510,704
129,1,337,404,450,573
129,2,1155,487,1259,629
130,0,1365,517,1509,702
130,1,333,403,450,574
130,2,1155,487,1259,629
131,0,1364,516,1508,701
131,1,330,401,448,573
131,2,1155,487,1259,629
132,0,1363,515,1508,701
132,1,331,401,447,571
132,2,1155,487,1259,629
133,0,1363,514,1507,699
133,1,331,400,447,571
133,2,1155,487,1259,629
134,0,1364,513,1507,699
134,1,330,400,447,572
134,2,1155,487,1259,629
135,0,1364,514,1507,699
135,1,328,400,447,573
135,2,1155,487,1259,629
136,0,1365,512,1508,699
136,1,330,400,448,574
136,2,1155,487,1259,628
137,0,1365,512,1508,698
137,1,331,401,449,574
137,2,1154,487,1259,628
138,0,1366,513,1509,697
138,1,332,401,450,573
138,2,1154,487,1259,628
139,0,1367,512,1509,697
139,1,333,402,450,573
139,2,1154,487,1258,628
140,0,1368,512,1510,697
140,1,330,402,449,573
140,2,1154,487,1258,628
141,0,1370,511,1511,696
141,1,330,402,447,574
141,2,1153,486,1258,629
142,0,1371,512,1513,696
142,1,327,400,445,574
142,2,1153,487,1258,629
143,0,1372,511,1513,696
143,1,319,398,442,576
143,2,1153,486,1258,629
144,0,1372,511,1513,695
144,1,314,397,441,576
144,2,1153,486,1258,629
145,0,1371,512,1511,696
145,1,312,398,438,575
145,2,1153,486,1258,627
146,0,1368,513,1506,694
146,1,308,399,434,576
146,2,1153,486,1258,627
147,0,1364,514,1497,692
147,1,306,399,432,577
147,2,1153,486,1257,626
148,0,1354,520,1485,693
148,1,305,399,431,575
148,2,1153,487,1257,625
149,0,1348,523,1478,692
149,1,303,399,430,576
149,2,1153,486,1258,625
150,1,301,399,429,575
150,0,1340,522,1468,691
150,2,1153,486,1258,626
151,1,298,399,427,576
151,0,1329,523,1452,695
151,2,1153,486,1258,626
152,1,298,400,427,577
152,0,1325,526,1447,701
152,2,1153,486,1258,626
153,1,299,401,426,578
153,0,1315,533,1435,708
153,2,1153,486,1259,626
154,1,298,401,426,579
154,0,1311,537,1431,710
154,2,1153,486,1260,626
155,1,297,401,425,580
155,0,1309,538,1429,712
155,2,1153,487,1260,626
156,1,295,402,425,582
156,0,1305,553,1424,722
156,2,1153,487,1260,627
157,1,295,403,425,585
157,0,1299,557,1417,726
157,2,1153,487,1259,627
158,1,295,404,425,585
158,0,1297,559,1417,727
158,2,1153,487,1259,627
159,1,295,403,425,587
159,0,1296,560,1416,730
159,2,1153,487,1259,627
160,1,296,403,425,585
160,0,1297,563,1416,729
160,2,1152,487,1259,627
161,1,299,404,426,582
161,0,1296,563,1415,729
161,2,1152,487,1259,627
162,1,300,403,427,582
162,0,1298,564,1416,727
162,2,1152,488,1259,626
163,1,300,403,430,581
163,0,1299,567,1416,728
163,2,1152,488,1259,626
164,1,300,403,431,582
164,0,1300,567,1417,728
164,2,1152,488,1259,626
165,1,302,405,432,584
165,0,1300,563,1421,727
165,2,1153,488,1259,626
166,1,303,406,434,583
166,0,1303,566,1420,728
166,2,1153,489,1258,626
167,1,306,408,435,585
167,0,1304,563,1424,729
167,2,1153,488,1258,626
168,1,307,409,437,584
168,0,1305,562,1426,727
168,2,1153,488,1259,626
169,1,308,410,438,584
169,0,1307,562,1430,727
169,2,1153,488,1258,626
170,1,310,411,439,585
170,0,1308,563,1431,727
170,2,1153,489,1258,626
171,1,310,411,440,585
171,0,1310,562,1433,726
171,2,1153,488,1259,627
172,1,310,412,441,586
172,0,1311,562,1434,724
172,2,1153,488,1259,627
173,1,310,412,441,587
173,0,1311,558,1433,724
173,2,1153,489,1259,627
174,1,309,412,441,588
174,0,1311,557,1433,724
174,2,1152,489,1259,627
175,1,311,419,440,589
175,0,1311,555,1434,722
175,2,1152,489,1259,627
176,1,311,420,439,590
176,0,1312,551,1435,721
176,2,1152,488,1259,627
177,1,311,420,439,590
177,0,1313,551,1437,720
177,2,1152,487,1259,627
178,1,310,419,439,590
178,0,1314,550,1437,720
178,2,1152,487,1259,627
179,1,310,418,438,590
179,0,1314,550,1438,720
179,2,1152,487,1259,627
180,1,309,418,438,589
180,0,1315,550,1438,721
180,2,1152,487,1259,627
181,1,309,417,437,589
181,0,1316,551,1441,723
181,2,1152,488,1258,628
182,1,309,417,437,588
182,0,1318,552,1443,723
182,2,1152,487,1258,628
183,1,310,416,437,588
183,0,1318,552,1443,723
183,2,1152,487,1258,628
184,1,309,416,437,588
184,0,1318,552,1443,723
184,2,1152,487,1258,628
185,1,309,416,437,588
185,0,1318,552,1443,723
185,2,1152,487,1258,628
186,1,309,416,437,588
186,0,1318,552,1443,724
186,2,1152,487,1258,628
187,1,309,416,437,588
187,0,1318,552,1443,723
187,2,1152,487,1258,628
188,1,310,416,437,587
188,0,1318,552,1443,723
188,2,1152,487,1258,628
189,1,309,415,437,587
189,0,1319,553,1444,723
189,2,1152,487,1258,628
190,1,309,415,436,587
190,0,1319,554,1445,724
190,2,1152,488,1258,628
191,1,308,415,436,585
191,0,1320,553,1446,724
191,2,1152,487,1258,628
192,1,308,414,436,586
192,0,1321,554,1447,725
192,2,1152,488,1257,628
193,1,308,414,436,585
193,0,1321,555,1447,727
193,2,1152,488,1257,628
194,1,308,414,436,584
194,0,1321,554,1448,728
194,2,1152,488,1257,629
195,1,308,414,436,585
195,0,1321,554,1448,728
195,2,1151,488,1257,629
196,1,307,413,435,585
196,0,1321,556,1448,728
196,2,1151,488,1257,629
197,1,306,412,434,587
197,0,1323,554,1450,727
197,2,1151,488,1256,629
198,1,306,413,435,586
198,0,1323,555,1450,727
198,2,1151,488,1257,629
199,1,306,412,435,586
199,0,1323,556,1450,727
199,2,1151,489,1257,629
200,1,306,407,435,584
200,0,1322,558,1450,727
200,2,1151,489,1257,630
201,1,306,407,435,584
201,0,1322,558,1450,726
201,2,1151,489,1257,630
202,1,307,407,436,583
202,0,1322,557,1449,727
202,2,1152,489,1257,631
203,1,307,407,436,583
203,0,1322,559,1449,727
203,2,1152,489,1257,631
204,1,308,407,437,583
204,0,1322,558,1449,727
204,2,1151,489,1258,632
205,1,309,408,437,584
205,0,1321,558,1448,727
205,2,1151,489,1258,633
206,1,309,408,437,583
206,0,1321,559,1447,728
206,2,1151,488,1258,634
207,1,309,409,437,583
207,0,1321,559,1448,727
207,2,1151,488,1258,634
208,1,310,409,437,583
208,0,1321,557,1448,727
208,2,1151,488,1258,634
209,1,310,408,437,583
209,0,1321,557,1448,727
209,2,1151,488,1258,634
210,1,310,409,437,583
210,0,1322,558,1448,727
210,2,1151,489,1258,634
211,1,310,408,438,583
211,0,1322,558,1448,728
211,2,1151,489,1258,634
212,1,310,408,438,583
212,0,1322,558,1448,727
212,2,1151,489,1258,634
213,1,310,408,438,584
213,0,1322,559,1448,727
213,2,1151,489,1258,635
214,1,310,408,437,583
214,0,1322,557,1448,728
214,2,1151,489,1259,635
215,1,310,408,437,583
215,0,1322,557,1449,728
215,2,1151,490,1258,635
216,1,310,408,437,583
216,0,1322,558,1448,728
216,2,1151,489,1258,635
217,1,310,408,437,583
217,0,1321,558,1448,728
217,2,1151,490,1258,636
218,1,312,409,438,582
218,0,1322,557,1448,724
218,2,1151,490,1258,636
219,0,1320,556,1446,723
219,1,314,409,439,582
219,2,1150,489,1259,638
220,0,1319,555,1443,721
220,1,317,411,441,583
220,2,1150,489,1259,638
221,1,320,413,443,583
221,0,1316,551,1437,715
221,2,1151,489,1259,637
222,1,324,413,446,585
222,0,1316,551,1436,715
222,2,1151,490,1259,637
223,0,1316,552,1437,715
223,1,333,414,449,585
223,2,1151,490,1258,637
224,0,1317,549,1439,717
224,1,340,415,453,585
224,2,1151,490,1259,637
225,0,1318,549,1440,718
225,1,343,412,456,583
225,2,1151,489,1259,637
226,0,1319,549,1442,719
226,1,345,410,458,582
226,2,1150,490,1259,637
227,0,1319,550,1443,720
227,1,345,411,459,584
227,2,1151,490,1259,637
228,0,1320,551,1446,720
228,1,346,412,460,584
228,2,1151,490,1259,635
229,0,1322,552,1448,720
229,1,345,412,460,584
229,2,1151,490,1258,635
230,0,1324,550,1450,721
230,1,345,412,461,584
230,2,1151,490,1258,634
231,0,1327,552,1452,723
231,1,345,412,461,584
231,2,1151,490,1258,633
232,0,1328,551,1454,724
232,1,346,412,461,584
232,2,1151,490,1258,633
233,0,1328,551,1455,724
233,1,346,411,461,583
233,2,1152,490,1257,633
234,0,1328,551,1455,725
234,1,344,409,460,583
234,2,1151,490,1258,633
235,0,1328,550,1455,725
235,1,343,409,460,583
235,2,1151,490,1258,633
236,0,1328,550,1455,725
236,1,343,409,460,583
236,2,1151,489,1258,633
237,0,1328,551,1454,725
237,1,344,409,460,583
237,2,1152,489,1258,632
238,0,1328,550,1454,724
238,1,344,410,460,582
238,2,1152,489,1258,632
239,0,1327,550,1453,725
239,1,344,410,460,582
239,2,1152,489,1258,632
240,0,1327,550,1453,724
240,1,344,410,460,581
240,2,1152,490,1258,632
241,0,1327,550,1453,723
241,1,343,410,460,582
241,2,1152,490,1258,632
242,0,1327,550,1453,723
242,1,343,409,460,583
242,2,1152,489,1258,632
243,0,1327,551,1453,723
243,1,343,410,460,582
243,2,1152,490,1258,632
244,0,1327,551,1454,723
244,1,343,410,460,582
244,2,1153,490,1258,631
245,0,1328,551,1454,723
245,1,343,411,460,583
245,2,1153,489,1258,631
246,0,1330,551,1460,723
246,1,343,410,460,584
246,2,1153,489,1258,630
247,0,1333,551,1466,723
247,1,342,410,460,583
247,2,1153,489,1258,630
248,0,1337,552,1481,728
248,1,342,410,460,583
248,2,1153,488,1258,630
249,0,1341,554,1487,731
249,1,343,410,460,584
249,2,1153,487,1258,630
250,0,1345,552,1491,734
250,1,343,413,460,584
250,2,1154,488,1258,629
251,0,1348,555,1495,737
251,1,343,412,460,585
251,2,1154,488,1258,629
252,0,1350,556,1500,737
252,1,343,412,460,586
252,2,1153,488,1258,629
253,0,1352,557,1502,738
253,1,343,412,460,587
253,2,1153,487,1258,629
254,0,1353,557,1503,738
254,1,342,413,460,586
254,2,1153,488,1258,628
255,0,1354,557,1504,738
255,1,342,413,460,586
255,2,1153,487,1258,628
256,0,1355,558,1507,738
256,1,343,412,460,583
256,2,1153,488,1258,629
257,0,1356,557,1508,738
257,1,344,413,459,581
257,2,1153,488,1258,629
258,0,1356,557,1509,738
258,1,344,413,459,581
258,2,1152,488,1258,629
259,0,1356,557,1509,739
259,1,343,413,458,581
259,2,1152,488,1258,629
260,0,1356,557,1508,739
260,1,342,412,458,582
260,2,1152,488,1258,629
261,0,1356,557,1508,739
261,1,342,413,457,582
261,2,1152,489,1258,630
262,0,1356,557,1508,738
262,1,342,413,457,582
262,2,1152,489,1258,630
263,0,1356,557,1508,738
263,1,342,413,457,582
263,2,1152,489,1258,630
264,0,1356,557,1508,738
264,1,340,413,457,582
264,2,1151,488,1258,630
265,0,1356,556,1508,738
265,1,341,412,458,582
265,2,1152,488,1258,630
266,0,1356,557,1508,738
266,1,341,413,457,582
266,2,1151,488,1258,630
267,0,1356,557,1508,738
267,1,341,412,457,583
267,2,1151,488,1258,630
268,0,1356,556,1508,738
268,1,341,413,458,583
268,2,1151,488,1258,630
269,0,1356,557,1508,738
269,1,342,412,458,583
269,2,1152,488,1258,630
270,0,1356,556,1508,738
270,1,341,412,458,583
270,2,1152,488,1258,630
271,0,1356,556,1507,738
271,1,342,413,457,583
271,2,1152,488,1258,630
272,0,1356,556,1507,738
272,1,342,413,458,583
272,2,1152,488,1258,630
273,0,1355,556,1507,738
273,1,342,412,458,583
273,2,1152,489,1258,630
274,0,1355,556,1507,738
274,1,341,412,458,583
274,2,1152,489,1258,630
275,0,1355,556,1507,738
275,1,342,411,458,583
275,2,1152,489,1258,630
276,0,1355,556,1506,739
276,1,342,411,458,584
276,2,1152,489,1258,630
277,0,1355,554,1505,738
277,1,342,411,458,583
277,2,1152,489,1258,630
278,0,1354,552,1499,735
278,1,342,411,458,583
278,2,1152,489,1257,631
279,0,1350,549,1493,732
279,1,343,411,458,583
279,2,1152,489,1257,630
280,0,1347,549,1487,728
280,1,343,411,458,584
280,2,1152,489,1257,631
281,0,1341,544,1477,724
281,1,342,411,458,585
281,2,1152,490,1257,631
282,0,1338,543,1468,719
282,1,342,412,458,585
282,2,1152,490,1257,631
283,0,1335,543,1458,714
283,1,342,412,458,586
283,2,1152,491,1257,631
284,0,1334,537,1454,712
284,1,342,412,458,587
284,2,1152,490,1257,631
285,0,1333,537,1451,711
285,1,341,412,458,587
285,2,1152,490,1257,631
286,0,1332,535,1452,711
286,1,341,412,458,587
286,2,1152,490,1257,631
287,0,1332,534,1453,711
287,1,342,412,458,588
287,2,1152,490,1257,631
288,0,1332,533,1453,709
288,1,342,413,458,587
288,2,1152,490,1257,631
289,0,1332,533,1453,709
289,1,342,412,458,587
289,2,1152,490,1257,631
290,0,1332,534,1453,708
290,1,342,412,458,587
290,2,1153,490,1257,630
291,0,1333,532,1453,708
291,1,343,412,458,588
291,2,1153,490,1257,631
292,0,1332,533,1453,708
292,1,343,412,457,588
292,2,1153,490,1257,631
293,0,1332,535,1451,709
293,1,342,413,457,588
293,2,1153,490,1257,631
294,0,1332,535,1448,709
294,1,342,412,457,588
294,2,1153,490,1257,631
295,0,1332,535,1448,709
295,1,341,411,457,588
295,2,1153,490,1257,631
296,0,1333,539,1450,712
296,1,341,412,457,588
296,2,1153,490,1257,631
297,0,1334,538,1453,712
297,1,341,412,457,587
297,2,1153,490,1257,631
298,0,1335,541,1455,712
298,1,342,412,457,586
298,2,1152,490,1257,631
299,0,1335,541,1456,712
299,1,342,412,457,585
299,2,1153,490,1257,631
300,0,1334,539,1455,713
300,1,342,413,457,585
300,2,1153,491,1257,631
301,0,1333,536,1451,713
301,1,342,413,456,585
301,2,1153,490,1257,631
302,0,1330,535,1448,711
302,1,342,413,457,583
302,2,1153,490,1257,631
303,0,1331,535,1447,709
303,1,343,413,456,582
303,2,1153,490,1257,631
304,0,1333,535,1451,709
304,1,342,413,456,582
304,2,1153,491,1257,631
305,0,1334,536,1453,710
305,1,342,413,456,581
305,2,1153,490,1257,631
306,0,1335,540,1455,711
306,1,341,413,456,583
306,2,1153,490,1257,631
307,0,1335,541,1455,711
307,1,341,413,456,585
307,2,1153,491,1257,631
308,0,1334,539,1451,710
308,1,341,413,456,587
308,2,1153,491,1257,631
309,0,1333,538,1450,709
309,1,340,413,456,587
309,2,1153,491,1257,631
310,0,1333,540,1450,709
310,1,341,413,456,587
310,2,1152,491,1257,631
311,0,1334,540,1450,709
311,1,343,413,456,587
311,2,1152,492,1257,631
312,0,1335,542,1452,710
312,1,343,413,456,587
312,2,1153,491,1257,631
313,0,1334,542,1454,712
313,1,342,413,456,586
313,2,1152,491,1257,631
314,0,1334,542,1454,712
314,1,343,413,456,586
314,2,1152,491,1257,632
315,0,1333,542,1453,712
315,1,343,413,456,587
315,2,1152,491,1257,632
316,0,1332,541,1451,712
316,1,343,413,456,586
316,2,1153,491,1257,632
317,0,1332,542,1451,712
317,1,343,413,456,587
317,2,1153,491,1257,632
318,0,1332,542,1452,712
318,1,343,415,457,586
318,2,1153,491,1257,632
319,0,1332,542,1452,712
319,1,344,414,457,586
319,2,1153,491,1257,632
320,0,1332,542,1452,712
320,1,343,415,457,587
320,2,1153,491,1257,632
321,0,1332,541,1452,712
321,1,342,415,457,587
321,2,1153,491,1257,632
322,0,1332,540,1453,712
322,1,342,415,457,587
322,2,1153,491,1257,632
323,0,1332,540,1452,712
323,1,343,415,457,588
323,2,1153,491,1257,632
324,0,1332,540,1452,712
324,1,343,415,457,587
324,2,1153,491,1257,632
325,0,1332,540,1452,711
325,1,342,415,457,588
325,2,1153,491,1257,632
326,0,1333,540,1453,711
326,1,342,415,457,587
326,2,1153,491,1257,632
327,0,1333,540,1454,711
327,1,343,415,457,587
327,2,1153,491,1257,632
328,0,1333,540,1455,713
328,1,343,415,457,588
328,2,1153,491,1257,632
329,0,1334,541,1455,713
329,1,343,415,457,589
329,2,1153,491,1257,632
330,0,1334,541,1455,713
330,1,343,416,457,589
330,2,1153,491,1257,632
331,0,1334,542,1454,713
331,1,342,416,457,588
331,2,1153,491,1257,632
332,0,1333,543,1453,714
332,1,343,416,457,588
332,2,1153,491,1257,632
333,0,1333,544,1454,715
333,1,342,415,457,587
333,2,1153,491,1257,632
334,0,1333,544,1455,716
334,1,342,414,457,585
334,2,1152,491,1257,632
335,0,1332,545,1454,715
335,1,342,414,457,585
335,2,1153,491,1257,632
336,0,1332,548,1454,716
336,1,342,415,457,585
336,2,1153,491,1257,632
337,0,1332,548,1454,716
337,1,342,417,458,584
337,2,1152,491,1257,632
338,0,1332,548,1454,717
338,1,349,420,459,583
338,2,1153,491,1257,632
339,0,1332,548,1454,717
339,1,351,421,463,588
339,2,1153,491,1257,632
340,0,1331,549,1454,717
340,1,359,423,466,590
340,2,1153,491,1257,632
341,0,1331,548,1454,717
341,1,362,425,471,591
341,2,1152,491,1258,632
342,0,1331,549,1453,717
342,1,363,427,474,592
342,2,1153,491,1257,632
343,0,1331,549,1454,717
343,1,366,427,477,594
343,2,1153,491,1257,632
344,0,1331,549,1454,717
344,1,369,428,479,594
344,2,1153,491,1257,632
345,0,1331,549,1453,717
345,1,371,428,480,596
345,2,1153,491,1257,632
346,0,1332,550,1454,717
346,1,370,429,481,596
346,2,1152,491,1257,632
347,0,1332,551,1454,717
347,1,372,429,482,596
347,2,1153,491,1257,632
348,0,1333,552,1455,719
348,1,372,430,484,596
348,2,1153,492,1257,632
349,0,1334,554,1456,720
349,1,375,432,484,599
349,2,1153,492,1257,632
350,0,1334,553,1457,720
350,1,375,432,485,600
350,2,1153,492,1257,632
351,0,1334,554,1458,720
351,2,1153,492,1257,632
351,1,380,435,483,601
352,0,1335,555,1458,720
352,1,376,434,485,601
352,2,1153,492,1257,632
353,0,1334,554,1459,721
353,1,377,435,486,603
353,2,1153,492,1257,632
354,0,1335,554,1460,721
354,1,379,435,488,603
354,2,1153,492,1257,632
355,0,1335,553,1460,722
355,1,379,435,489,603
355,2,1153,492,1257,632
356,0,1335,553,1460,721
356,1,379,435,489,602
356,2,1153,491,1257,632
357,0,1335,553,1460,722
357,1,380,435,489,602
357,2,1153,491,1257,632
358,0,1335,552,1461,722
358,1,380,435,489,602
358,2,1153,491,1257,632
359,0,1335,554,1460,722
359,1,381,435,489,602
359,2,1153,492,1257,632
360,0,1335,554,1460,722
360,1,380,435,489,603
360,2,1153,491,1257,632
361,0,1334,555,1460,722
361,1,378,433,488,601
361,2,1153,491,1257,632
362,0,1334,555,1460,722
362,1,376,430,488,599
362,2,1153,491,1257,632
363,0,1334,554,1459,722
363,1,375,427,484,596
363,2,1152,492,1257,632
364,0,1334,555,1459,722
364,2,1151,492,1257,631
364,1,379,425,481,593
365,0,1334,554,1459,721
365,2,1150,491,1257,631
365,1,377,423,479,592
366,0,1334,552,1460,721
366,1,367,425,479,593
366,2,1148,492,1254,631
367,0,1334,554,1460,721
367,1,367,424,478,593
367,2,1147,492,1252,630
368,0,1334,553,1460,721
368,1,367,425,477,593
368,2,1145,490,1251,631
369,0,1335,553,1460,721
369,1,368,425,477,593
369,2,1145,490,1251,632
370,0,1335,553,1461,721
370,1,369,425,477,593
370,2,1144,490,1251,632
371,0,1335,553,1461,721
371,1,368,424,477,594
371,2,1144,489,1249,632
372,0,1335,553,1461,721
372,1,368,425,477,592
372,2,1143,488,1249,632
373,0,1335,554,1461,721
373,2,1143,488,1248,632
373,1,373,423,476,592
374,0,1334,554,1461,721
374,2,1143,488,1249,632
374,1,373,423,476,592
375,0,1334,554,1460,721
375,2,1143,488,1248,632
375,1,372,423,476,592
376,0,1334,554,1460,721
376,1,368,425,478,593
376,2,1143,488,1248,632
377,0,1334,554,1459,721
377,1,368,425,478,594
377,2,1143,487,1248,632
378,0,1334,554,1459,721
378,1,368,426,478,594
378,2,1143,488,1248,632
379,0,1334,554,1459,721
379,1,368,426,478,594
379,2,1143,487,1250,631
380,0,1334,553,1459,721
380,1,368,426,478,593
380,2,1143,486,1251,631
381,0,1334,553,1459,721
381,1,367,426,478,595
381,2,1143,486,1252,631
382,0,1334,552,1459,721
382,1,369,426,479,594
382,2,1144,486,1253,630
383,0,1334,552,1459,721
383,1,368,426,478,593
383,2,1144,486,1253,630
384,0,1334,552,1458,721
384,1,367,426,478,593
384,2,1144,486,1254,630
385,0,1333,552,1458,721
385,1,367,425,478,593
385,2,1145,485,1253,630
386,0,1334,553,1458,721
386,1,366,426,477,593
386,2,1145,485,1253,630
387,0,1333,554,1457,720
387,1,366,426,477,593
387,2,1145,485,1253,630
388,0,1332,553,1455,720
388,1,366,426,478,593
388,2,1145,485,1253,630
389,0,1332,550,1454,717
389,1,366,427,478,593
389,2,1145,485,1253,630
390,0,1331,548,1454,716
390,1,366,427,478,593
390,2,1146,485,1253,630
391,0,1330,548,1452,715
391,1,367,427,478,594
391,2,1146,486,1255,630
392,0,1329,549,1450,715
392,1,367,427,478,593
392,2,1146,485,1255,630
393,0,1327,547,1449,715
393,1,368,427,478,593
393,2,1146,486,1255,630
394,0,1328,546,1449,715
394,1,368,427,478,593
394,2,1146,486,1256,630
395,0,1327,546,1449,715
395,1,368,427,478,593
395,2,1146,486,1256,630
396,0,1327,546,1449,715
396,1,369,427,479,593
396,2,1147,486,1256,630
397,0,1327,546,1449,716
397,1,368,428,479,593
397,2,1147,487,1256,631
398,0,1326,545,1448,715
398,1,368,427,479,593
398,2,1148,487,1256,631
399,0,1326,546,1448,716
399,1,368,427,479,593
399,2,1148,487,1256,632
400,0,1326,545,1448,716
400,1,368,427,479,593
400,2,1148,487,1256,632
401,0,1326,547,1448,716
401,1,368,427,479,594
401,2,1148,487,1256,632
402,0,1326,547,1448,716
402,1,368,427,478,594
402,2,1148,487,1257,632
403,0,1325,548,1446,715
403,1,368,427,479,595
403,2,1148,487,1257,632
404,0,1325,549,1446,716
404,1,368,427,478,596
404,2,1148,487,1257,631
405,0,1325,549,1445,716
405,1,367,426,478,596
405,2,1148,487,1257,630
406,0,1325,548,1445,716
406,1,367,427,478,596
406,2,1148,487,1257,629
407,0,1325,548,1445,715
407,1,367,427,478,596
407,2,1148,486,1257,629
408,0,1325,548,1445,715
408,1,367,427,478,595
408,2,1148,486,1257,628
409,0,1325,548,1444,715
409,1,367,427,478,596
409,2,1148,487,1257,628
410,0,1326,548,1444,715
410,1,367,427,478,595
410,2,1148,487,1257,628
411,0,1325,548,1444,715
411,1,367,427,478,595
411,2,1148,487,1257,628
412,0,1325,548,1444,714
412,1,367,427,478,595
412,2,1148,487,1256,628
413,0,1325,548,1443,714
413,1,367,427,478,595
413,2,1148,486,1257,628
414,0,1325,547,1443,715
414,1,367,427,478,595
414,2,1148,486,1256,628
415,0,1325,547,1443,715
415,1,368,427,478,594
415,2,1148,486,1256,628
416,0,1325,546,1443,715
416,1,368,427,478,595
416,2,1147,486,1256,628
417,0,1325,546,1442,715
417,1,368,427,478,595
417,2,1147,486,1255,628
418,0,1325,546,1442,715
418,1,368,427,478,595
418,2,1147,486,1255,628
419,0,1325,546,1442,715
419,1,368,427,478,595
419,2,1147,486,1255,628
420,0,1325,546,1442,715
420,1,368,427,478,595
420,2,1147,487,1255,628
421,0,1325,545,1442,715
421,1,368,427,478,595
421,2,1148,487,1256,629
422,0,1324,546,1442,715
422,1,367,427,478,595
422,2,1148,487,1256,629
423,0,1324,546,1442,715
423,1,367,427,478,595
423,2,1148,487,1257,629
424,0,1324,547,1442,716
424,1,367,427,478,595
424,2,1148,487,1257,628
425,0,1324,546,1442,716
425,1,368,428,478,595
425,2,1148,485,1257,628
426,0,1324,547,1443,716
426,1,368,428,479,595
426,2,1147,486,1256,627
427,0,1324,547,1443,717
427,1,368,428,479,595
427,2,1147,485,1255,626
428,0,1324,547,1443,717
428,1,368,428,479,594
428,2,1147,485,1254,625
429,0,1324,547,1444,717
429,1,368,428,479,595
429,2,1147,484,1254,624
430,0,1325,548,1444,716
430,1,368,428,479,594
430,2,1147,484,1255,624
431,0,1325,549,1444,716
431,1,368,428,479,594
431,2,1149,483,1255,623
432,0,1325,549,1445,716
432,1,368,428,479,594
432,2,1149,483,1255,623
433,0,1325,549,1445,716
433,1,368,428,478,594
433,2,1149,483,1255,623
434,0,1325,549,1445,716
434,1,368,428,478,594
434,2,1149,484,1255,623
435,0,1325,550,1446,716
435,1,368,428,478,594
435,2,1149,484,1255,624
436,0,1325,549,1446,716
436,1,368,428,478,594
436,2,1149,484,1255,625
437,0,1325,549,1446,715
437,1,368,428,478,593
437,2,1149,484,1256,625
438,0,1325,549,1446,716
438,1,370,427,477,593
438,2,1149,485,1255,625
439,0,1325,549,1447,716
439,1,370,427,477,593
439,2,1148,485,1254,624
440,0,1325,549,1447,716
440,1,370,428,477,592
440,2,1148,485,1255,624
441,0,1325,548,1446,715
441,1,370,428,477,592
441,2,1149,484,1255,624
442,0,1325,549,1447,715
442,1,370,428,477,592
442,2,1149,484,1256,624
443,0,1325,548,1447,716
443,2,1149,483,1257,623
443,1,370,428,477,592
444,0,1325,548,1446,715
444,2,1149,483,1257,622
444,1,370,428,477,592
445,0,1325,548,1445,716
445,2,1149,483,1257,622
445,1,370,428,477,592
446,0,1325,549,1445,716
446,2,1149,483,1258,623
446,1,370,428,477,592
447,0,1325,549,1444,716
447,2,1149,484,1258,623
447,1,370,428,477,592
448,0,1324,549,1443,716
448,2,1149,484,1257,623
448,1,370,428,477,592
449,0,1324,549,1443,716
449,2,1149,484,1257,623
449,1,370,428,477,592
450,0,1324,549,1443,716
450,1,369,427,477,593
450,2,1149,484,1257,623
451,0,1322,548,1440,716
451,1,367,428,478,593
451,2,1148,484,1255,623
452,0,1322,548,1441,716
452,1,367,428,478,593
452,2,1149,483,1257,624
453,0,1321,547,1441,716
453,1,367,428,478,593
453,2,1149,482,1257,626
454,0,1321,547,1440,716
454,1,367,428,478,594
454,2,1149,481,1257,626
455,0,1321,547,1440,717
455,1,367,428,478,594
455,2,1149,481,1257,625
456,0,1320,548,1439,717
456,1,366,428,478,594
456,2,1149,480,1257,623
457,0,1321,548,1439,717
457,1,366,428,478,594
457,2,1149,480,1256,622
458,0,1322,549,1440,717
458,1,367,428,478,593
458,2,1149,480,1255,619
459,0,1322,550,1441,718
459,1,367,428,478,593
459,2,1149,481,1255,619
460,0,1323,550,1441,718
460,1,367,428,478,593
460,2,1149,481,1255,619
461,0,1324,551,1442,717
461,1,367,428,478,593
461,2,1148,480,1255,618
462,0,1324,551,1444,717
462,1,368,428,478,594
462,2,1148,480,1255,618
463,0,1325,549,1446,717
463,2,1148,478,1256,618
463,1,371,426,477,593
464,0,1326,548,1446,716
464,2,1148,476,1257,618
464,1,372,426,477,593
465,0,1326,548,1447,716
465,2,1148,475,1257,615
465,1,372,426,477,593
466,0,1326,550,1448,716
466,1,367,427,478,593
466,2,1148,473,1255,612
467,0,1327,549,1448,716
467,1,367,427,478,593
467,2,1147,471,1255,609
468,0,1327,548,1447,715
468,2,1148,471,1256,608
468,1,371,426,478,593
469,0,1327,547,1448,716
469,2,1148,470,1257,609
469,1,371,426,478,593
470,0,1327,547,1449,715
470,1,367,427,479,592
470,2,1149,471,1258,610
471,0,1328,545,1448,714
471,1,367,427,479,592
471,2,1149,474,1259,612
472,0,1328,545,1448,713
472,1,367,427,479,592
472,2,1149,474,1259,613
473,0,1328,545,1448,712
473,1,368,427,478,592
473,2,1150,476,1258,612
474,0,1328,545,1448,713
474,2,1150,475,1262,612
474,1,372,425,477,593
475,0,1327,545,1448,713
475,2,1151,476,1261,611
475,1,373,425,477,592
476,0,1327,544,1447,712
476,2,1152,476,1260,611
476,1,373,424,477,592
477,0,1327,544,1447,712
477,2,1152,476,1260,611
477,1,373,425,476,592
478,0,1327,545,1447,712
478,2,1154,475,1263,610
478,1,373,425,477,592
479,0,1327,545,1447,713
479,2,1154,475,1264,610
479,1,373,424,477,593
480,0,1327,545,1447,713
480,2,1155,476,1264,610
480,1,373,425,477,593
481,0,1327,544,1447,713
481,2,1157,475,1266,610
481,1,372,425,477,593
482,0,1328,545,1448,713
482,2,1158,474,1267,611
482,1,373,425,476,593
483,0,1328,545,1447,712
483,2,1160,473,1268,611
483,1,373,425,476,593
484,0,1328,543,1448,712
484,2,1162,472,1270,611
484,1,373,425,476,593
485,0,1329,544,1448,713
485,2,1164,473,1272,612
485,1,373,425,476,593
486,0,1329,542,1447,713
486,2,1167,473,1276,613
486,1,372,425,476,593
487,0,1329,542,1448,713
487,2,1169,475,1276,614
487,1,372,425,476,593
488,0,1331,543,1450,713
488,2,1171,476,1277,614
488,1,372,425,476,593
489,0,1332,545,1452,714
489,2,1172,476,1279,614
489,1,372,425,476,593
490,0,1332,546,1453,713
490,2,1173,477,1278,614
490,1,372,425,476,593
491,0,1333,543,1453,714
491,2,1174,477,1280,614
491,1,372,425,477,593
492,0,1332,544,1455,714
492,2,1174,478,1279,614
492,1,372,425,477,594
493,0,1333,543,1456,714
493,2,1174,478,1279,615
493,1,373,425,477,594
494,0,1333,544,1457,714
494,2,1174,478,1279,615
494,1,372,425,477,594
495,0,1333,544,1457,714
495,2,1174,478,1279,615
495,1,372,426,477,594
496,0,1332,544,1457,714
496,2,1173,479,1278,615
496,1,372,426,477,594
497,0,1332,543,1457,714
497,2,1173,479,1278,616
497,1,372,426,477,594
498,0,1332,543,1457,714
498,2,1172,479,1277,616
498,1,372,426,477,594
499,0,1332,544,1457,714
499,1,372,426,477,594
499,2,1172,479,1277,616
500,0,1332,544,1458,715
500,1,371,427,477,593
500,2,1172,480,1277,617
501,0,1332,546,1459,716
501,1,371,427,477,592
501,2,1171,480,1277,618
502,0,1334,547,1460,716
502,1,367,428,478,592
502,2,1170,482,1276,619
503,0,1336,547,1464,716
503,1,367,428,478,593
503,2,1170,484,1275,620
504,0,1338,549,1464,716
504,1,367,428,477,593
504,2,1169,484,1274,621
505,0,1339,547,1466,716
505,1,366,427,477,593
505,2,1167,484,1273,622
506,0,1342,546,1468,715
506,1,365,426,475,592
506,2,1168,484,1272,622
507,0,1343,547,1469,715
507,1,365,424,474,590
507,2,1167,484,1271,623
508,0,1344,547,1472,715
508,1,362,418,472,582
508,2,1166,484,1270,623
509,0,1345,546,1472,715
509,1,362,412,468,580
509,2,1165,484,1271,624
510,0,1348,545,1474,715
510,1,360,408,466,577
510,2,1165,484,1270,624
511,0,1349,546,1476,716
511,1,354,407,462,577
511,2,1165,485,1269,625
512,0,1350,546,1476,716
512,1,352,409,460,579
512,2,1164,484,1269,625
513,0,1349,546,1476,716
513,1,349,415,458,585
513,2,1164,484,1268,625
514,0,1349,545,1476,716
514,1,348,422,458,589
514,2,1164,484,1268,625
515,0,1349,546,1476,716
515,1,348,424,459,592
515,2,1164,484,1267,625
516,0,1347,546,1474,715
516,1,345,426,460,595
516,2,1163,483,1267,625
517,0,1345,546,1474,715
517,1,348,426,461,592
517,2,1163,483,1267,625
518,0,1343,547,1471,715
518,1,352,422,461,590
518,2,1163,484,1267,625
519,0,1342,546,1471,716
519,1,355,419,460,589
519,2,1163,484,1267,625
520,0,1342,546,1470,716
520,2,1162,485,1267,625
520,1,356,415,460,587
521,0,1340,546,1469,717
521,2,1162,485,1266,625
521,1,357,412,461,585
522,0,1340,547,1468,718
522,1,358,414,462,586
522,2,1162,484,1265,625
523,0,1339,549,1466,718
523,1,363,422,467,586
523,2,1161,484,1264,625
524,0,1339,548,1466,719
524,2,1161,484,1264,625
524,1,366,427,468,584
525,0,1339,549,1465,720
525,2,1159,485,1264,624
525,1,369,434,471,589
526,0,1338,548,1465,721
526,2,1158,486,1263,622
526,1,371,438,474,593
527,0,1338,549,1466,722
527,2,1156,486,1262,622
527,1,371,438,476,597
528,0,1338,550,1465,722
528,2,1155,485,1262,622
528,1,375,434,476,593
529,0,1339,552,1465,722
529,2,1154,485,1263,623
529,1,376,431,477,592
530,0,1338,552,1464,723
530,2,1154,486,1261,623
530,1,376,427,477,590
531,0,1337,553,1464,722
531,2,1153,486,1260,623
531,1,372,425,474,588
532,0,1337,553,1462,720
532,2,1153,486,1260,623
532,1,369,424,471,587
533,0,1336,551,1458,717
533,1,358,426,468,593
533,2,1153,486,1261,623
534,0,1334,548,1457,716
534,1,355,429,467,593
534,2,1153,486,1260,623
535,0,1334,547,1456,716
535,1,356,429,467,595
535,2,1153,487,1261,623
536,0,1333,547,1455,717
536,1,352,430,465,598
536,2,1153,486,1261,624
537,0,1333,548,1454,717
537,1,353,430,465,596
537,2,1153,486,1261,624
538,0,1332,548,1454,717
538,1,353,428,464,593
538,2,1153,486,1261,624
539,0,1333,548,1454,717
539,1,351,426,464,594
539,2,1153,486,1261,624
540,0,1333,550,1454,717
540,1,351,425,464,594
540,2,1153,486,1261,624
541,0,1333,552,1455,718
541,1,351,424,465,593
541,2,1153,487,1260,624
542,0,1332,552,1455,719
542,1,351,424,464,593
542,2,1153,487,1260,624
543,0,1333,552,1455,719
543,1,353,425,464,594
543,2,1152,486,1261,624
544,0,1333,552,1455,718
544,1,352,425,464,593
544,2,1153,487,1260,624
545,0,1333,551,1455,718
545,1,352,425,464,594
545,2,1153,487,1261,624
546,0,1333,551,1455,718
546,1,352,424,464,593
546,2,1153,486,1261,624
547,0,1333,551,1455,718
547,1,352,424,465,593
547,2,1153,487,1261,624
548,0,1333,551,1455,718
548,1,351,424,464,593
548,2,1153,487,1261,624
549,0,1333,550,1456,718
549,1,349,424,465,594
549,2,1153,487,1261,624
550,0,1333,550,1456,718
550,1,349,430,465,593
550,2,1153,487,1261,624
551,0,1333,551,1457,718
551,1,352,431,463,590
551,2,1153,487,1261,624
552,0,1334,550,1457,718
552,1,352,431,463,588
552,2,1153,487,1260,625
553,0,1335,550,1456,718
553,1,351,431,463,591
553,2,1153,488,1259,625
554,0,1335,549,1457,718
554,1,351,431,463,591
554,2,1152,488,1260,625
555,0,1335,549,1457,718
555,1,351,431,463,591
555,2,1152,488,1259,625
556,0,1336,550,1458,717
556,1,351,431,463,592
556,2,1152,489,1260,625
557,0,1336,549,1458,716
557,1,346,431,464,593
557,2,1152,489,1260,625
558,0,1336,548,1458,716
558,1,350,432,462,590
558,2,1152,489,1260,625
559,0,1336,549,1458,715
559,1,345,431,463,593
559,2,1152,489,1260,625
560,0,1336,550,1458,715
560,1,344,430,463,595
560,2,1152,489,1260,625
561,1,341,430,462,596
561,0,1337,549,1458,715
561,2,1152,489,1260,625
562,0,1337,548,1457,714
562,1,342,430,462,598
562,2,1152,489,1261,625
563,1,339,428,460,596
563,0,1337,547,1457,715
563,2,1152,489,1260,625
564,1,337,428,459,595
564,0,1337,547,1457,715
564,2,1152,489,1260,625
565,0,1337,546,1458,715
565,1,340,428,459,594
565,2,1152,488,1260,625
566,0,1337,546,1458,715
566,1,339,427,458,594
566,2,1153,488,1260,625
567,0,1336,546,1458,715
567,1,339,427,457,593
567,2,1153,488,1260,625
568,0,1336,546,1458,715
568,1,339,426,457,592
568,2,1152,488,1261,625
569,0,1336,545,1459,715
569,1,337,426,457,592
569,2,1152,487,1263,625
570,0,1336,546,1458,715
570,1,336,425,456,592
570,2,1152,488,1263,626
571,0,1336,546,1458,715
571,1,336,424,455,592
571,2,1152,487,1263,626
572,0,1336,546,1458,715
572,1,337,424,454,592
572,2,1152,487,1263,626
573,0,1336,546,1458,715
573,1,329,423,451,590
573,2,1152,487,1263,626
574,1,325,422,448,590
574,0,1336,546,1458,715
574,2,1153,487,1262,626
575,1,322,419,446,591
575,0,1336,547,1459,715
575,2,1153,488,1262,626
576,1,315,419,442,590
576,0,1335,545,1459,716
576,2,1153,487,1262,625
577,1,311,421,439,591
577,0,1335,546,1459,716
577,2,1153,487,1262,625
578,1,307,420,436,591
578,0,1335,546,1459,716
578,2,1152,487,1262,625
579,1,306,421,434,591
579,0,1335,547,1459,716
579,2,1153,488,1262,626
580,1,304,421,433,591
580,0,1334,547,1458,716
580,2,1153,488,1262,626
581,1,304,420,433,592
581,0,1334,547,1458,717
581,2,1153,488,1262,626
582,1,304,420,433,591
582,0,1335,549,1459,717
582,2,1153,488,1262,626
583,1,305,421,434,592
583,0,1337,549,1462,718
583,2,1153,487,1262,626
584,1,306,421,435,591
584,0,1340,548,1466,721
584,2,1153,487,1262,626
585,1,306,422,435,591
585,0,1340,549,1469,722
585,2,1153,487,1261,626
586,0,1343,548,1476,725
586,1,306,422,435,591
586,2,1153,487,1261,626
587,0,1344,550,1483,724
587,1,307,422,436,591
587,2,1153,486,1261,626
588,0,1346,550,1489,727
588,1,308,422,436,591
588,2,1152,486,1261,625
589,0,1348,548,1492,728
589,1,308,423,437,590
589,2,1152,487,1261,626
590,0,1349,548,1493,727
590,1,308,422,437,590
590,2,1152,487,1261,626
591,0,1349,548,1493,727
591,1,308,422,437,589
591,2,1152,487,1261,626
592,0,1349,548,1493,726
592,1,308,422,437,589
592,2,1152,487,1260,626
593,0,1349,548,1493,726
593,1,308,422,436,590
593,2,1152,487,1261,626
594,0,1349,547,1493,726
594,1,307,423,436,590
594,2,1152,487,1261,626
595,0,1349,547,1493,726
595,1,307,423,435,590
595,2,1152,487,1260,626
596,0,1349,548,1492,726
596,1,305,424,434,589
596,2,1152,487,1260,626
597,0,1349,548,1492,727
597,1,304,424,434,590
597,2,1152,487,1261,626
598,0,1349,548,1491,727
598,1,303,424,433,590
598,2,1152,487,1261,626
599,0,1349,548,1491,727
599,1,302,424,432,590
599,2,1152,487,1260,626
600,0,1349,549,1491,727
600,1,302,420,432,590
600,2,1152,487,1260,626
601,0,1349,549,1491,727
601,1,302,420,432,590
601,2,1152,487,1260,626
602,0,1349,550,1491,727
602,1,302,419,433,590
602,2,1152,487,1260,626
603,0,1349,549,1491,727
603,1,302,420,432,590
603,2,1152,487,1260,626
604,0,1349,549,1491,727
604,1,302,420,433,590
604,2,1152,488,1260,626
605,0,1349,549,1491,727
605,1,302,421,432,590
605,2,1152,487,1260,626
606,0,1349,550,1491,727
606,1,302,421,432,591
606,2,1152,487,1260,626
607,0,1349,550,1490,727
607,1,302,421,432,591
607,2,1152,487,1260,626
608,0,1348,550,1489,726
608,1,302,422,432,591
608,2,1152,487,1260,626
609,0,1347,549,1489,726
609,1,303,421,432,591
609,2,1152,487,1259,626
610,0,1346,551,1489,726
610,1,302,420,432,590
610,2,1152,487,1259,626
611,0,1345,552,1485,725
611,1,302,420,432,590
611,2,1152,487,1259,626
612,0,1344,551,1480,723
612,1,302,420,432,590
612,2,1152,487,1259,626
613,0,1343,552,1476,724
613,1,302,419,432,591
613,2,1152,487,1259,626
614,0,1342,549,1474,724
614,1,302,419,432,591
614,2,1152,487,1259,626
615,1,302,419,432,591
615,0,1341,551,1471,724
615,2,1152,487,1259,626
616,0,1340,548,1472,722
616,1,302,418,432,590
616,2,1152,487,1259,626
617,0,1340,548,1471,722
617,1,303,418,432,589
617,2,1152,488,1259,626
618,0,1340,549,1471,722
618,1,302,417,431,590
618,2,1152,488,1259,626
619,0,1340,549,1471,722
619,1,302,417,430,589
619,2,1152,487,1259,626
620,0,1340,548,1470,722
620,1,302,415,430,588
620,2,1152,488,1259,627
621,0,1340,548,1470,722
621,1,302,415,429,586
621,2,1152,488,1259,627
622,0,1341,547,1471,721
622,1,302,414,429,586
622,2,1152,488,1259,627
623,0,1341,547,1470,721
623,1,304,413,432,586
623,2,1152,488,1259,627
624,0,1341,547,1470,721
624,1,307,413,434,584
624,2,1152,488,1259,627
625,0,1341,547,1470,720
625,1,313,410,437,586
625,2,1152,488,1259,627
626,0,1341,548,1470,720
626,1,314,409,441,585
626,2,1152,488,1259,627
627,0,1341,547,1470,719
627,1,317,410,442,586
627,2,1152,488,1259,627
628,0,1341,548,1469,718
628,1,317,410,442,587
628,2,1152,488,1259,627
629,0,1341,546,1469,717
629,1,317,411,442,587
629,2,1152,488,1259,627
630,0,1340,546,1467,718
630,1,318,411,442,585
630,2,1152,488,1259,627
631,0,1339,547,1465,717
631,1,318,411,443,584
631,2,1152,488,1259,627
632,1,317,412,443,586
632,0,1338,547,1462,715
632,2,1152,488,1259,627
633,1,318,412,443,586
633,0,1337,545,1461,714
633,2,1152,488,1259,627
634,1,318,413,443,587
634,0,1337,547,1460,714
634,2,1152,488,1260,627
635,1,318,413,443,587
635,0,1336,547,1460,714
635,2,1152,488,1260,627
636,1,317,413,443,589
636,0,1336,545,1460,715
636,2,1152,488,1260,627
637,1,318,412,443,588
637,0,1337,544,1461,715
637,2,1152,488,1260,627
638,1,318,413,443,588
638,0,1337,543,1461,715
638,2,1152,488,1260,627
639,1,317,413,443,587
639,0,1337,543,1461,715
639,2,1152,488,1260,627
640,1,318,414,443,587
640,0,1337,543,1461,715
640,2,1152,488,1260,627
641,1,318,415,444,587
641,0,1337,544,1461,716
641,2,1152,487,1260,627
642,1,318,415,444,587
642,0,1337,544,1461,715
642,2,1152,487,1261,627
643,1,317,415,444,587
643,0,1337,545,1461,715
643,2,1152,488,1261,627
644,1,317,414,443,588
644,0,1337,545,1461,715
644,2,1152,488,1261,627
645,1,318,414,443,588
645,0,1337,545,1461,715
645,2,1152,488,1261,627
646,1,318,415,442,589
646,0,1337,545,1461,714
646,2,1152,488,1261,627
647,1,318,416,442,590
647,0,1337,545,1461,714
647,2,1152,488,1261,627
648,1,318,418,443,591
648,0,1337,544,1461,714
648,2,1152,488,1261,628
649,1,320,418,444,591
649,0,1337,544,1460,714
649,2,1152,488,1261,628
650,1,319,418,444,592
650,0,1337,544,1460,714
650,2,1152,489,1260,627
651,1,320,418,445,592
651,0,1337,545,1461,714
651,2,1152,489,1259,627
652,1,320,419,445,592
652,0,1337,545,1461,714
652,2,1153,490,1259,628
653,1,321,419,445,592
653,0,1338,545,1461,714
653,2,1152,490,1259,628
654,1,321,419,446,592
654,0,1339,545,1462,714
654,2,1152,489,1259,628
655,1,321,420,446,592
655,0,1340,545,1463,715
655,2,1152,489,1259,628
656,0,1342,545,1468,715
656,1,322,421,447,593
656,2,1152,489,1258,628
657,0,1343,545,1469,716
657,1,322,421,447,593
657,2,1152,489,1258,628
658,0,1344,546,1471,715
658,1,323,421,447,593
658,2,1152,489,1259,628
659,0,1344,545,1473,715
659,1,323,421,447,593
659,2,1152,490,1259,628
660,0,1346,547,1474,716
660,1,324,421,447,593
660,2,1152,489,1259,628
661,0,1346,548,1474,717
661,1,324,421,447,593
661,2,1152,490,1259,628
662,0,1346,547,1474,717
662,1,323,422,448,593
662,2,1152,490,1259,628
663,0,1345,547,1474,717
663,1,325,422,448,594
663,2,1152,490,1259,628
664,0,1345,546,1474,716
664,1,325,422,449,594
664,2,1152,490,1259,628
665,0,1345,546,1473,716
665,1,326,423,450,595
665,2,1152,490,1259,628
666,0,1345,545,1473,716
666,1,329,423,452,594
666,2,1152,490,1259,628
667,0,1345,547,1473,716
667,1,330,423,453,595
667,2,1152,490,1260,629
668,0,1343,546,1473,717
668,1,333,422,455,595
668,2,1152,490,1260,629
669,0,1343,547,1473,716
669,1,334,422,456,594
669,2,1152,491,1259,629
670,0,1342,548,1472,717
670,1,332,421,456,593
670,2,1152,491,1259,629
671,0,1342,549,1472,717
671,1,333,422,456,594
671,2,1153,491,1259,629
672,0,1342,550,1472,716
672,1,335,421,457,593
672,2,1153,490,1260,628
673,0,1342,549,1472,716
673,1,335,422,459,594
673,2,1153,491,1260,628
674,0,1342,550,1472,716
674,1,337,422,460,596
674,2,1153,490,1260,628
675,0,1342,550,1472,716
675,1,340,423,462,596
675,2,1153,491,1260,628
676,0,1342,548,1472,715
676,1,345,424,463,594
676,2,1152,490,1260,629
677,0,1342,548,1471,715
677,1,346,424,463,593
677,2,1152,491,1259,629
678,0,1342,549,1471,715
678,1,346,423,463,592
678,2,1152,491,1259,629
679,0,1342,548,1470,715
679,1,348,424,462,590
679,2,1152,491,1259,629
680,0,1342,548,1470,715
680,1,350,423,462,589
680,2,1152,491,1259,629
681,0,1342,549,1470,715
681,1,350,423,461,589
681,2,1152,491,1260,629
682,0,1342,549,1468,716
682,1,349,423,461,587
682,2,1152,491,1259,629
683,0,1341,549,1468,716
683,1,349,422,460,587
683,2,1152,491,1260,629
684,0,1341,549,1468,716
684,1,346,423,459,587
684,2,1152,491,1260,629
685,0,1341,550,1468,716
685,1,345,422,458,586
685,2,1152,492,1260,629
686,0,1340,549,1468,717
686,1,347,422,457,587
686,2,1152,491,1260,629
687,0,1340,548,1467,718
687,1,345,422,458,587
687,2,1152,491,1260,629
688,0,1340,549,1467,718
688,1,344,422,458,587
688,2,1152,492,1260,629
689,0,1340,549,1467,718
689,1,344,422,458,586
689,2,1152,492,1260,629
690,0,1340,549,1466,718
690,1,345,421,458,587
690,2,1152,492,1259,629
691,0,1339,548,1466,718
691,1,347,421,458,587
691,2,1152,492,1259,630
692,0,1339,548,1465,718
692,1,347,421,459,587
692,2,1152,492,1259,630
693,0,1339,548,1464,717
693,1,348,418,461,589
693,2,1152,492,1259,630
694,0,1338,548,1463,716
694,1,349,418,461,589
694,2,1152,492,1259,630
695,0,1337,545,1461,716
695,1,349,417,461,589
695,2,1152,492,1259,630
696,0,1337,545,1461,714
696,1,349,417,461,588
696,2,1152,493,1259,630
697,0,1337,544,1460,714
697,1,349,417,461,587
697,2,1152,493,1259,630
698,0,1337,544,1460,714
698,1,350,417,462,587
698,2,1152,493,1259,630
699,0,1337,544,1459,714
699,1,354,414,461,588
699,2,1152,493,1259,630
700,0,1337,545,1460,714
700,1,354,414,461,587
700,2,1152,494,1259,630
701,0,1337,545,1460,714
701,1,348,415,462,587
701,2,1152,493,1259,630
702,0,1337,544,1460,714
702,1,348,415,462,587
702,2,1152,493,1258,630
703,0,1337,543,1460,714
703,1,349,415,462,587
703,2,1152,493,1258,630
704,0,1337,543,1460,714
704,1,351,415,464,587
704,2,1152,493,1258,630
705,0,1337,544,1460,715
705,1,353,416,466,586
705,2,1152,493,1258,630
706,0,1337,543,1460,714
706,1,355,417,466,585
706,2,1152,493,1258,630
707,0,1337,544,1461,715
707,1,352,417,465,586
707,2,1152,493,1258,630
708,0,1337,544,1461,716
708,1,349,416,464,588
708,2,1152,493,1258,630
709,0,1337,546,1462,715
709,1,350,417,465,587
709,2,1152,493,1258,630
710,0,1337,546,1461,716
710,1,349,417,465,588
710,2,1152,493,1259,630
711,0,1337,548,1461,716
711,1,352,417,466,589
711,2,1151,493,1258,630
712,0,1337,548,1461,716
712,1,351,417,467,589
712,2,1151,493,1258,630
713,0,1337,548,1461,716
713,1,351,417,466,589
713,2,1151,493,1258,630
714,0,1337,547,1461,715
714,1,354,417,467,587
714,2,1151,493,1258,630
715,0,1337,547,1461,715
715,1,354,416,468,586
715,2,1151,493,1258,631
716,0,1337,545,1462,717
716,1,355,416,469,586
716,2,1151,493,1258,631
717,0,1337,545,1461,716
717,1,358,417,470,586
717,2,1151,493,1258,631
718,0,1337,543,1462,715
718,1,362,418,471,585
718,2,1151,493,1257,631
719,0,1338,543,1463,716
719,1,359,419,472,587
719,2,1151,493,1257,631
720,0,1338,542,1464,715
720,1,359,419,472,587
720,2,1151,493,1257,630
721,0,1339,543,1465,717
721,1,359,417,472,586
721,2,1151,493,1257,631
722,0,1339,544,1466,716
722,1,358,417,473,585
722,2,1151,493,1258,631
723,0,1339,543,1468,716
723,1,360,415,474,586
723,2,1152,493,1258,630
724,0,1339,543,1468,716
724,1,364,414,476,587
724,2,1151,493,1258,630
725,0,1340,543,1468,715
725,1,364,417,478,589
725,2,1151,493,1258,630
726,0,1340,544,1468,715
726,1,368,419,483,593
726,2,1152,493,1259,631
727,0,1340,543,1468,715
727,1,372,422,487,595
727,2,1152,492,1258,631
728,0,1340,543,1468,716
728,1,373,426,491,602
728,2,1152,493,1258,631
729,0,1339,543,1468,716
729,1,376,427,493,605
729,2,1152,493,1258,631
730,0,1339,543,1467,716
730,1,377,429,495,608
730,2,1152,493,1258,631
731,0,1338,544,1466,716
731,1,378,429,498,609
731,2,1152,493,1258,631
732,0,1338,546,1462,715
732,1,381,430,499,607
732,2,1152,493,1259,631
733,0,1337,547,1461,714
733,1,381,430,502,607
733,2,1152,493,1259,631
734,0,1337,546,1462,714
734,1,383,429,503,606
734,2,1152,494,1259,631
735,0,1336,545,1461,715
735,1,386,427,507,606
735,2,1152,494,1259,631
736,0,1335,544,1459,715
736,1,389,427,508,606
736,2,1152,493,1259,631
737,0,1335,543,1458,714
737,1,389,427,508,605
737,2,1152,493,1259,630
738,0,1335,543,1457,714
738,1,386,427,505,605
738,2,1152,493,1259,630
739,0,1335,543,1457,714
739,1,384,429,502,604
739,2,1152,493,1259,631
740,0,1335,543,1457,714
740,1,383,427,500,600
740,2,1152,493,1259,631
741,0,1335,544,1457,715
741,1,376,423,497,598
741,2,1152,493,1259,631
742,0,1336,546,1458,715
742,1,375,421,494,594
742,2,1152,493,1259,631
743,0,1337,547,1463,717
743,1,372,419,492,593
743,2,1152,493,1260,631
744,0,1338,548,1464,718
744,1,369,417,489,590
744,2,1152,493,1260,631
745,0,1339,549,1466,719
745,1,366,412,486,588
745,2,1152,493,1260,631
746,0,1339,551,1466,720
746,1,359,406,479,586
746,2,1152,493,1260,631
747,0,1339,550,1466,720
747,1,357,404,477,581
747,2,1152,493,1259,631
748,0,1339,550,1467,720
748,1,355,403,475,578
748,2,1152,493,1260,631
749,0,1339,552,1467,719
749,1,354,402,473,578
749,2,1152,493,1260,631
750,0,1339,552,1467,720
750,1,358,405,471,576
750,2,1151,493,1259,631
751,0,1339,551,1468,720
751,1,357,403,470,575
751,2,1151,493,1259,631
752,0,1339,552,1468,719
752,1,356,403,469,575
752,2,1151,493,1258,631
753,0,1339,551,1468,720
753,1,357,405,470,575
753,2,1152,493,1258,631
754,0,1339,552,1468,720
754,1,357,405,470,576
754,2,1152,493,1258,630
755,0,1339,552,1468,719
755,1,359,405,470,576
755,2,1152,493,1259,631
756,0,1339,551,1468,719
756,1,357,405,469,575
756,2,1152,493,1258,631
757,0,1339,550,1468,718
757,1,354,403,466,575
757,2,1151,493,1259,631
758,0,1339,550,1468,718
758,1,352,404,465,575
758,2,1151,493,1259,631
759,0,1339,550,1467,718
759,1,350,404,462,576
759,2,1151,493,1259,631
760,0,1339,551,1467,717
760,1,349,404,462,578
760,2,1151,493,1258,631
761,0,1339,549,1467,717
761,1,345,405,456,576
761,2,1151,494,1258,631
762,0,1339,549,1466,718
762,1,341,403,452,574
762,2,1151,494,1258,632
763,0,1340,550,1467,718
763,1,332,400,447,572
763,2,1151,495,1258,632
764,0,1340,549,1468,718
764,1,324,399,442,571
764,2,1152,495,1258,631
765,0,1340,548,1468,718
765,1,318,397,440,573
765,2,1151,495,1258,632
766,0,1340,548,1468,718
766,1,313,398,437,569
766,2,1151,494,1258,632
767,0,1340,548,1468,718
767,1,312,398,437,567
767,2,1151,495,1258,631
768,0,1340,549,1468,718
768,1,311,398,436,569
768,2,1151,495,1258,631
769,0,1340,549,1468,718
769,1,310,397,437,571
769,2,1151,496,1257,632
770,0,1341,549,1469,718
770,1,310,396,437,571
770,2,1151,496,1257,632
771,0,1340,548,1469,718
771,1,310,397,437,570
771,2,1151,497,1257,632
772,0,1340,549,1469,719
772,1,308,398,436,572
772,2,1151,497,1257,632
773,1,303,398,433,577
773,0,1340,549,1468,719
773,2,1151,498,1257,632
774,1,299,399,430,576
774,0,1340,550,1467,720
774,2,1151,498,1257,633
775,1,298,399,428,573
775,0,1339,550,1467,720
775,2,1151,498,1257,633
776,1,295,398,424,576
776,0,1340,550,1468,719
776,2,1151,498,1257,634
777,1,293,398,422,574
777,0,1339,550,1467,719
777,2,1151,498,1257,634
778,1,291,397,420,573
778,0,1339,550,1467,718
778,2,1151,498,1257,634
779,1,291,397,419,573
779,0,1339,549,1467,718
779,2,1151,498,1257,635
780,1,290,398,420,573
780,0,1339,550,1467,718
780,2,1151,498,1257,635
781,1,289,399,419,573
781,0,1339,549,1467,719
781,2,1151,499,1257,635
782,1,288,398,419,575
782,0,1339,549,1466,719
782,2,1151,498,1257,635
783,1,288,399,419,575
783,0,1339,549,1467,719
783,2,1151,499,1257,635
784,1,288,399,419,575
784,0,1339,549,1467,719
784,2,1151,499,1257,635
785,1,289,399,419,575
785,0,1339,549,1467,720
785,2,1152,498,1256,635
786,1,289,398,419,573
786,0,1339,549,1467,720
786,2,1152,498,1256,635
787,1,289,399,420,572
787,0,1339,550,1467,719
787,2,1152,499,1256,636
788,1,291,399,421,571
788,0,1339,549,1467,720
788,2,1152,498,1256,636
789,1,291,400,423,573
789,0,1339,550,1466,720
789,2,1152,498,1256,636
790,1,292,401,423,572
790,0,1339,550,1466,721
790,2,1152,498,1257,636
791,1,293,400,424,572
791,0,1338,550,1466,721
791,2,1152,498,1257,635
792,1,293,400,424,573
792,0,1338,550,1465,722
792,2,1152,497,1257,635
793,1,294,400,425,574
793,0,1337,549,1463,721
793,2,1152,497,1257,635
794,1,294,400,426,574
794,0,1336,550,1462,722
794,2,1152,497,1258,634
795,1,294,400,426,574
795,0,1336,551,1461,720
795,2,1152,496,1259,633
796,1,296,401,427,575
796,0,1335,548,1456,718
796,2,1152,495,1260,632
797,1,296,401,427,577
797,0,1334,546,1456,719
797,2,1152,494,1260,632
798,1,298,401,427,578
798,0,1333,545,1456,719
798,2,1153,494,1260,631
799,1,298,401,427,578
799,0,1332,545,1456,720
799,2,1153,494,1260,631
800,1,298,399,428,576
800,0,1332,547,1455,718
800,2,1154,494,1261,632
801,1,298,399,427,578
801,0,1331,548,1454,718
801,2,1155,494,1262,632
802,1,298,398,427,578
802,0,1331,548,1454,719
802,2,1155,494,1262,633
803,1,298,399,427,578
803,0,1331,547,1453,718
803,2,1155,494,1262,633
804,1,297,399,427,578
804,0,1331,546,1452,717
804,2,1155,494,1262,634
805,1,296,398,426,578
805,0,1330,546,1452,716
805,2,1155,494,1261,633
806,1,295,398,426,577
806,0,1329,546,1450,714
806,2,1155,494,1261,632
807,1,294,397,426,577
807,0,1328,547,1449,714
807,2,1155,493,1261,631
808,1,295,397,426,577
808,0,1328,547,1449,715
808,2,1155,493,1261,632
809,1,294,397,426,578
809,0,1328,548,1451,715
809,2,1155,492,1262,632
810,1,295,397,426,577
810,0,1329,548,1451,717
810,2,1154,492,1262,632
811,1,295,397,426,579
811,0,1329,548,1451,717
811,2,1154,492,1262,632
812,1,294,396,426,579
812,0,1329,549,1452,717
812,2,1155,492,1261,632
813,1,295,397,426,580
813,0,1330,549,1453,716
813,2,1155,492,1262,631
814,1,295,396,426,580
814,0,1330,549,1453,717
814,2,1155,492,1262,630
815,1,297,397,427,579
815,0,1331,549,1453,716
815,2,1155,492,1262,630
816,1,298,398,429,578
816,0,1331,548,1453,716
816,2,1155,492,1261,630
817,1,299,398,429,578
817,0,1331,547,1453,716
817,2,1155,491,1261,630
818,1,299,398,430,579
818,0,1331,547,1452,715
818,2,1155,490,1262,630
819,1,298,398,430,579
819,0,1331,546,1452,716
819,2,1156,490,1262,631
820,1,298,398,430,579
820,0,1331,546,1452,714
820,2,1156,490,1262,631
821,1,298,398,429,579
821,0,1331,548,1453,715
821,2,1156,490,1262,629
822,1,298,398,429,578
822,0,1330,546,1452,714
822,2,1156,490,1262,629
823,1,298,398,429,578
823,0,1330,546,1451,714
823,2,1155,488,1261,627
824,1,298,398,429,577
824,0,1329,545,1450,714
824,2,1154,487,1260,626
825,1,298,400,429,578
825,0,1329,545,1449,713
825,2,1154,486,1260,625
826,1,296,400,427,578
826,0,1330,544,1450,714
826,2,1152,483,1259,624
827,1,296,400,427,578
827,0,1330,544,1451,714
827,2,1151,481,1258,623
828,1,296,400,427,578
828,0,1330,543,1451,715
828,2,1149,479,1256,622
829,1,296,400,427,578
829,0,1330,543,1451,714
829,2,1148,479,1255,622
830,1,297,400,428,578
830,0,1330,543,1451,714
830,2,1147,478,1254,621
831,1,299,401,428,579
831,0,1331,542,1452,714
831,2,1146,477,1253,621
832,1,298,401,429,579
832,0,1331,543,1451,715
832,2,1145,476,1252,620
833,1,300,402,429,580
833,0,1331,542,1451,714
833,2,1144,476,1251,619
834,1,300,402,429,580
834,0,1331,542,1450,714
834,2,1144,476,1251,619
835,1,300,402,429,579
835,0,1331,542,1450,713
835,2,1144,476,1251,618
836,1,300,403,430,579
836,0,1331,541,1451,713
836,2,1144,476,1251,618
837,1,299,402,430,579
837,0,1331,542,1450,713
837,2,1144,476,1251,618
838,1,299,403,430,579
838,0,1331,542,1449,713
838,2,1144,476,1251,618
839,1,299,402,430,579
839,0,1331,542,1449,713
839,2,1145,477,1251,619
840,1,300,402,430,579
840,0,1331,543,1449,713
840,2,1144,476,1251,619
841,1,300,403,430,579
841,0,1332,542,1448,712
841,2,1144,476,1252,619
842,1,300,404,430,579
842,0,1331,541,1448,712
842,2,1145,477,1252,619
843,1,300,403,430,579
843,0,1331,542,1448,712
843,2,1145,477,1251,619
844,1,300,403,430,579
844,0,1331,541,1448,712
844,2,1145,477,1251,619
845,1,300,403,430,579
845,0,1330,542,1448,712
845,2,1145,477,1251,619
846,1,299,403,429,579
846,0,1330,542,1448,713
846,2,1145,477,1252,619
847,1,299,403,429,579
847,0,1329,542,1449,713
847,2,1145,477,1252,620
848,1,300,403,430,579
848,0,1329,542,1448,713
848,2,1145,477,1253,621
849,1,300,403,430,578
849,0,1329,542,1448,713
849,2,1145,477,1253,622
850,1,301,402,430,577
850,0,1328,541,1448,713
850,2,1145,476,1252,620
851,1,302,402,431,577
851,0,1328,542,1448,714
851,2,1145,476,1252,618
852,1,302,401,431,576
852,0,1329,542,1448,714
852,2,1145,477,1251,618
853,1,302,401,430,576
853,0,1329,543,1448,714
853,2,1145,477,1251,618
854,1,302,402,430,576
854,0,1329,543,1448,714
854,2,1145,477,1251,618
855,1,302,401,431,576
855,0,1329,543,1449,714
855,2,1145,478,1252,619
856,1,301,401,431,577
856,0,1329,543,1449,714
856,2,1144,478,1252,619
857,1,301,401,431,577
857,0,1330,543,1449,713
857,2,1144,478,1252,619
858,1,302,401,431,577
858,0,1329,542,1449,713
858,2,1144,478,1252,620
859,1,304,401,432,576
859,0,1329,542,1449,713
859,2,1144,478,1251,620
860,1,303,401,432,577
860,0,1329,542,1449,713
860,2,1144,477,1252,621
861,1,305,401,433,577
861,0,1329,542,1449,713
861,2,1144,477,1252,621
862,1,304,401,434,578
862,0,1329,542,1449,713
862,2,1144,477,1252,621
863,1,307,400,435,578
863,0,1329,543,1449,713
863,2,1144,477,1252,620
864,1,307,400,436,577
864,0,1329,543,1449,714
864,2,1144,477,1252,620
865,1,307,399,437,578
865,0,1329,544,1450,713
865,2,1144,477,1252,620
866,1,308,399,437,578
866,0,1328,543,1450,713
866,2,1144,477,1252,620
867,1,308,399,437,578
867,0,1328,544,1449,713
867,2,1144,477,1252,621
868,1,308,399,437,577
868,0,1327,544,1448,714
868,2,1144,477,1253,621
869,1,310,398,439,578
869,0,1326,545,1448,715
869,2,1145,477,1253,621
870,1,312,397,440,576
870,0,1325,546,1446,714
870,2,1145,477,1253,620
871,1,316,397,442,575
871,0,1325,546,1446,714
871,2,1145,477,1252,620
872,1,316,397,444,575
872,0,1325,545,1446,713
872,2,1145,477,1252,620
873,1,317,398,446,575
873,0,1325,546,1446,713
873,2,1145,477,1252,620
874,1,319,399,447,576
874,0,1325,546,1446,713
874,2,1145,477,1253,619
875,1,320,400,447,576
875,0,1325,549,1446,713
875,2,1146,477,1253,619
876,1,320,400,447,576
876,0,1325,548,1445,714
876,2,1146,478,1253,621
877,1,319,400,446,576
877,0,1325,548,1446,714
877,2,1145,477,1253,622
878,1,315,398,444,576
878,0,1325,547,1446,714
878,2,1145,477,1254,622
879,1,314,397,442,576
879,0,1325,547,1445,714
879,2,1146,478,1254,623
880,1,312,396,440,575
880,0,1325,547,1446,715
880,2,1145,478,1254,622
881,1,310,396,438,574
881,0,1326,545,1446,714
881,2,1145,478,1254,620
882,1,310,396,437,574
882,0,1327,544,1446,712
882,2,1145,477,1253,620
883,1,310,395,435,575
883,0,1328,543,1446,711
883,2,1144,478,1251,620
884,1,308,395,434,574
884,0,1329,543,1447,710
884,2,1143,478,1250,620
885,1,305,392,434,571
885,0,1329,542,1448,710
885,2,1143,479,1250,621
886,1,306,390,433,567
886,0,1329,542,1448,711
886,2,1143,480,1250,622
887,1,307,389,433,567
887,0,1329,542,1448,711
887,2,1143,480,1250,622
888,1,307,388,433,566
888,0,1328,544,1447,711
888,2,1143,482,1250,623
889,1,307,388,434,565
889,0,1329,543,1448,712
889,2,1142,481,1250,623
890,1,312,388,437,564
890,0,1328,544,1448,713
890,2,1142,482,1250,623
891,0,1328,545,1448,713
891,1,325,389,442,566
891,2,1142,482,1249,624
892,0,1328,545,1448,713
892,1,331,391,447,567
892,2,1142,483,1249,624
893,0,1328,544,1448,713
893,1,348,392,457,565
893,2,1142,483,1249,624
894,0,1328,544,1448,713
894,1,357,393,467,567
894,2,1142,482,1249,624
895,0,1329,543,1448,712
895,1,364,396,472,567
895,2,1142,483,1249,624
896,0,1329,544,1448,712
896,1,370,396,477,566
896,2,1143,482,1249,623
897,0,1331,544,1448,710
897,2,1143,482,1249,623
897,1,379,397,478,566
898,0,1332,541,1449,710
898,2,1143,482,1250,624
898,1,383,398,482,567
899,0,1333,541,1451,708
899,2,1143,482,1250,625
899,1,384,399,485,570
900,0,1334,541,1451,708
900,2,1143,482,1250,625
900,1,385,400,485,569
901,0,1335,542,1453,708
901,2,1143,482,1249,625
901,1,388,404,486,570
902,0,1335,542,1453,708
902,2,1143,482,1250,625
902,1,389,405,487,571
903,0,1336,542,1456,708
903,2,1143,482,1249,625
903,1,393,407,488,569
904,0,1337,542,1456,708
904,2,1143,482,1249,625
904,1,391,408,489,572
905,0,1337,540,1455,708
905,2,1143,482,1249,624
905,1,387,411,492,576
906,0,1338,539,1457,707
906,2,1143,483,1248,624
906,1,391,411,491,575
907,0,1337,538,1457,706
907,2,1142,482,1248,624
907,1,391,412,492,576
908,0,1337,538,1456,706
908,2,1142,482,1248,624
908,1,392,413,492,576
909,0,1336,537,1455,706
909,2,1142,481,1248,624
909,1,392,413,492,577
910,0,1335,539,1453,707
910,2,1142,481,1248,624
910,1,392,414,492,577
911,0,1334,539,1452,707
911,2,1142,481,1249,623
911,1,392,415,491,576
912,0,1334,541,1452,707
912,2,1142,481,1248,623
912,1,391,415,490,575
913,0,1333,541,1452,708
913,2,1142,481,1249,623
913,1,391,413,490,576
914,0,1333,540,1451,708
914,2,1143,481,1249,623
914,1,388,412,488,578
915,0,1332,541,1450,709
915,2,1143,481,1249,623
915,1,387,412,487,574
916,0,1331,543,1449,708
916,2,1143,481,1249,623
916,1,384,410,486,572
917,0,1331,542,1449,709
917,2,1143,482,1249,624
917,1,385,411,485,573
918,0,1331,542,1448,709
918,2,1143,482,1249,624
918,1,381,410,484,576
919,0,1331,542,1449,709
919,2,1143,482,1249,624
919,1,381,410,483,579
920,0,1331,543,1450,710
920,2,1143,482,1249,624
920,1,379,409,482,579
921,0,1331,542,1450,710
921,2,1143,482,1250,624
921,1,378,408,481,578
922,0,1331,542,1450,710
922,2,1143,482,1250,624
922,1,378,408,480,579
923,0,1331,542,1449,710
923,2,1143,482,1250,624
923,1,377,408,479,580
924,0,1331,542,1449,709
924,1,371,408,479,582
924,2,1144,481,1250,624
925,0,1332,542,1450,710
925,1,370,407,479,583
925,2,1144,481,1250,624
926,0,1331,542,1450,711
926,1,370,407,479,583
926,2,1144,481,1250,625
927,0,1331,543,1450,712
927,1,371,407,480,584
927,2,1145,481,1251,626
928,0,1331,543,1450,713
928,2,1145,480,1252,628
928,1,378,408,480,580
929,0,1329,543,1449,713
929,2,1145,481,1251,628
929,1,378,407,480,581
930,0,1329,542,1448,713
930,2,1145,480,1252,627
930,1,377,407,480,579
931,0,1328,542,1448,712
931,2,1145,481,1250,625
931,1,380,408,481,579
932,0,1328,541,1448,712
932,2,1145,480,1251,625
932,1,381,408,482,577
933,0,1328,541,1448,711
933,2,1145,480,1251,624
933,1,381,409,482,574
934,0,1328,540,1448,711
934,2,1146,480,1251,624
934,1,381,408,482,575
935,0,1328,540,1448,711
935,2,1145,480,1250,623
935,1,381,408,482,575
936,0,1328,540,1448,711
936,2,1145,480,1250,623
936,1,381,408,482,575
937,0,1328,541,1448,711
937,2,1145,480,1250,623
937,1,381,408,482,576
938,0,1329,541,1448,711
938,2,1145,481,1250,624
938,1,381,407,481,576
939,0,1329,541,1448,711
939,2,1146,481,1250,624
939,1,380,407,481,576
940,0,1329,541,1448,712
940,2,1146,481,1250,624
940,1,381,407,481,575
941,0,1329,541,1448,710
941,2,1146,480,1251,623
941,1,380,408,481,575
942,0,1329,540,1448,710
942,2,1147,480,1251,623
942,1,380,408,481,575
943,0,1329,541,1447,710
943,2,1147,480,1251,623
943,1,380,408,481,575
944,0,1329,541,1447,710
944,2,1147,480,1251,623
944,1,380,406,480,575
945,0,1329,543,1447,710
945,2,1147,480,1252,623
945,1,380,407,481,576
946,0,1329,542,1447,711
946,2,1147,479,1252,623
946,1,380,408,481,579
947,0,1329,542,1447,711
947,2,1146,479,1252,624
947,1,380,408,481,580
948,0,1328,542,1447,711
948,2,1146,479,1252,625
948,1,380,407,481,580
949,0,1328,541,1448,711
949,2,1146,479,1252,624
949,1,380,408,481,580
950,0,1330,539,1448,710
950,2,1146,479,1252,624
950,1,380,407,481,580
951,0,1330,540,1450,710
951,2,1146,480,1252,623
951,1,380,407,482,579
952,0,1332,539,1451,710
952,2,1146,480,1252,623
952,1,380,407,481,579
953,0,1334,538,1451,709
953,2,1146,480,1252,623
953,1,379,407,481,579
954,0,1334,540,1452,709
954,2,1146,479,1252,623
954,1,379,407,481,579
955,0,1335,539,1453,709
955,2,1147,479,1252,623
955,1,379,407,482,580
956,0,1335,540,1451,708
956,2,1146,481,1252,624
956,1,379,407,481,580
957,0,1334,541,1451,708
957,2,1146,481,1252,624
957,1,378,407,481,580
958,0,1334,540,1451,709
958,2,1147,482,1253,624
958,1,378,407,481,580
959,0,1333,541,1450,709
959,1,374,407,481,581
959,2,1147,482,1253,624
960,0,1333,541,1450,709
960,1,374,407,481,581
960,2,1147,482,1253,624
961,0,1332,541,1450,710
961,1,374,407,481,581
961,2,1146,482,1252,624
962,0,1332,540,1449,711
962,1,374,407,481,580
962,2,1146,482,1253,624
963,0,1330,540,1448,712
963,2,1146,482,1253,623
963,1,374,406,481,579
964,0,1330,540,1448,712
964,2,1146,482,1254,623
964,1,374,406,480,578
965,0,1329,540,1447,712
965,2,1147,483,1255,623
965,1,374,407,480,578
966,0,1328,540,1447,712
966,2,1148,484,1255,623
966,1,373,407,480,578
967,0,1328,540,1447,712
967,2,1148,483,1256,623
967,1,373,407,480,579
968,0,1328,540,1447,712
968,1,372,406,480,579
968,2,1149,484,1256,623
969,0,1328,539,1447,712
969,1,370,405,480,579
969,2,1149,485,1257,623
970,0,1329,539,1447,711
970,1,370,404,479,578
970,2,1150,485,1258,623
971,0,1329,540,1447,711
971,2,1150,485,1259,624
971,1,370,404,478,576
972,0,1329,539,1447,710
972,2,1151,485,1260,624
972,1,369,403,478,576
973,0,1329,540,1447,711
973,1,367,403,477,577
973,2,1151,485,1259,623
974,0,1329,540,1446,711
974,1,367,403,476,577
974,2,1151,486,1259,623
975,0,1329,540,1446,711
975,1,367,405,476,577
975,2,1151,486,1260,623
976,0,1329,540,1447,710
976,1,367,404,476,579
976,2,1151,485,1260,624
977,0,1329,540,1447,710
977,1,367,405,476,581
977,2,1151,485,1259,623
978,0,1329,540,1447,709
978,1,366,406,476,582
978,2,1151,486,1259,623
979,0,1329,540,1447,709
979,1,367,406,476,580
979,2,1151,486,1259,623
980,0,1330,538,1448,709
980,1,368,406,477,577
980,2,1151,485,1259,623
981,0,1329,539,1447,709
981,1,368,405,477,579
981,2,1151,485,1259,623
982,0,1330,538,1447,708
982,1,369,405,477,578
982,2,1151,485,1260,623
983,0,1330,538,1447,707
983,1,368,406,478,581
983,2,1151,485,1259,623
984,0,1330,537,1447,707
984,1,367,407,478,583
984,2,1151,485,1260,623
985,0,1329,537,1447,707
985,1,366,407,479,584
985,2,1151,486,1258,623
986,0,1329,538,1447,708
986,1,368,408,478,582
986,2,1151,487,1257,624
987,0,1329,539,1446,708
987,1,367,408,478,582
987,2,1151,488,1257,624
988,0,1329,541,1445,709
988,1,367,408,478,582
988,2,1152,488,1258,625
989,0,1329,541,1445,709
989,1,366,408,478,582
989,2,1152,488,1258,625
990,0,1329,540,1445,709
990,1,366,408,478,582
990,2,1152,487,1259,625
991,0,1329,540,1445,710
991,1,366,408,478,583
991,2,1153,486,1260,625
992,0,1329,540,1445,709
992,1,366,409,479,583
992,2,1153,486,1260,625
993,0,1330,541,1446,709
993,1,368,409,479,583
993,2,1153,485,1259,624
994,0,1330,542,1446,709
994,1,369,409,479,582
994,2,1154,483,1261,623
995,0,1331,542,1447,708
995,1,368,409,479,584
995,2,1155,483,1260,623
996,0,1332,540,1449,707
996,2,1155,482,1261,623
996,1,376,410,479,581
997,0,1333,537,1451,706
997,1,370,409,480,583
997,2,1155,483,1261,624
998,0,1334,535,1453,704
998,1,370,409,480,584
998,2,1155,483,1261,625
999,0,1335,535,1452,703
999,1,370,409,480,583
999,2,1154,485,1261,626
1000,0,1337,534,1454,704
1000,1,371,408,480,583
1000,2,1154,485,1259,626
1001,0,1338,539,1454,704
1001,1,370,408,480,583
1001,2,1153,484,1259,625
1002,0,1337,540,1456,705
1002,1,370,408,480,583
1002,2,1153,484,1258,624
1003,0,1336,542,1454,707
1003,1,370,408,480,583
1003,2,1153,484,1259,622
1004,0,1335,543,1454,708
1004,1,369,408,480,583
1004,2,1153,483,1259,621
1005,0,1335,545,1454,708
1005,1,369,408,480,583
1005,2,1154,482,1261,620
1006,0,1335,543,1453,708
1006,1,368,408,479,583
1006,2,1154,482,1261,619
1007,0,1335,541,1454,707
1007,1,367,408,479,583
1007,2,1154,482,1261,620
1008,0,1336,541,1454,706
1008,1,365,407,478,582
1008,2,1154,484,1261,621
1009,0,1336,541,1455,707
1009,1,366,405,478,582
1009,2,1154,486,1261,622
1010,0,1337,541,1456,706
1010,1,367,405,477,579
1010,2,1153,486,1260,623
1011,0,1338,538,1458,705
1011,1,367,404,476,577
1011,2,1153,486,1260,623
1012,0,1337,540,1458,706
1012,1,367,404,476,576
1012,2,1153,486,1260,624
1013,0,1337,542,1456,709
1013,1,364,404,475,578
1013,2,1153,486,1260,624
1014,0,1337,545,1456,710
1014,1,364,405,475,579
1014,2,1154,487,1260,623
1015,0,1336,546,1457,710
1015,1,363,406,475,580
1015,2,1154,486,1261,622
1016,0,1335,548,1455,711
1016,1,360,405,474,583
1016,2,1154,485,1260,622
1017,0,1335,548,1454,712
1017,1,361,406,474,583
1017,2,1154,485,1260,622
1018,0,1335,546,1454,712
1018,1,360,405,474,583
1018,2,1154,486,1259,623
1019,0,1335,543,1454,711
1019,1,362,404,474,579
1019,2,1153,485,1259,623
1020,0,1336,543,1453,709
1020,1,361,402,474,579
1020,2,1153,486,1259,623
1021,0,1336,543,1453,708
1021,1,359,402,473,579
1021,2,1153,486,1258,624
1022,0,1336,543,1454,708
1022,1,358,403,473,579
1022,2,1153,486,1258,624
1023,0,1336,543,1454,709
1023,1,359,403,473,578
1023,2,1153,487,1258,624
1024,0,1335,544,1454,711
1024,1,359,404,473,580
1024,2,1153,487,1259,624
1025,0,1334,548,1453,712
1025,1,357,405,474,584
1025,2,1153,487,1259,624
1026,0,1333,551,1453,715
1026,1,357,407,474,585
1026,2,1153,486,1260,624
1027,0,1333,553,1454,716
1027,1,358,407,474,586
1027,2,1153,487,1259,623
1028,0,1332,553,1453,715
1028,1,358,407,474,584
1028,2,1153,487,1259,624
1029,0,1333,553,1453,715
1029,1,358,406,474,584
1029,2,1153,487,1258,624
1030,0,1334,550,1453,712
1030,1,359,406,474,583
1030,2,1153,487,1258,624
1031,0,1335,547,1454,710
1031,1,358,406,474,584
1031,2,1153,487,1258,624
1032,1,359,407,474,584
1032,0,1336,547,1451,706
1032,2,1153,487,1258,624
1033,0,1336,543,1455,707
1033,1,359,408,474,584
1033,2,1154,487,1258,623
1034,0,1336,543,1455,707
1034,1,359,408,474,585
1034,2,1154,487,1259,623
1035,0,1336,544,1455,707
1035,1,358,408,474,586
1035,2,1154,487,1259,623
1036,0,1336,544,1454,709
1036,1,359,408,474,584
1036,2,1154,487,1259,623
1037,0,1336,546,1454,710
1037,1,359,407,474,584
1037,2,1154,487,1259,623
1038,0,1334,547,1454,712
1038,1,359,408,473,585
1038,2,1154,487,1260,624
1039,0,1334,547,1454,712
1039,1,359,409,473,585
1039,2,1154,487,1260,624
1040,0,1334,547,1454,712
1040,1,359,409,473,584
1040,2,1154,487,1259,624
1041,0,1335,545,1453,711
1041,1,360,407,473,581
1041,2,1154,487,1259,624
1042,0,1334,546,1453,711
1042,1,358,406,473,582
1042,2,1153,487,1259,624
1043,0,1335,544,1453,709
1043,1,358,406,473,581
1043,2,1153,487,1260,624
1044,0,1335,544,1453,709
1044,1,357,405,473,582
1044,2,1153,486,1259,624
1045,0,1335,543,1453,709
1045,1,357,406,473,582
1045,2,1153,486,1259,624
1046,0,1335,545,1454,710
1046,1,357,406,473,582
1046,2,1153,486,1260,624
1047,0,1334,546,1453,710
1047,1,358,407,473,581
1047,2,1153,486,1260,624
1048,0,1334,547,1453,711
1048,1,358,409,474,585
1048,2,1153,486,1260,624
1049,0,1334,546,1453,711
1049,1,358,410,473,587
1049,2,1153,486,1261,624
1050,0,1334,546,1453,711
1050,1,360,411,474,587
1050,2,1153,486,1260,624
1051,0,1335,542,1454,709
1051,1,362,411,474,584
1051,2,1153,486,1260,624
1052,0,1335,544,1453,709
1052,1,361,409,474,584
1052,2,1153,486,1261,624
1053,0,1337,543,1456,707
1053,1,361,409,474,583
1053,2,1153,486,1261,624
1054,0,1338,542,1457,706
1054,1,361,409,474,584
1054,2,1153,486,1261,624
1055,0,1338,540,1458,706
1055,1,361,410,474,585
1055,2,1153,486,1261,624
1056,0,1339,539,1459,706
1056,1,362,411,474,586
1056,2,1153,486,1261,624
1057,0,1339,538,1459,706
1057,1,362,411,474,586
1057,2,1153,486,1261,624
1058,0,1341,539,1460,706
1058,1,362,411,474,585
1058,2,1153,485,1261,624
1059,0,1341,538,1460,707
1059,1,361,410,474,585
1059,2,1153,486,1261,624
1060,0,1341,538,1462,708
1060,1,361,410,474,586
1060,2,1153,485,1261,624
1061,0,1343,537,1464,709
1061,1,361,408,474,585
1061,2,1153,486,1261,624
1062,0,1342,539,1464,710
1062,1,360,408,474,582
1062,2,1153,486,1261,624
1063,0,1342,540,1463,710
1063,1,359,406,474,583
1063,2,1153,487,1261,625
1064,0,1342,539,1464,710
1064,1,358,406,474,583
1064,2,1153,487,1260,625
1065,0,1343,539,1464,710
1065,1,358,406,473,581
1065,2,1153,487,1260,625
1066,0,1343,539,1465,711
1066,1,359,406,473,581
1066,2,1153,487,1260,624
1067,0,1343,539,1464,711
1067,1,359,407,473,580
1067,2,1153,487,1260,624
1068,0,1343,539,1465,711
1068,1,359,406,473,580
1068,2,1153,486,1261,624
1069,0,1342,539,1465,712
1069,1,359,405,473,579
1069,2,1153,486,1261,624
1070,0,1342,540,1464,712
1070,1,359,404,473,579
1070,2,1153,486,1261,624
1071,0,1342,544,1464,712
1071,1,358,405,473,580
1071,2,1153,486,1261,624
1072,0,1342,543,1464,712
1072,1,357,406,472,583
1072,2,1154,486,1261,624
1073,0,1344,545,1466,714
1073,1,357,409,472,585
1073,2,1153,486,1261,624
1074,0,1345,545,1470,716
1074,1,357,409,473,585
1074,2,1153,485,1261,624
1075,0,1346,545,1471,716
1075,1,359,410,473,580
1075,2,1153,486,1260,624
1076,0,1347,545,1472,716
1076,1,359,408,473,578
1076,2,1153,486,1260,624
1077,0,1348,547,1472,716
1077,1,360,408,473,578
1077,2,1153,486,1260,624
1078,0,1349,547,1472,715
1078,1,360,410,473,580
1078,2,1153,485,1260,624
1079,0,1350,547,1473,715
1079,1,359,411,473,583
1079,2,1154,485,1260,624
1080,0,1350,547,1472,715
1080,1,359,412,473,584
1080,2,1153,485,1261,624
1081,0,1351,546,1472,715
1081,1,358,411,473,586
1081,2,1153,485,1261,624
1082,0,1350,545,1472,714
1082,1,359,412,473,584
1082,2,1153,485,1261,624
1083,0,1349,545,1471,714
1083,1,359,411,473,584
1083,2,1154,485,1261,624
1084,0,1348,541,1469,712
1084,1,358,410,473,584
1084,2,1154,485,1261,624
1085,0,1347,537,1467,710
1085,1,358,410,473,583
1085,2,1154,485,1261,623
1086,0,1346,541,1463,707
1086,1,358,410,473,583
1086,2,1154,485,1261,623
1087,0,1345,539,1460,707
1087,1,359,410,474,583
1087,2,1154,486,1261,623
1088,0,1344,539,1460,707
1088,1,360,411,474,583
1088,2,1154,485,1261,623
1089,0,1344,541,1460,708
1089,1,360,413,474,584
1089,2,1154,485,1261,623
1090,0,1343,540,1461,709
1090,1,360,413,474,584
1090,2,1154,485,1261,623
1091,0,1343,541,1461,709
1091,1,360,412,474,584
1091,2,1154,485,1261,623
1092,0,1344,542,1462,710
1092,1,360,412,474,585
1092,2,1154,485,1261,623
1093,0,1345,541,1464,710
1093,1,361,412,475,585
1093,2,1154,484,1261,623
1094,0,1347,542,1465,711
1094,1,361,412,475,586
1094,2,1154,484,1262,623
1095,0,1348,547,1468,714
1095,1,362,413,475,586
1095,2,1154,485,1261,623
1096,0,1348,552,1471,716
1096,1,361,413,475,588
1096,2,1154,484,1261,623
1097,0,1349,554,1471,716
1097,1,362,413,475,587
1097,2,1154,485,1261,623
1098,0,1349,555,1471,716
1098,1,362,413,475,587
1098,2,1154,485,1261,623
1099,0,1348,556,1471,716
1099,1,361,413,475,586
1099,2,1154,485,1261,623
1100,0,1348,558,1471,717
1100,1,362,413,474,585
1100,2,1154,485,1261,623
1101,0,1347,556,1472,717
1101,1,362,413,474,584
1101,2,1154,485,1260,623
1102,0,1347,555,1470,716
1102,1,361,413,474,584
1102,2,1154,485,1260,623
1103,0,1346,554,1470,715
1103,1,361,412,474,584
1103,2,1154,485,1260,623
1104,0,1346,555,1470,715
1104,1,362,411,474,583
1104,2,1154,485,1260,624
1105,0,1346,554,1470,715
1105,1,360,408,473,584
1105,2,1154,485,1261,623
1106,0,1346,554,1470,714
1106,1,358,406,473,581
1106,2,1155,485,1260,622
1107,0,1346,554,1470,714
1107,1,360,406,472,579
1107,2,1156,485,1260,621
1108,0,1346,554,1469,714
1108,1,360,408,472,582
1108,2,1156,485,1260,620
1109,0,1346,553,1469,715
1109,1,360,408,472,584
1109,2,1156,483,1261,620
1110,0,1346,554,1468,715
1110,1,360,408,472,583
1110,2,1156,483,1261,620
1111,0,1345,553,1467,715
1111,1,361,408,472,581
1111,2,1156,483,1260,620
1112,0,1344,554,1467,716
1112,1,360,407,472,580
1112,2,1156,483,1260,620
1113,0,1343,555,1466,716
1113,1,359,406,471,580
1113,2,1156,483,1260,620
1114,0,1342,554,1466,716
1114,1,360,406,471,579
1114,2,1156,483,1261,620
1115,0,1341,554,1465,718
1115,1,361,409,472,579
1115,2,1156,483,1261,619
1116,0,1340,554,1464,718
1116,1,360,409,472,582
1116,2,1156,482,1261,619
1117,0,1340,553,1463,719
1117,1,360,409,473,584
1117,2,1155,482,1260,619
1118,0,1338,555,1461,718
1118,1,360,409,473,584
1118,2,1155,482,1261,619
1119,0,1338,553,1461,718
1119,1,361,409,473,584
1119,2,1155,482,1261,619
1120,0,1338,553,1460,718
1120,1,361,408,473,582
1120,2,1155,482,1261,619
1121,0,1338,552,1459,718
1121,1,361,408,473,582
1121,2,1155,482,1260,619
1122,0,1338,552,1458,717
1122,1,361,409,473,581
1122,2,1155,482,1260,619
1123,0,1336,551,1457,718
1123,1,361,412,473,585
1123,2,1155,481,1260,619
1124,0,1334,550,1456,717
1124,1,361,411,473,585
1124,2,1155,483,1260,619
1125,0,1333,550,1454,716
1125,1,359,412,473,585
1125,2,1155,482,1260,619
1126,0,1332,555,1454,718
1126,1,359,409,473,582
1126,2,1155,483,1261,619
1127,0,1332,557,1454,719
1127,1,360,408,472,579
1127,2,1155,483,1260,619
1128,0,1333,562,1456,724
1128,1,358,406,471,580
1128,2,1155,483,1261,620
1129,0,1336,565,1457,728
1129,1,358,406,471,581
1129,2,1155,483,1261,620
1130,0,1337,568,1458,729
1130,1,358,407,471,580
1130,2,1156,483,1260,620
1131,0,1338,567,1460,729
1131,1,359,410,471,581
1131,2,1155,483,1261,619
1132,0,1338,568,1461,730
1132,1,360,411,472,582
1132,2,1156,483,1260,619
1133,0,1337,569,1461,729
1133,1,360,413,473,585
1133,2,1156,483,1260,619
1134,0,1339,570,1461,730
1134,1,360,413,473,585
1134,2,1156,483,1260,618
1135,0,1339,572,1461,730
1135,1,361,411,472,584
1135,2,1156,482,1261,618
1136,0,1337,573,1462,731
1136,1,360,410,472,585
1136,2,1156,482,1261,618
1137,0,1337,573,1462,731
1137,1,360,410,473,584
1137,2,1156,483,1261,618
1138,0,1337,573,1462,732
1138,1,363,413,473,583
1138,2,1156,483,1260,618
1139,0,1338,572,1462,732
1139,1,364,413,474,584
1139,2,1156,482,1261,618
1140,0,1338,572,1462,731
1140,1,365,415,474,585
1140,2,1156,482,1262,618
1141,0,1338,571,1462,730
1141,1,365,416,474,585
1141,2,1156,481,1262,617
1142,0,1340,569,1462,730
1142,1,365,415,474,585
1142,2,1157,481,1262,617
1143,0,1338,570,1462,730
1143,1,365,413,474,585
1143,2,1156,480,1262,617
1144,0,1338,568,1462,730
1144,1,362,411,474,583
1144,2,1156,480,1262,617
1145,0,1338,566,1461,730
1145,1,360,409,472,582
1145,2,1156,480,1262,617
1146,0,1336,560,1459,726
1146,1,355,406,470,583
1146,2,1156,480,1262,617
1147,0,1335,556,1459,725
1147,1,355,406,469,582
1147,2,1156,480,1263,616
1148,0,1334,554,1455,721
1148,1,352,405,468,582
1148,2,1155,479,1262,615
1149,0,1333,551,1455,718
1149,1,352,405,467,581
1149,2,1155,478,1263,615
1150,0,1332,547,1453,716
1150,1,351,406,466,582
1150,2,1155,478,1263,614
1151,0,1332,546,1452,715
1151,1,352,405,465,579
1151,2,1155,477,1263,614
1152,0,1331,545,1450,714
1152,1,352,404,465,578
1152,2,1155,477,1263,614
1153,0,1329,543,1448,712
1153,1,351,404,464,579
1153,2,1155,477,1263,614
1154,0,1329,542,1447,712
1154,1,349,403,463,580
1154,2,1155,477,1263,614
1155,0,1328,541,1447,710
1155,1,348,402,464,581
1155,2,1155,477,1263,614
1156,0,1328,540,1447,710
1156,1,350,404,465,584
1156,2,1155,477,1263,614
1157,0,1328,540,1448,710
1157,1,351,406,467,585
1157,2,1155,477,1263,614
1158,0,1329,540,1449,711
1158,1,357,411,471,587
1158,2,1155,478,1263,614
1159,0,1329,539,1449,711
1159,1,355,418,472,597
1159,2,1156,478,1263,614
1160,0,1329,538,1449,711
1160,1,365,423,478,599
1160,2,1156,478,1263,614
1161,1,365,428,486,611
1161,0,1331,538,1450,710
1161,2,1156,477,1263,614
1162,1,372,436,492,617
1162,0,1332,537,1450,709
1162,2,1156,478,1263,614
1163,1,382,443,504,626
1163,0,1332,537,1451,708
1163,2,1156,478,1263,614
1164,1,387,443,510,631
1164,0,1333,537,1452,708
1164,2,1156,478,1263,614
1165,1,390,447,514,637
1165,0,1333,537,1452,708
1165,2,1156,478,1263,614
1166,1,394,459,520,644
1166,0,1333,539,1452,708
1166,2,1156,478,1263,614
1167,1,396,463,522,644
1167,0,1332,539,1452,708
1167,2,1156,477,1263,614
1168,1,403,469,527,648
1168,0,1333,539,1451,709
1168,2,1157,477,1264,614
1169,1,404,471,529,652
1169,0,1333,538,1452,710
1169,2,1157,478,1264,614
1170,1,409,475,534,657
1170,0,1333,539,1451,709
1170,2,1158,478,1264,614
1171,1,416,486,542,658
1171,0,1333,539,1452,709
1171,2,1158,478,1264,614
1172,1,423,493,548,659
1172,0,1334,540,1452,709
1172,2,1158,478,1264,614
1173,1,431,496,552,657
1173,0,1335,541,1453,709
1173,2,1158,478,1264,614
1174,1,432,497,552,657
1174,0,1334,542,1453,710
1174,2,1158,477,1265,614
1175,1,430,491,551,652
1175,0,1334,542,1452,710
1175,2,1158,477,1266,615
1176,1,422,481,544,643
1176,0,1334,543,1452,710
1176,2,1158,476,1265,614
1177,1,418,474,538,639
1177,0,1334,544,1451,711
1177,2,1159,476,1265,613
1178,1,402,465,526,631
1178,0,1334,543,1452,710
1178,2,1159,475,1264,612
1179,1,398,465,517,626
1179,0,1334,544,1451,711
1179,2,1159,474,1265,611
1180,1,385,459,511,626
1180,0,1333,544,1451,711
1180,2,1159,474,1265,611
1181,1,367,449,487,620
1181,0,1333,544,1451,712
1181,2,1159,474,1264,611
1182,0,1333,545,1451,712
1182,1,349,445,467,606
1182,2,1158,475,1264,611
1183,1,318,434,441,598
1183,0,1332,548,1452,712
1183,2,1156,476,1264,613
1184,1,294,426,420,592
1184,0,1332,548,1452,712
1184,2,1155,477,1263,613
1185,1,277,417,401,587
1185,0,1332,548,1452,712
1185,2,1155,477,1263,613
1186,0,1332,549,1452,713
1186,1,258,400,377,573
1186,2,1155,477,1263,614
1187,0,1332,549,1451,713
1187,1,248,390,362,566
1187,2,1155,477,1264,614
1188,0,1331,548,1450,713
1188,1,235,377,348,546
1188,2,1155,476,1264,613
1189,0,1330,547,1449,712
1189,1,225,370,339,546
1189,2,1156,476,1264,613
1190,0,1330,548,1449,712
1190,1,220,363,329,541
1190,2,1156,477,1264,613
1191,1,196,354,314,536
1191,0,1331,545,1448,711
1191,2,1156,478,1264,613
1192,0,1330,544,1449,710
1192,1,192,353,309,534
1192,2,1157,478,1264,613
1193,0,1331,543,1448,707
1193,1,180,349,295,528
1193,2,1158,478,1264,613
1194,1,166,348,288,528
1194,0,1330,542,1445,707
1194,2,1158,478,1265,613
1195,1,156,346,279,530
1195,0,1328,542,1438,701
1195,2,1157,478,1264,613
1196,1,145,343,265,526
1196,0,1328,534,1439,703
1196,2,1156,478,1265,613
1197,1,134,339,255,521
1197,2,1154,478,1263,612
1197,0,1325,530,1424,696
1198,1,104,336,237,514
1198,2,1154,478,1262,613
1198,0,1325,531,1423,694
1199,1,90,338,220,505
1199,2,1153,478,1261,613
1199,0,1328,529,1428,703
1200,1,74,337,207,501
1200,2,1153,478,1262,615
1200,0,1325,532,1420,700
1201,1,36,339,186,498
1201,2,1153,478,1262,618
1201,0,1328,530,1427,705
1202,1,22,341,178,498
1202,2,1153,478,1261,619
1202,0,1326,533,1419,702
1203,1,0,344,161,492
1203,2,1153,479,1261,620
1203,0,1324,535,1415,702
1204,1,0,344,152,487
1204,2,1153,479,1262,620
1204,0,1323,537,1413,700
1205,1,0,345,150,483
1205,2,1153,479,1262,620
1205,0,1322,538,1412,699
1206,1,0,346,141,480
1206,2,1153,479,1262,620
1206,0,1321,539,1410,700
1207,1,0,345,138,475
1207,2,1153,479,1262,620
1207,0,1321,539,1410,699
1208,1,0,343,137,475
1208,2,1152,479,1262,620
1208,0,1321,540,1410,699
1209,1,0,340,137,469
1209,2,1152,479,1262,619
1209,0,1321,539,1410,699
1210,1,0,341,138,470
1210,2,1153,479,1261,619
1210,0,1320,539,1410,698
1211,1,0,343,143,475
1211,2,1153,479,1261,619
1211,0,1320,539,1409,699
1212,1,0,342,148,478
1212,2,1153,479,1261,619
1212,0,1320,540,1408,697
1213,1,0,343,152,479
1213,2,1153,479,1262,619
1213,0,1320,539,1408,698
1214,1,0,340,154,476
1214,2,1153,479,1262,619
1214,0,1320,539,1407,699
1215,1,0,339,157,477
1215,2,1153,479,1263,620
1215,0,1320,541,1407,699
1216,1,0,336,159,469
1216,2,1153,479,1262,620
1216,0,1320,540,1408,699
1217,1,0,336,160,469
1217,2,1154,479,1262,621
1217,0,1319,541,1407,697
1218,1,0,338,171,470
1218,2,1154,479,1263,621
1218,0,1319,542,1406,697
1219,1,7,339,174,471
1219,2,1154,479,1265,621
1219,0,1318,542,1406,697
1220,1,18,337,180,472
1220,2,1154,479,1265,620
1220,0,1318,542,1406,698
1221,1,33,338,191,484
1221,2,1155,478,1265,620
1221,0,1318,543,1406,697
1222,1,45,340,198,488
1222,2,1156,478,1265,621
1222,0,1318,542,1407,698
1223,1,60,345,208,491
1223,2,1157,479,1265,622
1223,0,1318,541,1407,699
1224,1,66,347,212,504
1224,2,1157,479,1264,622
1224,0,1318,539,1407,699
1225,1,74,345,215,508
1225,2,1158,479,1264,622
1225,0,1318,540,1408,698
1226,1,81,350,218,519
1226,2,1158,479,1265,624
1226,0,1318,541,1408,699
1227,1,84,352,221,520
1227,2,1158,479,1265,625
1227,0,1318,541,1408,700
1228,1,89,355,226,527
1228,2,1157,479,1265,624
1228,0,1320,539,1409,699
1229,1,90,355,223,526
1229,2,1157,479,1265,624
1229,0,1320,540,1408,698
1230,1,90,355,219,524
1230,2,1158,479,1266,624
1230,0,1320,538,1409,698
1231,1,83,354,211,519
1231,2,1158,478,1267,624
1231,0,1319,536,1410,698
1232,1,74,351,208,519
1232,2,1159,478,1267,624
1232,0,1319,535,1411,699
1233,1,61,353,203,522
1233,2,1160,479,1266,625
1233,0,1318,527,1412,693
1234,1,53,357,199,524
1234,2,1161,479,1267,625
1234,0,1316,527,1416,690
1235,1,48,358,195,526
1235,0,1317,528,1424,701
1235,2,1162,479,1267,625
1236,1,41,356,191,529
1236,0,1319,537,1440,707
1236,2,1162,480,1267,625
1237,1,38,356,189,533
1237,0,1325,536,1451,711
1237,2,1162,480,1267,626
1238,1,36,360,184,534
1238,0,1333,536,1468,716
1238,2,1162,479,1267,626
1239,1,35,363,183,542
1239,0,1336,538,1476,719
1239,2,1162,478,1268,626
1240,1,36,368,183,543
1240,0,1340,540,1484,723
1240,2,1162,478,1267,626
1241,1,35,371,182,542
1241,0,1344,539,1489,727
1241,2,1162,478,1268,627
1242,0,1345,540,1493,726
1242,1,35,372,182,545
1242,2,1161,478,1267,627
1243,0,1348,542,1496,726
1243,1,35,373,180,545
1243,2,1161,478,1267,626
1244,0,1349,542,1497,727
1244,1,34,372,179,546
1244,2,1161,478,1267,625
1245,0,1350,542,1498,726
1245,1,35,368,178,544
1245,2,1161,478,1266,623
1246,0,1352,541,1499,726
1246,1,38,366,179,543
1246,2,1161,478,1266,620
1247,0,1353,542,1499,726
1247,1,39,363,182,540
1247,2,1160,479,1266,618
1248,0,1355,541,1502,725
1248,1,41,359,184,537
1248,2,1160,479,1266,617
1249,0,1357,540,1505,724
1249,1,42,357,184,534
1249,2,1160,478,1266,617
1250,0,1359,538,1509,724
1250,1,44,354,185,533
1250,2,1160,478,1266,616
1251,0,1367,533,1514,721
1251,1,45,351,187,533
1251,2,1160,478,1265,617
1252,0,1371,532,1518,721
1252,1,46,349,188,530
1252,2,1160,478,1265,617
1253,0,1377,531,1523,717
1253,1,49,349,189,528
1253,2,1159,478,1265,617
1254,0,1379,529,1524,715
1254,1,51,349,190,529
1254,2,1159,478,1264,617
1255,0,1380,528,1526,714
1255,1,52,351,191,527
1255,2,1159,477,1264,618
1256,0,1383,525,1528,711
1256,1,53,351,192,526
1256,2,1158,477,1264,618
1257,0,1385,525,1529,709
1257,1,54,350,195,525
1257,2,1158,477,1264,618
1258,0,1389,524,1532,708
1258,1,56,348,197,523
1258,2,1157,476,1264,618
1259,0,1389,523,1535,709
1259,1,58,349,198,521
1259,2,1157,477,1264,617
1260,0,1391,522,1536,710
1260,1,60,348,199,522
1260,2,1157,477,1264,617
1261,0,1392,524,1537,711
1261,1,62,348,201,524
1261,2,1156,478,1264,617
1262,0,1392,525,1537,714
1262,1,63,348,203,523
1262,2,1156,478,1263,617
1263,0,1389,528,1537,716
1263,1,63,349,205,523
1263,2,1156,478,1263,617
1264,0,1387,528,1535,717
1264,1,63,344,208,524
1264,2,1156,478,1263,617
1265,0,1385,532,1532,719
1265,1,67,349,210,528
1265,2,1156,478,1263,617
1266,0,1380,534,1528,721
1266,1,72,354,215,532
1266,2,1156,479,1262,618
1267,0,1376,535,1524,723
1267,1,77,359,218,536
1267,2,1157,480,1262,618
1268,0,1370,535,1520,724
1268,1,82,371,224,541
1268,2,1157,480,1262,619
1269,0,1367,536,1516,725
1269,1,86,374,227,547
1269,2,1157,479,1263,620
1270,0,1363,537,1514,724
1270,1,89,375,231,550
1270,2,1157,479,1262,620
1271,0,1360,539,1509,724
1271,1,91,380,238,556
1271,2,1158,480,1263,620
1272,0,1358,541,1506,724
1272,1,93,383,240,559
1272,2,1158,480,1263,622
1273,0,1357,540,1504,725
1273,1,96,390,243,560
1273,2,1158,479,1263,623
1274,1,96,390,245,560
1274,0,1356,540,1505,724
1274,2,1158,479,1263,622
1275,1,96,392,247,560
1275,0,1356,540,1505,724
1275,2,1158,479,1262,620
1276,1,96,391,248,560
1276,0,1356,540,1504,724
1276,2,1157,479,1262,619
1277,1,96,390,247,561
1277,0,1356,540,1504,724
1277,2,1157,478,1262,619
1278,1,94,386,242,560
1278,0,1357,540,1505,725
1278,2,1156,479,1262,619
1279,1,91,382,239,559
1279,0,1358,541,1506,724
1279,2,1156,479,1262,619
1280,0,1358,541,1507,725
1280,1,89,379,236,558
1280,2,1156,479,1261,619
1281,0,1358,542,1508,725
1281,1,84,375,231,554
1281,2,1155,480,1261,620
1282,0,1359,541,1508,725
1282,1,83,372,229,553
1282,2,1154,480,1261,621
1283,0,1359,541,1508,725
1283,1,83,369,227,548
1283,2,1154,480,1260,621
1284,0,1360,541,1509,725
1284,1,79,366,223,544
1284,2,1154,480,1260,621
1285,0,1360,540,1509,725
1285,1,76,363,221,541
1285,2,1153,480,1259,620
1286,0,1362,539,1508,724
1286,1,71,359,216,536
1286,2,1152,481,1259,621
1287,1,69,357,215,535
1287,0,1362,538,1508,723
1287,2,1152,480,1259,621
1288,1,68,355,214,533
1288,0,1362,538,1508,722
1288,2,1152,481,1259,621
1289,1,68,354,214,533
1289,0,1363,537,1509,722
1289,2,1151,480,1259,621
1290,0,1363,536,1509,722
1290,1,70,353,215,533
1290,2,1152,480,1259,622
1291,1,70,354,216,535
1291,0,1365,535,1511,722
1291,2,1152,480,1259,622
1292,0,1366,536,1511,722
1292,1,70,356,214,532
1292,2,1152,480,1259,622
1293,0,1368,536,1512,721
1293,1,67,354,212,533
1293,2,1154,480,1260,621
1294,0,1369,536,1514,721
1294,1,65,355,209,532
1294,2,1155,480,1260,620
1295,0,1369,535,1516,721
1295,1,60,354,207,533
1295,2,1156,478,1261,618
1296,0,1370,534,1518,721
1296,1,59,354,203,532
1296,2,1157,476,1262,615
1297,0,1370,533,1518,721
1297,1,56,355,200,533
1297,2,1158,473,1263,612
1298,0,1370,533,1519,721
1298,1,50,355,195,529
1298,2,1158,471,1262,609
1299,0,1370,533,1519,721
1299,1,47,356,194,528
1299,2,1159,469,1263,608
1300,1,42,357,192,531
1300,0,1370,534,1519,721
1300,2,1160,468,1264,606
1301,1,39,360,191,536
1301,0,1370,534,1519,722
1301,2,1161,466,1265,606
1302,1,39,363,189,537
1302,0,1370,536,1518,722
1302,2,1162,465,1266,606
1303,1,40,363,191,538
1303,0,1370,536,1517,722
1303,2,1163,464,1268,604
1304,1,43,362,194,537
1304,0,1370,536,1517,722
1304,2,1164,463,1270,603
1305,1,46,363,196,537
1305,0,1370,536,1517,722
1305,2,1165,463,1270,603
1306,0,1370,536,1517,723
1306,1,52,363,198,536
1306,2,1166,463,1271,602
1307,0,1370,537,1517,722
1307,1,52,362,198,536
1307,2,1166,464,1272,602
1308,0,1370,536,1517,723
1308,1,52,362,198,537
1308,2,1166,465,1272,603
1309,1,50,364,197,538
1309,0,1370,536,1517,722
1309,2,1166,467,1272,604
1310,1,49,363,197,539
1310,0,1370,536,1517,722
1310,2,1165,468,1271,606
1311,0,1369,536,1517,722
1311,1,52,363,198,539
1311,2,1163,469,1269,610
1312,0,1369,537,1516,722
1312,1,54,363,200,538
1312,2,1162,471,1269,611
1313,0,1370,538,1516,722
1313,1,59,362,204,537
1313,2,1160,474,1266,614
1314,1,61,361,207,537
1314,0,1370,537,1516,721
1314,2,1159,474,1265,615
1315,1,61,361,208,537
1315,0,1370,537,1515,721
1315,2,1159,476,1264,617
1316,0,1370,537,1515,721
1316,1,59,361,204,536
1316,2,1157,478,1262,618
1317,0,1369,537,1515,721
1317,1,58,362,202,536
1317,2,1155,479,1260,618
1318,0,1369,536,1515,721
1318,1,56,359,201,538
1318,2,1153,478,1259,619
1319,0,1368,537,1514,722
1319,1,55,359,200,537
1319,2,1152,478,1258,619
1320,0,1368,538,1513,722
1320,1,55,359,200,538
1320,2,1152,479,1257,619
1321,0,1367,538,1512,722
1321,1,55,361,200,538
1321,2,1152,478,1257,619
1322,0,1366,539,1511,723
1322,1,54,361,199,539
1322,2,1152,479,1257,619
1323,1,52,362,197,539
1323,0,1366,539,1510,722
1323,2,1154,479,1258,618
1324,1,50,363,196,537
1324,0,1365,539,1510,722
1324,2,1155,479,1259,618
1325,1,46,364,193,537
1325,0,1365,540,1510,722
1325,2,1156,479,1260,618
1326,1,44,363,192,536
1326,0,1365,540,1510,722
1326,2,1157,479,1261,618
1327,1,43,364,191,535
1327,0,1365,540,1509,722
1327,2,1158,479,1262,618
1328,1,42,363,191,534
1328,0,1365,541,1510,722
1328,2,1159,478,1264,620
1329,1,42,363,190,531
1329,0,1365,540,1510,722
1329,2,1159,477,1265,621
1330,1,42,363,190,531
1330,0,1364,539,1510,722
1330,2,1160,477,1265,622
1331,1,42,362,190,530
1331,0,1365,539,1510,722
1331,2,1160,477,1265,622
1332,0,1365,539,1509,722
1332,1,45,361,190,529
1332,2,1160,476,1265,621
1333,1,48,361,193,529
1333,0,1365,540,1509,722
1333,2,1160,477,1265,618
1334,0,1365,540,1509,722
1334,1,51,361,194,530
1334,2,1160,477,1265,618
1335,0,1365,539,1509,722
1335,1,53,361,195,532
1335,2,1160,476,1265,618
1336,0,1365,538,1509,722
1336,1,54,361,196,533
1336,2,1160,477,1265,619
1337,0,1365,539,1509,722
1337,1,55,362,197,535
1337,2,1160,478,1264,620
1338,0,1366,538,1508,722
1338,1,56,362,198,536
1338,2,1160,478,1264,622
1339,0,1366,538,1508,722
1339,1,57,361,198,537
1339,2,1159,478,1264,622
1340,0,1366,539,1509,722
1340,1,58,361,199,534
1340,2,1159,479,1264,622
1341,0,1366,539,1509,722
1341,1,58,361,199,533
1341,2,1158,479,1263,621
1342,0,1366,539,1508,723
1342,1,57,360,199,533
1342,2,1158,479,1263,620
1343,0,1366,540,1508,723
1343,1,56,359,197,531
1343,2,1158,479,1262,619
1344,0,1366,540,1509,723
1344,1,54,359,195,530
1344,2,1157,480,1262,619
1345,0,1365,540,1509,723
1345,1,48,359,191,529
1345,2,1157,480,1262,620
1346,1,37,359,181,530
1346,0,1365,540,1509,723
1346,2,1157,480,1261,620
1347,1,32,359,175,534
1347,0,1365,540,1509,723
1347,2,1158,480,1261,620
1348,0,1365,541,1509,723
1348,1,24,361,168,531
1348,2,1158,480,1261,620
1349,0,1365,541,1509,723
1349,1,20,362,165,532
1349,2,1158,480,1261,620
1350,0,1365,541,1509,723
1350,1,18,361,160,530
1350,2,1158,479,1262,620
1351,0,1365,542,1509,723
1351,1,13,360,156,531
1351,2,1158,479,1262,620
1352,0,1365,543,1509,723
1352,1,11,360,153,530
1352,2,1158,479,1262,620
1353,1,10,360,153,530
1353,0,1365,542,1508,723
1353,2,1158,479,1262,620
1354,0,1365,543,1508,723
1354,1,10,359,153,530
1354,2,1158,479,1262,620
1355,0,1365,542,1508,723
1355,1,11,359,154,530
1355,2,1158,479,1262,620
1356,0,1365,544,1508,723
1356,1,15,357,156,530
1356,2,1158,479,1262,620
1357,0,1365,544,1508,723
1357,1,17,358,159,531
1357,2,1158,479,1262,620
1358,1,19,360,162,530
1358,0,1365,545,1508,723
1358,2,1158,479,1263,621
1359,1,21,358,165,530
1359,0,1365,545,1508,723
1359,2,1158,479,1263,622
1360,1,23,358,167,530
1360,0,1365,545,1508,724
1360,2,1158,479,1263,622
1361,1,27,358,170,531
1361,0,1365,544,1508,724
1361,2,1159,479,1263,623
1362,1,28,359,172,534
1362,0,1365,544,1508,723
1362,2,1160,479,1263,623
1363,1,31,360,174,534
1363,0,1365,544,1508,723
1363,2,1160,479,1264,622
1364,1,32,361,174,532
1364,0,1365,544,1507,723
1364,2,1159,478,1264,621
1365,1,32,360,175,531
1365,0,1365,544,1507,723
1365,2,1159,478,1264,620
1366,1,32,359,175,532
1366,0,1364,543,1507,723
1366,2,1159,479,1264,620
1367,1,32,358,175,531
1367,0,1364,542,1507,723
1367,2,1159,479,1264,621
1368,1,32,359,175,531
1368,0,1364,542,1507,723
1368,2,1159,478,1264,621
1369,0,1364,542,1507,723
1369,1,32,359,175,531
1369,2,1159,478,1264,621
1370,0,1364,542,1507,723
1370,1,32,360,174,531
1370,2,1159,478,1264,621
1371,0,1364,542,1507,722
1371,1,33,360,174,531
1371,2,1160,478,1264,621
1372,0,1364,542,1508,723
1372,1,32,360,174,531
1372,2,1160,478,1264,621
1373,0,1364,542,1508,723
1373,1,32,361,174,531
1373,2,1160,479,1264,621
1374,0,1364,542,1508,722
1374,1,33,361,174,531
1374,2,1160,478,1264,622
1375,0,1364,543,1507,722
1375,1,32,361,175,531
1375,2,1160,478,1264,622
1376,0,1364,543,1507,723
1376,1,32,361,174,531
1376,2,1160,478,1264,622
1377,0,1364,543,1507,722
1377,1,31,362,173,532
1377,2,1160,478,1264,622
1378,0,1364,542,1507,722
1378,1,30,362,172,532
1378,2,1160,478,1264,622
1379,0,1364,542,1507,722
1379,1,29,363,172,532
1379,2,1160,478,1264,622
1380,0,1364,542,1507,722
1380,1,30,364,171,531
1380,2,1159,478,1264,621
1381,1,29,364,172,531
1381,0,1364,543,1506,722
1381,2,1159,478,1264,621
1382,0,1364,543,1506,723
1382,1,29,365,171,532
1382,2,1159,478,1264,621
1383,1,28,364,171,532
1383,0,1363,545,1506,722
1383,2,1160,478,1264,621
1384,0,1364,545,1506,723
1384,1,28,366,170,532
1384,2,1159,478,1264,621
1385,0,1363,546,1506,722
1385,1,27,367,169,532
1385,2,1159,478,1264,621
1386,0,1363,547,1506,722
1386,1,27,367,168,531
1386,2,1160,479,1264,621
1387,1,25,367,168,531
1387,0,1363,547,1506,722
1387,2,1160,479,1265,622
1388,1,24,368,167,531
1388,0,1363,548,1505,722
1388,2,1160,479,1265,621
1389,1,24,368,167,530
1389,0,1363,547,1505,722
1389,2,1159,478,1265,621
1390,1,23,368,167,530
1390,0,1363,547,1505,722
1390,2,1159,478,1265,621
1391,1,22,368,167,532
1391,0,1363,547,1506,723
1391,2,1159,478,1265,620
1392,1,22,368,167,532
1392,0,1363,547,1507,723
1392,2,1159,478,1265,620
1393,1,21,368,166,533
1393,0,1363,547,1507,723
1393,2,1159,478,1265,620
1394,1,21,369,166,533
1394,0,1363,548,1507,723
1394,2,1159,478,1265,620
1395,1,21,368,166,533
1395,0,1363,547,1507,723
1395,2,1159,478,1265,621
1396,1,22,370,167,534
1396,0,1363,547,1506,723
1396,2,1160,478,1266,621
1397,1,23,370,168,535
1397,0,1363,547,1505,723
1397,2,1160,478,1266,622
1398,1,24,370,168,535
1398,0,1362,546,1505,723
1398,2,1160,478,1265,622
1399,1,24,370,168,534
1399,0,1362,546,1504,723
1399,2,1160,478,1266,622
1400,1,25,375,167,535
1400,0,1362,546,1504,723
1400,2,1160,478,1266,621
1401,1,25,375,167,535
1401,0,1362,546,1504,722
1401,2,1160,478,1266,621
1402,1,24,375,167,536
1402,0,1362,545,1503,722
1402,2,1159,478,1266,621
1403,1,23,376,166,535
1403,0,1361,545,1503,722
1403,2,1159,478,1266,621
1404,1,22,375,164,533
1404,0,1361,544,1503,722
1404,2,1160,478,1266,621
1405,1,20,375,162,533
1405,0,1361,545,1502,722
1405,2,1160,478,1266,621
1406,0,1361,544,1502,722
1406,1,19,376,159,534
1406,2,1160,478,1266,621
1407,0,1361,543,1501,722
1407,1,18,375,157,533
1407,2,1160,478,1266,621
1408,1,16,375,156,533
1408,0,1361,545,1501,722
1408,2,1160,478,1266,621
1409,0,1360,545,1500,723
1409,1,15,375,155,534
1409,2,1159,478,1265,621
1410,0,1360,545,1500,723
1410,1,14,375,154,534
1410,2,1159,478,1265,621
1411,0,1359,546,1500,724
1411,1,14,375,155,534
1411,2,1159,478,1265,621
1412,0,1359,546,1499,724
1412,1,14,375,154,534
1412,2,1159,478,1265,621
1413,0,1358,546,1499,724
1413,1,14,374,155,534
1413,2,1159,478,1264,621
1414,0,1358,546,1499,725
1414,1,14,375,154,535
1414,2,1160,478,1264,621
1415,1,15,375,155,536
1415,0,1358,547,1498,725
1415,2,1160,478,1264,621
1416,0,1358,548,1498,725
1416,1,15,375,156,536
1416,2,1160,478,1265,621
1417,1,15,375,156,536
1417,0,1358,548,1498,725
1417,2,1160,478,1265,621
1418,1,17,375,158,536
1418,0,1358,548,1498,725
1418,2,1159,478,1265,621
1419,1,18,375,158,536
1419,0,1358,548,1498,725
1419,2,1159,478,1265,620
1420,1,19,376,159,537
1420,0,1358,548,1498,725
1420,2,1159,478,1265,620
1421,1,20,375,161,538
1421,0,1358,548,1498,725
1421,2,1160,478,1265,620
1422,1,20,376,161,537
1422,0,1358,549,1498,725
1422,2,1159,478,1264,619
1423,1,20,376,161,537
1423,0,1359,548,1499,724
1423,2,1160,478,1265,619
1424,1,20,377,161,538
1424,0,1359,548,1500,724
1424,2,1160,478,1265,620
1425,1,20,376,161,538
1425,0,1359,548,1500,724
1425,2,1160,478,1265,620
1426,1,20,376,161,539
1426,0,1359,547,1500,724
1426,2,1160,478,1265,621
1427,0,1359,548,1500,724
1427,1,20,376,161,538
1427,2,1159,478,1265,621
1428,1,20,376,161,539
1428,0,1359,548,1500,724
1428,2,1159,478,1265,620
1429,1,20,376,162,539
1429,0,1359,547,1500,724
1429,2,1159,478,1264,620
1430,1,20,377,161,539
1430,0,1359,547,1500,724
1430,2,1159,478,1264,620
1431,1,21,377,162,539
1431,0,1359,548,1499,724
1431,2,1160,478,1264,620
1432,1,20,377,162,540
1432,0,1359,547,1499,724
1432,2,1160,478,1264,620
1433,1,21,378,161,541
1433,0,1359,548,1499,724
1433,2,1160,479,1264,620
1434,0,1359,548,1499,724
1434,1,20,379,160,542
1434,2,1160,479,1264,620
1435,0,1359,548,1498,724
1435,1,20,378,159,541
1435,2,1160,478,1264,619
1436,0,1359,547,1498,724
1436,1,18,378,157,542
1436,2,1160,478,1264,619
1437,0,1359,548,1498,724
1437,1,17,378,156,543
1437,2,1160,479,1264,620
1438,0,1359,549,1498,724
1438,1,16,379,155,542
1438,2,1160,479,1264,620
1439,0,1360,550,1499,724
1439,1,16,378,155,542
1439,2,1160,479,1264,620
1440,0,1360,549,1500,725
1440,1,16,378,156,542
1440,2,1160,479,1264,620
1441,0,1361,549,1502,725
1441,1,18,378,156,543
1441,2,1160,479,1264,621
1442,0,1361,549,1502,725
1442,1,19,378,158,544
1442,2,1160,479,1264,621
1443,0,1362,550,1503,724
1443,1,20,379,159,546
1443,2,1160,479,1264,620
1444,0,1362,550,1503,724
1444,1,21,379,160,546
1444,2,1160,479,1264,620
1445,0,1362,548,1503,724
1445,1,21,379,161,547
1445,2,1160,479,1264,619
1446,1,23,378,163,548
1446,0,1362,548,1503,724
1446,2,1160,479,1264,619
1447,0,1362,547,1503,724
1447,1,26,379,165,545
1447,2,1160,478,1264,620
1448,1,27,378,169,554
1448,0,1362,547,1503,724
1448,2,1160,478,1264,620
1449,1,29,379,173,547
1449,0,1362,547,1503,724
1449,2,1160,478,1265,620
1450,1,35,379,179,550
1450,0,1362,547,1503,724
1450,2,1160,478,1265,619
1451,1,44,377,190,550
1451,0,1362,547,1503,724
1451,2,1160,478,1265,619
1452,1,54,377,198,548
1452,0,1362,547,1503,723
1452,2,1160,478,1265,618
1453,1,66,377,212,547
1453,0,1362,547,1503,723
1453,2,1160,478,1265,618
1454,1,75,374,222,548
1454,0,1362,546,1503,723
1454,2,1160,478,1265,618
1455,1,85,373,231,549
1455,0,1362,546,1503,723
1455,2,1160,478,1265,619
1456,1,103,373,247,550
1456,0,1362,546,1503,723
1456,2,1160,477,1265,621
1457,1,112,372,259,550
1457,0,1362,546,1503,723
1457,2,1160,477,1265,621
1458,1,130,371,274,551
1458,0,1362,546,1503,723
1458,2,1160,477,1265,621
1459,1,140,372,286,552
1459,0,1362,546,1504,723
1459,2,1160,477,1265,621
1460,1,154,370,297,552
1460,0,1362,546,1504,723
1460,2,1160,477,1265,621
1461,1,169,372,315,555
1461,0,1362,545,1504,723
1461,2,1160,477,1265,619
1462,1,180,371,325,558
1462,0,1362,545,1504,722
1462,2,1160,476,1265,619
1463,1,198,373,343,562
1463,0,1362,545,1504,722
1463,2,1160,477,1265,619
1464,1,204,374,353,566
1464,0,1362,545,1504,722
1464,2,1161,477,1265,620
1465,1,215,378,363,566
1465,0,1362,546,1503,722
1465,2,1161,477,1265,619
1466,1,227,381,375,574
1466,0,1362,545,1503,722
1466,2,1161,477,1265,619
1467,1,236,386,383,578
1467,0,1362,545,1502,723
1467,2,1161,477,1266,620
1468,1,248,395,394,588
1468,0,1361,544,1501,723
1468,2,1160,477,1266,621
1469,1,250,399,399,589
1469,0,1361,544,1501,722
1469,2,1160,477,1266,620
1470,1,254,402,404,592
1470,0,1361,544,1501,722
1470,2,1160,477,1265,619
1471,1,266,408,413,600
1471,0,1361,544,1500,722
1471,2,1160,477,1265,618
1472,1,276,410,419,601
1472,0,1360,544,1500,722
1472,2,1160,477,1265,618
1473,1,285,414,431,604
1473,0,1360,544,1500,722
1473,2,1160,477,1265,618
1474,1,294,415,439,606
1474,0,1360,544,1500,722
1474,2,1160,477,1265,618
1475,1,300,416,446,609
1475,0,1360,544,1499,722
1475,2,1160,477,1265,618
1476,1,308,416,454,608
1476,0,1360,544,1499,722
1476,2,1160,477,1265,619
1477,1,311,414,457,607
1477,0,1360,544,1500,723
1477,2,1160,477,1265,620
1478,1,308,406,457,602
1478,0,1360,544,1500,723
1478,2,1160,477,1265,620
1479,1,306,405,455,599
1479,0,1360,544,1500,723
1479,2,1160,477,1265,619
1480,1,302,403,451,596
1480,0,1360,545,1500,723
1480,2,1160,477,1265,619
1481,1,299,404,448,597
1481,0,1360,545,1499,723
1481,2,1159,477,1265,619
1482,1,299,405,447,599
1482,0,1360,545,1499,723
1482,2,1160,477,1265,619
1483,1,300,411,448,604
1483,0,1361,546,1500,723
1483,2,1160,477,1265,618
1484,1,301,417,449,611
1484,0,1361,546,1500,723
1484,2,1160,477,1265,617
1485,1,301,421,452,614
1485,0,1361,546,1500,723
1485,2,1160,477,1265,617
1486,1,305,429,456,623
1486,0,1361,546,1501,722
1486,2,1160,477,1265,616
1487,1,309,430,460,622
1487,0,1361,546,1501,723
1487,2,1160,477,1265,616
1488,1,317,429,463,616
1488,0,1361,546,1501,723
1488,2,1160,477,1265,616
1489,1,316,427,464,615
1489,0,1361,546,1501,723
1489,2,1160,477,1265,616
1490,1,319,426,465,613
1490,0,1361,546,1501,723
1490,2,1160,477,1264,617
1491,1,320,424,465,612
1491,0,1361,545,1500,723
1491,2,1160,477,1264,616
1492,1,321,425,466,612
1492,0,1360,545,1499,722
1492,2,1160,477,1265,617
1493,1,322,427,468,615
1493,0,1360,546,1499,723
1493,2,1159,477,1265,617
1494,1,324,430,469,620
1494,0,1360,545,1498,722
1494,2,1159,477,1265,617
1495,1,328,435,470,621
1495,0,1360,545,1498,722
1495,2,1160,476,1265,619
1496,1,330,437,472,622
1496,0,1360,545,1498,722
1496,2,1159,476,1265,619
1497,1,332,438,473,621
1497,0,1360,544,1498,722
1497,2,1159,476,1265,619
1498,1,335,440,475,621
1498,0,1361,547,1499,721
1498,2,1159,476,1265,619
1499,0,1361,547,1499,722
1499,1,340,438,477,623
1499,2,1159,476,1265,619
1500,0,1361,546,1499,723
1500,1,345,436,480,620
1500,2,1159,476,1265,619
1501,0,1361,546,1499,723
1501,1,353,436,484,617
1501,2,1159,476,1265,619
1502,0,1361,545,1500,722
1502,1,357,436,491,619
1502,2,1159,476,1266,619
1503,0,1362,548,1501,722
1503,1,374,435,497,614
1503,2,1160,476,1266,618
1504,0,1362,547,1501,722
1504,1,380,434,499,612
1504,2,1159,476,1265,618
1505,0,1362,548,1501,722
1505,1,383,435,502,614
1505,2,1159,476,1265,618
1506,0,1362,547,1501,722
1506,1,390,433,505,612
1506,2,1159,476,1265,618
1507,0,1362,547,1501,723
1507,1,389,433,506,612
1507,2,1159,476,1265,618
1508,0,1361,546,1500,723
1508,1,389,432,508,609
1508,2,1159,476,1265,618
1509,0,1361,547,1500,723
1509,1,388,431,508,609
1509,2,1159,476,1265,618
1510,0,1360,546,1499,723
1510,1,389,431,508,608
1510,2,1159,476,1265,618
1511,0,1360,546,1499,723
1511,1,389,431,507,608
1511,2,1159,476,1265,618
1512,0,1360,546,1499,723
1512,1,389,431,506,608
1512,2,1159,476,1265,618
1513,0,1360,546,1499,723
1513,1,388,429,506,608
1513,2,1159,476,1265,618
1514,0,1360,546,1499,723
1514,1,387,428,506,609
1514,2,1159,476,1265,617
1515,0,1361,548,1500,722
1515,1,386,429,505,609
1515,2,1159,476,1265,617
1516,0,1361,548,1501,723
1516,1,385,428,503,610
1516,2,1159,476,1265,618
1517,0,1361,548,1501,723
1517,1,384,429,503,610
1517,2,1159,476,1265,619
1518,0,1362,549,1502,723
1518,1,383,429,503,611
1518,2,1160,477,1265,620
1519,0,1362,549,1502,723
1519,1,382,429,503,611
1519,2,1159,477,1265,620
1520,0,1362,549,1502,723
1520,1,382,429,503,612
1520,2,1159,476,1265,619
1521,0,1362,548,1502,723
1521,1,382,430,504,612
1521,2,1159,477,1265,619
1522,0,1362,547,1503,722
1522,1,382,429,503,611
1522,2,1159,476,1265,619
1523,0,1362,547,1503,722
1523,1,383,429,503,612
1523,2,1159,477,1265,619
1524,0,1362,547,1503,723
1524,1,382,429,503,612
1524,2,1159,477,1265,618
1525,0,1362,547,1503,723
1525,1,383,429,503,612
1525,2,1159,476,1265,618
1526,0,1362,547,1502,723
1526,1,383,429,503,612
1526,2,1159,477,1265,618
1527,0,1362,547,1502,723
1527,1,383,429,503,612
1527,2,1159,477,1265,618
1528,0,1361,547,1501,723
1528,1,383,429,503,612
1528,2,1159,476,1265,618
1529,0,1361,547,1501,723
1529,1,383,429,503,612
1529,2,1159,476,1265,618
1530,0,1361,547,1501,723
1530,1,382,430,503,612
1530,2,1159,477,1265,618
1531,0,1361,547,1501,723
1531,1,381,429,502,611
1531,2,1159,477,1265,618
1532,0,1361,547,1501,723
1532,1,381,428,502,611
1532,2,1159,477,1265,618
1533,0,1361,548,1501,722
1533,1,380,428,501,611
1533,2,1159,477,1265,618
1534,0,1361,547,1501,722
1534,1,380,428,500,611
1534,2,1159,477,1264,618
1535,0,1361,548,1501,722
1535,1,379,428,500,611
1535,2,1159,477,1264,618
1536,0,1361,547,1501,722
1536,1,379,428,500,610
1536,2,1159,477,1264,618
1537,0,1362,547,1501,722
1537,1,379,427,500,609
1537,2,1159,477,1264,618
1538,0,1362,546,1502,721
1538,1,379,427,500,609
1538,2,1159,477,1264,618
1539,0,1362,546,1503,722
1539,1,378,428,500,610
1539,2,1159,477,1264,618
1540,0,1362,547,1504,722
1540,1,378,428,500,610
1540,2,1159,477,1264,618
1541,0,1363,546,1505,722
1541,1,377,428,500,610
1541,2,1159,477,1264,618
1542,0,1363,547,1505,722
1542,1,377,427,500,611
1542,2,1159,477,1264,618
1543,0,1363,546,1504,722
1543,1,376,427,500,610
1543,2,1159,477,1264,618
1544,0,1363,546,1505,722
1544,1,376,428,499,609
1544,2,1159,476,1264,618
1545,0,1363,545,1505,721
1545,1,376,428,499,610
1545,2,1159,476,1264,618
1546,0,1364,546,1505,721
1546,1,376,429,499,610
1546,2,1159,476,1264,618
1547,0,1364,545,1505,721
1547,1,376,429,499,609
1547,2,1159,477,1264,618
1548,0,1364,546,1505,721
1548,1,376,429,498,611
1548,2,1159,477,1264,618
1549,0,1364,547,1505,721
1549,1,376,429,498,611
1549,2,1159,477,1264,618
1550,0,1364,546,1505,722
1550,1,377,430,497,610
1550,2,1159,478,1264,618
1551,0,1363,546,1505,722
1551,1,376,430,497,609
1551,2,1159,477,1264,618
1552,0,1363,546,1505,722
1552,1,374,430,497,610
1552,2,1159,478,1263,617
1553,0,1363,546,1505,722
1553,1,375,431,497,609
1553,2,1159,478,1263,617
1554,0,1362,546,1504,722
1554,1,374,429,496,610
1554,2,1159,478,1263,617
1555,0,1363,547,1504,722
1555,1,374,430,496,610
1555,2,1159,478,1263,617
1556,0,1363,547,1505,722
1556,1,373,429,496,609
1556,2,1159,477,1264,618
1557,0,1363,547,1505,722
1557,1,374,430,495,607
1557,2,1159,477,1264,618
1558,0,1365,546,1507,722
1558,1,372,428,493,606
1558,2,1159,477,1264,618
1559,0,1366,545,1508,723
1559,1,371,428,492,607
1559,2,1159,477,1264,618
1560,0,1366,546,1508,723
1560,1,370,428,491,606
1560,2,1159,478,1263,618
1561,0,1367,542,1509,723
1561,1,367,428,490,606
1561,2,1159,479,1263,618
1562,0,1369,542,1509,722
1562,1,366,427,489,607
1562,2,1159,478,1264,619
1563,0,1369,539,1511,721
1563,1,365,427,489,606
1563,2,1159,478,1264,619
1564,0,1369,538,1511,719
1564,1,365,426,488,607
1564,2,1159,479,1264,619
1565,0,1369,536,1511,719
1565,1,364,426,488,607
1565,2,1159,478,1264,619
1566,0,1369,534,1511,719
1566,1,365,426,489,608
1566,2,1159,478,1264,619
1567,0,1368,532,1510,719
1567,1,364,426,488,607
1567,2,1159,479,1264,619
1568,0,1368,533,1510,719
1568,1,364,426,488,607
1568,2,1159,479,1264,619
1569,0,1368,532,1510,719
1569,1,364,426,488,608
1569,2,1159,478,1264,619
1570,0,1367,531,1508,719
1570,1,364,426,488,608
1570,2,1159,478,1264,619
1571,0,1365,530,1506,716
1571,1,365,426,489,607
1571,2,1159,478,1264,619
1572,0,1365,529,1506,715
1572,1,365,426,489,607
1572,2,1159,478,1264,619
1573,0,1365,526,1506,714
1573,1,365,427,489,607
1573,2,1159,478,1264,619
1574,0,1365,525,1506,714
1574,1,365,426,489,609
1574,2,1159,478,1264,619
1575,0,1365,526,1506,714
1575,1,365,427,489,609
1575,2,1159,479,1264,619
1576,0,1365,526,1508,714
1576,1,365,428,489,609
1576,2,1159,479,1264,619
1577,0,1366,525,1508,713
1577,1,365,428,489,609
1577,2,1159,478,1264,619
1578,0,1366,525,1508,713
1578,1,366,428,489,607
1578,2,1159,478,1264,619
1579,0,1366,525,1508,713
1579,1,366,428,489,606
1579,2,1159,478,1264,619
1580,0,1366,525,1507,713
1580,1,365,428,488,605
1580,2,1159,478,1264,619
1581,0,1366,525,1507,714
1581,1,364,428,489,606
1581,2,1159,478,1264,619
1582,0,1365,524,1507,714
1582,1,364,427,488,607
1582,2,1160,478,1264,619
1583,0,1365,523,1507,714
1583,1,364,427,488,607
1583,2,1160,478,1264,619
1584,0,1366,524,1507,714
1584,1,364,427,488,607
1584,2,1160,478,1264,619
1585,0,1367,523,1507,714
1585,1,365,427,488,606
1585,2,1159,478,1264,619
1586,0,1367,524,1507,714
1586,1,365,428,488,606
1586,2,1159,478,1264,619
1587,0,1367,524,1507,713
1587,1,365,428,488,605
1587,2,1159,478,1265,619
1588,0,1367,524,1507,712
1588,1,365,428,488,605
1588,2,1159,478,1264,619
1589,0,1366,524,1507,711
1589,1,364,427,489,606
1589,2,1159,478,1264,619
1590,0,1366,525,1507,711
1590,1,365,427,489,607
1590,2,1159,478,1264,619
1591,0,1366,525,1507,710
1591,1,365,428,490,606
1591,2,1159,478,1264,619
1592,0,1366,526,1507,710
1592,1,365,429,490,606
1592,2,1159,478,1264,619
1593,0,1366,525,1507,709
1593,1,365,429,490,608
1593,2,1159,478,1264,619
1594,0,1366,525,1507,709
1594,1,364,429,490,609
1594,2,1159,478,1264,619
1595,0,1366,524,1506,709
1595,1,364,429,489,609
1595,2,1159,477,1264,619
1596,0,1365,524,1505,708
1596,1,361,429,488,610
1596,2,1159,477,1264,619
1597,0,1364,524,1504,707
1597,1,360,429,488,609
1597,2,1159,478,1264,619
1598,0,1363,524,1503,706
1598,1,359,428,487,610
1598,2,1159,478,1264,619
1599,0,1362,523,1502,705
1599,1,359,428,487,610
1599,2,1159,478,1264,619
1600,0,1362,523,1501,705
1600,1,359,427,486,610
1600,2,1159,478,1265,619
1601,0,1362,523,1502,705
1601,1,359,427,486,610
1601,2,1159,478,1265,619
1602,0,1362,523,1502,704
1602,1,360,427,486,609
1602,2,1159,478,1265,619
1603,0,1362,523,1500,703
1603,1,362,427,487,608
1603,2,1159,478,1264,619
1604,0,1361,522,1501,704
1604,1,365,428,489,607
1604,2,1159,478,1264,619
1605,0,1361,523,1500,704
1605,1,370,428,490,605
1605,2,1160,478,1264,619
1606,0,1361,522,1501,704
1606,1,374,427,492,605
1606,2,1159,478,1264,619
1607,0,1363,523,1501,705
1607,1,375,426,493,604
1607,2,1159,478,1264,619
1608,0,1367,525,1505,706
1608,1,374,426,494,605
1608,2,1159,478,1264,619
1609,0,1372,526,1510,706
1609,1,374,425,494,606
1609,2,1159,478,1265,619
1610,0,1376,524,1517,707
1610,1,374,425,494,606
1610,2,1159,478,1264,619
1611,0,1381,525,1524,709
1611,1,373,425,494,606
1611,2,1159,478,1265,619
1612,0,1383,524,1526,707
1612,1,374,425,494,606
1612,2,1159,478,1264,618
1613,0,1385,526,1528,709
1613,1,374,426,494,605
1613,2,1159,477,1264,617
1614,0,1387,526,1532,709
1614,1,374,426,494,606
1614,2,1159,478,1264,617
1615,0,1389,527,1532,709
1615,1,373,426,494,607
1615,2,1159,477,1264,617
1616,0,1392,525,1535,709
1616,1,373,427,494,607
1616,2,1159,478,1264,617
1617,0,1394,523,1537,709
1617,1,373,427,494,607
1617,2,1159,477,1264,617
1618,0,1396,521,1541,708
1618,1,373,427,494,607
1618,2,1159,478,1264,618
1619,0,1397,520,1542,707
1619,1,373,428,494,607
1619,2,1159,479,1264,618
1620,0,1401,519,1546,706
1620,1,373,428,494,607
1620,2,1159,478,1264,618
1621,0,1405,516,1549,705
1621,1,373,428,494,607
1621,2,1159,478,1264,619
1622,0,1408,515,1553,704
1622,1,372,428,494,608
1622,2,1159,478,1264,620
1623,0,1411,513,1556,703
1623,1,373,428,495,608
1623,2,1159,478,1264,619
1624,0,1414,512,1559,701
1624,1,373,428,495,608
1624,2,1159,478,1264,620
1625,0,1415,513,1560,700
1625,1,373,427,495,608
1625,2,1159,478,1264,620
1626,0,1417,513,1560,699
1626,1,374,427,495,609
1626,2,1159,478,1264,619
1627,0,1419,513,1559,697
1627,1,374,427,496,608
1627,2,1159,478,1263,619
1628,0,1419,512,1553,693
1628,1,375,428,497,608
1628,2,1159,480,1262,618
1629,0,1416,515,1545,692
1629,1,376,429,498,609
1629,2,1159,480,1262,619
1630,0,1411,514,1541,693
1630,1,377,430,498,611
1630,2,1159,480,1262,620
1631,0,1404,519,1530,690
1631,1,378,431,499,612
1631,2,1159,479,1263,618
1632,0,1400,519,1523,691
1632,1,379,432,499,613
1632,2,1159,479,1263,618
1633,0,1393,519,1518,692
1633,1,381,433,500,612
1633,2,1159,480,1263,618
1634,0,1390,520,1516,693
1634,1,383,434,501,614
1634,2,1159,478,1263,619
1635,0,1385,519,1513,695
1635,1,384,434,501,614
1635,2,1159,479,1263,619
1636,0,1381,518,1506,696
1636,1,385,435,503,615
1636,2,1159,478,1264,620
1637,0,1378,519,1502,699
1637,1,385,435,505,615
1637,2,1160,479,1264,621
1638,0,1374,520,1499,699
1638,1,387,437,506,616
1638,2,1159,479,1264,620
1639,0,1372,522,1497,700
1639,1,387,437,507,617
1639,2,1159,479,1264,619
1640,0,1370,523,1497,699
1640,1,386,438,507,617
1640,2,1159,479,1263,618
1641,0,1367,524,1495,700
1641,1,387,438,508,617
1641,2,1159,479,1263,619
1642,0,1366,526,1494,701
1642,1,387,438,508,618
1642,2,1159,479,1263,618
1643,0,1365,527,1491,701
1643,1,387,438,508,618
1643,2,1159,479,1263,618
1644,0,1364,527,1491,701
1644,1,387,438,508,618
1644,2,1159,479,1263,618
1645,0,1363,526,1491,701
1645,1,387,438,508,617
1645,2,1159,480,1264,617
1646,0,1363,526,1491,701
1646,1,387,437,508,617
1646,2,1159,479,1263,617
1647,0,1363,526,1491,701
1647,1,387,437,508,618
1647,2,1159,479,1263,617
1648,0,1363,527,1490,701
1648,1,387,436,508,617
1648,2,1159,480,1263,617
1649,0,1363,527,1489,702
1649,1,387,436,507,616
1649,2,1159,479,1263,617
1650,0,1363,528,1489,702
1650,1,388,436,506,616
1650,2,1159,479,1263,617
1651,0,1363,527,1490,702
1651,1,388,435,506,616
1651,2,1159,479,1264,617
1652,0,1363,527,1490,702
1652,1,387,435,506,616
1652,2,1159,479,1263,618
1653,0,1363,526,1489,701
1653,1,385,436,504,615
1653,2,1159,479,1264,618
1654,0,1363,526,1488,700
1654,1,384,436,502,615
1654,2,1159,479,1264,618
1655,0,1362,525,1487,700
1655,1,383,436,502,615
1655,2,1159,479,1264,618
1656,0,1360,526,1483,698
1656,1,383,435,502,615
1656,2,1159,479,1264,618
1657,0,1359,525,1482,698
1657,1,381,435,501,614
1657,2,1159,478,1264,618
1658,0,1359,523,1482,697
1658,1,382,434,501,613
1658,2,1159,478,1264,618
1659,0,1359,523,1481,695
1659,1,381,434,501,613
1659,2,1159,478,1264,618
1660,0,1359,522,1482,694
1660,1,380,433,500,614
1660,2,1159,479,1264,618
1661,0,1359,520,1481,696
1661,1,380,433,500,615
1661,2,1159,478,1264,619
1662,0,1359,519,1482,697
1662,1,379,433,499,615
1662,2,1159,479,1264,619
1663,0,1361,517,1484,696
1663,1,378,432,499,615
1663,2,1159,478,1264,618
1664,1,377,431,499,614
1664,0,1362,517,1483,695
1664,2,1159,478,1264,618
1665,1,376,430,499,614
1665,0,1363,517,1484,695
1665,2,1159,478,1263,618
1666,0,1363,517,1487,695
1666,1,376,430,500,612
1666,2,1159,478,1263,619
1667,0,1364,518,1488,695
1667,1,376,431,499,611
1667,2,1159,478,1263,619
1668,0,1364,518,1488,695
1668,1,375,430,499,611
1668,2,1159,478,1263,619
1669,0,1364,519,1488,695
1669,1,375,430,499,611
1669,2,1159,478,1263,619
1670,0,1363,518,1488,695
1670,1,376,430,499,612
1670,2,1159,479,1263,618
1671,0,1363,518,1487,695
1671,1,375,430,499,611
1671,2,1159,478,1263,619
1672,0,1363,519,1488,694
1672,1,375,430,499,611
1672,2,1159,478,1263,619
1673,0,1364,519,1488,694
1673,1,376,430,499,611
1673,2,1159,479,1263,619
1674,1,376,430,499,611
1674,0,1365,519,1489,693
1674,2,1159,478,1263,619
1675,0,1366,520,1490,695
1675,1,376,430,499,612
1675,2,1159,479,1263,618
1676,0,1367,519,1494,697
1676,1,377,430,500,613
1676,2,1159,478,1263,618
1677,0,1368,520,1495,698
1677,1,377,430,500,613
1677,2,1159,478,1263,618
1678,0,1370,522,1496,699
1678,1,377,430,500,613
1678,2,1159,478,1263,619
1679,0,1370,524,1496,700
1679,1,377,430,500,613
1679,2,1159,478,1263,619
1680,0,1370,525,1497,701
1680,1,377,430,500,612
1680,2,1159,478,1263,619
1681,0,1370,526,1497,701
1681,1,377,431,500,612
1681,2,1159,478,1263,618
1682,0,1370,529,1497,703
1682,1,377,430,500,613
1682,2,1159,479,1263,618
1683,0,1369,529,1498,704
1683,1,376,429,499,615
1683,2,1159,478,1263,618
1684,0,1370,530,1497,704
1684,1,376,429,499,615
1684,2,1159,478,1263,618
1685,0,1369,529,1496,704
1685,1,376,430,499,613
1685,2,1159,478,1263,618
1686,0,1369,531,1496,704
1686,1,376,429,499,612
1686,2,1159,479,1263,618
1687,0,1368,532,1495,705
1687,1,376,430,499,612
1687,2,1159,479,1263,618
1688,0,1367,531,1495,705
1688,1,376,430,498,612
1688,2,1159,479,1263,618
1689,0,1367,533,1494,705
1689,1,376,430,498,612
1689,2,1159,479,1263,618
1690,0,1367,533,1493,705
1690,1,376,430,498,611
1690,2,1159,479,1263,618
1691,0,1366,534,1493,705
1691,1,376,430,498,610
1691,2,1159,479,1264,618
1692,0,1366,534,1492,705
1692,1,377,430,498,610
1692,2,1159,479,1263,618
1693,0,1366,535,1491,705
1693,1,374,431,497,612
1693,2,1160,479,1263,618
1694,0,1366,535,1491,705
1694,1,374,431,497,611
1694,2,1160,479,1263,618
1695,0,1366,534,1491,705
1695,1,374,432,497,611
1695,2,1160,479,1263,618
1696,0,1366,534,1491,704
1696,1,374,433,497,610
1696,2,1160,479,1263,618
1697,0,1364,536,1489,704
1697,1,374,433,496,610
1697,2,1160,479,1264,618
1698,0,1367,535,1491,704
1698,1,374,433,496,609
1698,2,1160,479,1264,618
1699,0,1366,534,1491,704
1699,1,374,434,496,610
1699,2,1159,478,1264,618
1700,0,1367,535,1491,705
1700,1,374,433,495,610
1700,2,1159,478,1264,618
1701,0,1367,535,1491,704
1701,1,373,433,495,610
1701,2,1160,479,1264,618
1702,0,1366,533,1492,704
1702,1,372,433,494,610
1702,2,1160,479,1263,618
1703,0,1367,535,1491,704
1703,1,368,433,491,612
1703,2,1159,478,1264,618
1704,1,364,432,489,614
1704,0,1367,536,1491,704
1704,2,1159,478,1264,618
1705,1,359,431,488,615
1705,0,1367,536,1491,705
1705,2,1159,479,1263,618
1706,1,355,429,485,615
1706,0,1368,534,1492,705
1706,2,1159,480,1263,619
1707,1,351,428,483,617
1707,0,1369,534,1492,705
1707,2,1160,479,1263,620
1708,1,348,427,482,617
1708,0,1369,533,1491,705
1708,2,1160,479,1263,620
1709,1,348,427,482,617
1709,0,1369,533,1491,705
1709,2,1159,479,1263,620
1710,1,348,428,481,616
1710,0,1369,534,1491,705
1710,2,1160,479,1264,620
1711,1,347,428,481,616
1711,0,1369,533,1492,704
1711,2,1160,478,1264,620
1712,1,347,428,480,616
1712,0,1369,532,1492,704
1712,2,1159,478,1264,619
1713,1,347,428,480,616
1713,0,1369,532,1492,704
1713,2,1160,478,1264,619
1714,1,348,428,481,617
1714,0,1368,532,1492,704
1714,2,1160,478,1264,619
1715,1,351,428,482,618
1715,0,1368,532,1492,704
1715,2,1160,478,1265,619
1716,1,359,429,487,616
1716,0,1368,532,1492,703
1716,2,1160,478,1265,619
1717,0,1368,532,1492,703
1717,1,366,429,490,614
1717,2,1160,478,1265,619
1718,0,1368,532,1492,703
1718,1,376,430,494,609
1718,2,1160,478,1264,619
1719,0,1367,533,1492,703
1719,1,377,430,497,611
1719,2,1160,477,1265,619
1720,0,1367,533,1492,704
1720,1,378,430,498,611
1720,2,1160,477,1265,619
1721,0,1367,534,1492,704
1721,1,380,430,499,611
1721,2,1160,478,1265,620
1722,0,1368,534,1491,705
1722,1,382,430,499,610
1722,2,1160,477,1265,620
1723,0,1369,536,1492,705
1723,1,381,431,499,612
1723,2,1160,478,1265,620
1724,0,1370,536,1492,705
1724,1,382,431,499,612
1724,2,1160,477,1265,619
1725,0,1370,534,1493,706
1725,1,382,431,499,612
1725,2,1160,477,1265,619
1726,0,1371,535,1492,707
1726,1,383,431,499,613
1726,2,1160,477,1265,617
1727,0,1371,536,1493,707
1727,1,382,432,499,613
1727,2,1160,477,1265,617
1728,0,1372,538,1493,708
1728,1,383,433,499,613
1728,2,1159,477,1265,618
1729,0,1372,538,1493,708
1729,1,384,434,500,612
1729,2,1159,477,1265,619
1730,0,1372,537,1494,708
1730,1,384,434,500,613
1730,2,1159,477,1264,618
1731,0,1372,539,1494,708
1731,1,385,434,500,613
1731,2,1159,477,1264,618
1732,0,1372,539,1493,709
1732,1,384,434,500,613
1732,2,1159,478,1263,617
1733,0,1372,539,1494,709
1733,1,384,434,501,614
1733,2,1159,478,1263,617
1734,0,1373,541,1493,709
1734,1,384,434,500,614
1734,2,1159,478,1263,617
1735,0,1372,542,1493,710
1735,1,384,434,501,614
1735,2,1159,478,1263,617
1736,0,1372,544,1493,711
1736,1,384,434,501,614
1736,2,1159,478,1263,618
1737,0,1372,547,1493,711
1737,1,383,434,501,614
1737,2,1160,478,1264,619
1738,0,1372,549,1494,711
1738,1,384,434,501,614
1738,2,1160,478,1264,621
1739,0,1372,549,1493,711
1739,1,384,434,501,614
1739,2,1160,478,1264,621
1740,0,1372,548,1493,712
1740,1,385,434,501,614
1740,2,1160,478,1264,621
1741,0,1371,550,1493,712
1741,1,386,435,501,614
1741,2,1160,478,1264,621
1742,0,1372,550,1494,712
1742,1,385,434,501,615
1742,2,1160,478,1264,620
1743,0,1372,550,1493,712
1743,1,385,435,501,614
1743,2,1159,478,1264,618
1744,0,1372,549,1493,712
1744,1,385,435,501,615
1744,2,1158,478,1263,617
1745,0,1371,550,1493,712
1745,1,385,435,501,615
1745,2,1158,478,1263,617
1746,0,1372,549,1494,712
1746,1,385,435,501,616
1746,2,1157,478,1263,617
1747,0,1372,549,1494,712
1747,1,385,435,501,615
1747,2,1157,479,1262,617
1748,0,1371,549,1494,712
1748,1,385,435,501,616
1748,2,1157,479,1262,617
1749,0,1371,549,1493,712
1749,1,385,435,501,615
1749,2,1157,479,1261,617
1750,0,1371,548,1493,712
1750,1,385,435,501,615
1750,2,1157,479,1262,617
1751,0,1370,547,1493,711
1751,1,385,435,501,615
1751,2,1157,479,1262,617
1752,0,1370,547,1492,711
1752,1,385,435,501,615
1752,2,1157,479,1262,617
1753,0,1370,547,1493,711
1753,1,385,436,501,615
1753,2,1157,479,1262,617
1754,0,1370,547,1492,711
1754,1,385,435,501,615
1754,2,1156,479,1262,617
1755,0,1370,548,1492,711
1755,1,385,436,501,615
1755,2,1157,479,1262,617
1756,0,1370,548,1492,712
1756,1,385,435,501,615
1756,2,1156,479,1261,617
1757,0,1370,548,1492,712
1757,1,385,436,501,615
1757,2,1156,479,1261,617
1758,0,1370,549,1492,712
1758,1,385,435,501,615
1758,2,1157,479,1261,617
1759,0,1370,549,1492,712
1759,1,385,436,501,614
1759,2,1157,479,1261,618
1760,0,1370,549,1492,712
1760,1,384,436,500,614
1760,2,1157,479,1261,618
1761,0,1370,549,1492,712
1761,1,384,436,500,613
1761,2,1157,478,1262,617
1762,0,1370,549,1492,712
1762,1,383,435,500,612
1762,2,1157,479,1261,617
1763,0,1369,549,1492,713
1763,1,383,435,500,612
1763,2,1157,478,1262,617
1764,0,1369,548,1491,713
1764,1,382,435,500,612
1764,2,1157,478,1262,616
1765,0,1368,549,1491,713
1765,1,381,435,499,613
1765,2,1157,477,1262,616
1766,0,1368,548,1489,713
1766,1,381,435,499,611
1766,2,1157,476,1264,616
1767,0,1368,548,1489,712
1767,1,381,435,499,610
1767,2,1158,475,1266,615
1768,0,1367,549,1489,712
1768,1,379,433,498,611
1768,2,1160,476,1266,614
1769,0,1368,549,1489,713
1769,1,380,432,498,610
1769,2,1160,477,1266,614
1770,0,1367,550,1489,712
1770,1,379,432,498,610
1770,2,1161,477,1266,615
1771,0,1367,550,1488,712
1771,1,379,432,498,609
1771,2,1160,478,1265,616
1772,0,1366,550,1488,712
1772,1,378,431,498,610
1772,2,1160,479,1265,616
1773,0,1365,551,1487,712
1773,1,378,431,498,611
1773,2,1160,479,1264,616
1774,0,1366,549,1487,712
1774,1,378,431,498,610
1774,2,1160,479,1264,616
1775,0,1366,548,1487,712
1775,1,378,430,498,608
1775,2,1159,480,1264,616
1776,0,1367,546,1489,712
1776,1,378,430,498,610
1776,2,1159,481,1263,616
1777,0,1367,545,1489,713
1777,1,378,430,498,610
1777,2,1158,481,1262,616
1778,0,1367,545,1490,712
1778,1,379,430,498,611
1778,2,1158,481,1261,617
1779,0,1366,546,1490,712
1779,1,379,431,499,611
1779,2,1158,482,1261,618
1780,0,1367,546,1491,712
1780,1,379,432,498,611
1780,2,1158,482,1262,618
1781,0,1367,547,1490,713
1781,1,379,433,499,612
1781,2,1159,482,1262,618
1782,0,1367,546,1491,713
1782,1,380,434,499,612
1782,2,1159,482,1262,618
1783,0,1367,544,1492,713
1783,1,380,434,499,612
1783,2,1159,481,1262,619
1784,0,1367,545,1492,713
1784,1,381,435,500,612
1784,2,1159,481,1262,619
1785,0,1368,547,1492,713
1785,1,380,434,500,613
1785,2,1159,481,1263,619
1786,0,1368,547,1492,713
1786,1,381,436,500,612
1786,2,1159,481,1263,620
1787,0,1368,548,1491,713
1787,1,381,436,500,612
1787,2,1160,480,1264,621
1788,0,1368,549,1492,713
1788,1,381,435,500,614
1788,2,1160,480,1264,621
1789,0,1367,548,1492,713
1789,1,381,435,500,613
1789,2,1160,480,1264,620
1790,0,1366,549,1492,714
1790,1,381,434,500,615
1790,2,1160,480,1264,619
1791,0,1366,551,1492,713
1791,1,381,434,500,614
1791,2,1160,479,1264,619
1792,0,1365,551,1491,713
1792,1,382,434,500,613
1792,2,1160,480,1264,619
1793,0,1364,552,1490,713
1793,1,381,433,500,613
1793,2,1160,480,1264,619
1794,0,1364,552,1489,714
1794,1,381,433,500,612
1794,2,1160,481,1265,619
1795,0,1363,550,1490,713
1795,1,381,433,500,613
1795,2,1160,480,1265,619
1796,0,1363,550,1490,713
1796,1,380,433,500,613
1796,2,1160,481,1264,619
1797,0,1363,551,1490,713
1797,1,380,433,500,614
1797,2,1159,482,1263,618
1798,0,1363,550,1490,713
1798,1,380,433,500,614
1798,2,1159,481,1263,618
1799,0,1364,550,1490,713
1799,1,380,433,500,613
1799,2,1158,480,1263,618
1800,0,1364,550,1490,713
1800,1,380,434,500,613
1800,2,1158,480,1262,618
1801,0,1364,550,1490,713
1801,1,380,434,500,614
1801,2,1158,480,1262,618
1802,0,1364,550,1490,713
1802,1,380,434,500,614
1802,2,1158,480,1263,617
1803,0,1364,550,1490,713
1803,1,380,434,500,615
1803,2,1158,480,1262,617
1804,0,1364,551,1489,713
1804,1,381,434,500,614
1804,2,1158,480,1263,617
1805,0,1364,551,1490,713
1805,1,381,434,500,614
1805,2,1158,480,1263,617
1806,0,1365,552,1490,713
1806,1,380,434,500,614
1806,2,1159,480,1263,617
1807,0,1366,550,1490,713
1807,1,380,433,500,613
1807,2,1159,479,1263,618
1808,0,1366,552,1491,713
1808,1,379,433,500,613
1808,2,1159,479,1263,618
1809,0,1366,552,1491,713
1809,1,378,432,499,614
1809,2,1159,479,1263,619
1810,0,1367,550,1492,713
1810,1,379,431,499,613
1810,2,1159,479,1264,619
1811,0,1368,548,1491,713
1811,1,378,431,499,613
1811,2,1160,479,1264,620
1812,0,1368,549,1490,713
1812,1,378,430,499,612
1812,2,1160,479,1264,620
1813,0,1369,548,1490,712
1813,1,378,430,499,610
1813,2,1160,480,1263,619
1814,0,1369,548,1491,713
1814,1,377,430,498,609
1814,2,1160,480,1263,618
1815,0,1369,548,1492,712
1815,1,377,429,498,610
1815,2,1160,480,1263,619
1816,0,1369,546,1491,712
1816,1,377,429,498,609
1816,2,1159,481,1263,618
1817,0,1369,547,1492,712
1817,1,377,428,497,608
1817,2,1159,482,1263,617
1818,0,1368,545,1491,712
1818,1,376,428,497,608
1818,2,1159,482,1262,617
1819,0,1368,546,1490,712
1819,1,376,428,497,608
1819,2,1158,482,1262,617
1820,0,1367,547,1491,712
1820,1,376,428,498,609
1820,2,1158,482,1262,617
1821,0,1366,549,1491,712
1821,1,375,428,498,609
1821,2,1158,481,1263,617
1822,0,1366,549,1489,712
1822,1,375,428,498,609
1822,2,1158,481,1263,617
1823,0,1365,549,1490,712
1823,1,376,428,498,608
1823,2,1158,481,1263,617
1824,0,1365,549,1490,712
1824,1,376,428,497,608
1824,2,1158,481,1263,617
1825,0,1366,548,1490,712
1825,1,375,428,497,608
1825,2,1158,482,1262,617
1826,0,1367,548,1491,711
1826,1,375,428,497,608
1826,2,1158,482,1263,617
1827,0,1367,548,1491,711
1827,1,375,428,497,608
1827,2,1157,481,1262,618
1828,0,1368,548,1492,711
1828,1,375,428,497,608
1828,2,1158,482,1262,618
1829,0,1368,548,1492,712
1829,1,375,428,497,608
1829,2,1158,482,1262,618
1830,0,1368,547,1492,712
1830,1,375,428,497,608
1830,2,1157,481,1262,618
1831,0,1369,547,1492,712
1831,1,375,427,497,609
1831,2,1158,481,1262,618
1832,0,1369,547,1494,711
1832,1,375,428,497,608
1832,2,1157,481,1262,618
1833,0,1370,547,1492,711
1833,1,375,428,497,609
1833,2,1158,481,1262,618
1834,0,1371,548,1494,712
1834,1,376,429,497,609
1834,2,1157,481,1262,618
1835,0,1371,548,1494,712
1835,1,376,429,497,609
1835,2,1157,481,1262,618
1836,0,1370,551,1494,712
1836,1,376,429,497,608
1836,2,1157,481,1261,619
1837,0,1370,551,1494,714
1837,1,376,429,497,608
1837,2,1157,481,1261,619
1838,0,1370,550,1494,714
1838,1,376,428,497,608
1838,2,1157,481,1261,620
1839,0,1370,549,1495,714
1839,1,375,429,497,608
1839,2,1157,481,1261,620
1840,0,1371,551,1495,714
1840,1,375,429,497,608
1840,2,1157,481,1261,620
1841,1,375,429,498,608
1841,0,1372,550,1495,714
1841,2,1157,481,1261,619
1842,1,375,429,497,608
1842,0,1373,549,1494,714
1842,2,1157,481,1261,618
1843,1,375,430,497,608
1843,0,1373,550,1494,713
1843,2,1157,481,1261,618
1844,1,375,429,497,608
1844,0,1373,549,1494,713
1844,2,1157,481,1261,618
1845,1,375,429,497,608
1845,0,1373,549,1494,713
1845,2,1157,481,1261,618
1846,0,1372,548,1493,712
1846,1,375,428,497,608
1846,2,1157,482,1261,618
1847,0,1371,545,1493,712
1847,1,375,428,496,608
1847,2,1157,482,1261,618
1848,0,1368,545,1491,712
1848,1,374,428,496,609
1848,2,1157,482,1261,618
1849,0,1368,546,1491,711
1849,1,374,428,497,609
1849,2,1157,482,1261,618
1850,0,1367,548,1489,711
1850,1,376,428,497,610
1850,2,1157,482,1261,618
1851,0,1365,546,1488,711
1851,1,375,427,497,611
1851,2,1157,482,1261,619
1852,0,1364,546,1488,712
1852,1,376,428,497,612
1852,2,1157,482,1261,619
1853,0,1363,547,1486,711
1853,1,375,428,496,611
1853,2,1157,482,1261,619
1854,0,1364,546,1487,712
1854,1,376,429,496,611
1854,2,1157,481,1261,619
1855,0,1364,546,1487,711
1855,1,376,429,497,610
1855,2,1157,481,1261,618
1856,0,1362,547,1485,711
1856,1,376,430,497,611
1856,2,1158,482,1261,618
1857,0,1362,548,1485,711
1857,1,376,430,497,611
1857,2,1158,482,1261,618
1858,0,1362,548,1485,711
1858,1,376,430,497,610
1858,2,1158,481,1262,618
1859,0,1362,547,1485,711
1859,1,377,430,497,610
1859,2,1158,481,1262,618
1860,0,1362,547,1485,711
1860,1,376,430,497,611
1860,2,1158,481,1262,618
1861,0,1362,546,1484,710
1861,1,376,430,497,610
1861,2,1158,481,1262,618
1862,0,1362,546,1484,709
1862,1,377,431,497,610
1862,2,1159,481,1262,618
1863,0,1362,546,1484,709
1863,1,377,431,497,610
1863,2,1159,482,1262,618
1864,0,1362,545,1483,708
1864,1,376,430,497,610
1864,2,1159,481,1263,618
1865,1,376,430,497,609
1865,0,1362,546,1483,708
1865,2,1159,481,1263,618
1866,1,376,430,497,609
1866,0,1362,546,1483,708
1866,2,1160,481,1263,619
1867,1,376,430,497,609
1867,0,1362,546,1483,708
1867,2,1160,480,1264,619
1868,1,376,429,497,609
1868,0,1361,548,1482,708
1868,2,1160,480,1263,619
1869,0,1361,548,1482,708
1869,1,376,429,497,609
1869,2,1160,480,1263,619
1870,0,1361,548,1483,709
1870,1,376,428,497,609
1870,2,1160,480,1263,619
1871,1,376,428,497,610
1871,0,1361,548,1482,709
1871,2,1160,480,1264,619
1872,0,1361,549,1482,709
1872,1,376,427,496,609
1872,2,1160,480,1264,619
1873,0,1361,549,1483,709
1873,1,376,428,496,608
1873,2,1160,480,1264,619
1874,0,1360,549,1482,710
1874,1,375,427,496,609
1874,2,1160,480,1264,619
1875,0,1361,549,1482,710
1875,1,375,428,496,609
1875,2,1160,479,1264,619
1876,1,375,428,496,609
1876,0,1361,550,1482,711
1876,2,1160,479,1264,619
1877,0,1361,549,1484,711
1877,1,374,427,495,609
1877,2,1160,480,1264,619
1878,0,1362,551,1486,712
1878,1,374,427,495,608
1878,2,1160,480,1264,619
1879,0,1363,552,1486,712
1879,1,374,427,495,608
1879,2,1160,479,1264,619
1880,0,1364,552,1489,712
1880,1,374,427,495,608
1880,2,1160,480,1264,619
1881,0,1365,553,1489,713
1881,1,374,427,495,608
1881,2,1160,480,1263,619
1882,0,1365,554,1490,713
1882,1,374,427,495,608
1882,2,1160,480,1264,619
1883,0,1366,553,1490,714
1883,1,374,427,495,608
1883,2,1160,480,1264,619
1884,0,1366,554,1491,713
1884,1,374,427,495,608
1884,2,1160,480,1264,620
1885,0,1366,555,1493,714
1885,1,374,427,495,609
1885,2,1160,481,1264,620
1886,0,1366,554,1493,714
1886,1,375,427,495,609
1886,2,1160,480,1264,620
1887,0,1366,556,1493,714
1887,1,374,427,495,610
1887,2,1160,480,1264,620
1888,0,1367,555,1493,714
1888,1,374,427,495,610
1888,2,1160,480,1264,620
1889,0,1367,555,1493,714
1889,1,374,427,495,610
1889,2,1160,480,1264,620
1890,0,1367,555,1492,714
1890,1,375,428,495,610
1890,2,1160,480,1264,620
1891,0,1367,555,1493,715
1891,1,375,428,495,609
1891,2,1160,479,1264,621
1892,0,1367,556,1493,715
1892,1,374,427,495,609
1892,2,1160,480,1264,620
1893,0,1367,556,1493,714
1893,1,374,427,495,608
1893,2,1160,480,1264,621
1894,0,1366,556,1493,715
1894,1,374,427,495,608
1894,2,1160,480,1264,620
1895,0,1367,555,1493,715
1895,1,374,427,494,608
1895,2,1160,479,1264,621
1896,0,1366,555,1493,714
1896,1,374,426,494,609
1896,2,1160,480,1264,621
1897,0,1367,556,1492,714
1897,1,373,426,494,609
1897,2,1160,480,1264,621
1898,0,1366,556,1492,714
1898,1,373,425,494,611
1898,2,1160,480,1264,621
1899,0,1366,557,1491,715
1899,1,374,425,494,610
1899,2,1160,479,1264,621
1900,0,1365,559,1492,716
1900,1,374,426,494,608
1900,2,1160,479,1264,621
1901,0,1365,560,1492,719
1901,1,374,427,494,609
1901,2,1160,479,1264,621
1902,0,1364,560,1490,721
1902,1,373,426,495,608
1902,2,1160,478,1264,621
1903,0,1363,560,1489,723
1903,1,373,427,495,608
1903,2,1160,479,1264,621
1904,0,1362,561,1488,724
1904,1,373,427,495,608
1904,2,1160,479,1264,621
1905,0,1361,560,1487,724
1905,1,374,427,495,607
1905,2,1160,478,1264,621
1906,0,1360,560,1485,724
1906,1,374,427,495,606
1906,2,1160,478,1264,620
1907,0,1360,560,1484,724
1907,1,374,427,495,608
1907,2,1160,478,1265,620
1908,0,1359,560,1484,725
1908,1,374,426,495,609
1908,2,1160,478,1265,620
1909,0,1359,561,1483,725
1909,1,374,427,495,608
1909,2,1161,478,1265,620
1910,0,1359,561,1483,726
1910,1,375,428,495,607
1910,2,1161,478,1265,620
1911,0,1359,561,1484,726
1911,1,374,428,496,607
1911,2,1160,478,1266,620
1912,0,1359,561,1484,726
1912,1,375,428,495,607
1912,2,1161,478,1266,620
1913,0,1359,561,1485,726
1913,1,374,428,495,608
1913,2,1160,478,1266,620
1914,0,1359,561,1485,725
1914,1,373,428,495,608
1914,2,1161,478,1266,620
1915,0,1360,561,1485,725
1915,1,373,428,495,608
1915,2,1160,477,1265,620
1916,0,1361,561,1487,724
1916,1,373,427,495,609
1916,2,1160,478,1265,620
1917,0,1361,561,1488,723
1917,1,373,427,495,608
1917,2,1160,478,1265,620
1918,0,1362,560,1488,721
1918,1,373,427,495,608
1918,2,1160,478,1264,620
1919,0,1363,560,1488,721
1919,1,373,427,495,608
1919,2,1160,478,1265,620
1920,0,1363,559,1489,719
1920,1,373,427,495,609
1920,2,1160,478,1265,620
1921,0,1364,560,1489,719
1921,1,372,427,495,609
1921,2,1160,478,1264,621
1922,0,1364,559,1490,719
1922,1,372,427,494,609
1922,2,1160,478,1264,621
1923,0,1364,559,1490,718
1923,1,372,427,494,609
1923,2,1160,478,1264,621
1924,0,1365,558,1491,717
1924,1,373,427,494,608
1924,2,1160,478,1264,621
1925,0,1365,559,1492,717
1925,1,374,428,494,607
1925,2,1160,478,1264,621
1926,0,1365,559,1492,717
1926,1,373,428,494,607
1926,2,1160,478,1265,621
1927,0,1365,559,1492,717
1927,1,373,428,494,607
1927,2,1160,479,1265,621
1928,0,1366,558,1492,717
1928,1,372,428,494,608
1928,2,1160,479,1265,621
1929,0,1366,558,1492,717
1929,1,372,428,494,611
1929,2,1160,478,1265,621
1930,0,1366,557,1492,717
1930,1,372,428,493,610
1930,2,1160,479,1265,621
1931,0,1365,557,1493,717
1931,1,366,428,490,613
1931,2,1160,479,1265,621
1932,0,1365,555,1493,717
1932,1,360,427,487,612
1932,2,1160,478,1265,622
1933,1,351,427,482,612
1933,0,1365,558,1494,717
1933,2,1160,479,1265,622
1934,1,347,427,479,614
1934,0,1366,559,1494,717
1934,2,1160,478,1265,622
1935,1,346,427,478,613
1935,0,1366,558,1495,717
1935,2,1160,478,1265,622
1936,1,344,426,476,614
1936,0,1366,558,1494,718
1936,2,1160,478,1264,622
1937,1,343,426,476,614
1937,0,1366,559,1494,717
1937,2,1160,479,1265,622
1938,1,343,426,476,613
1938,0,1366,557,1493,717
1938,2,1160,479,1265,622
1939,1,344,426,476,613
1939,0,1366,556,1493,717
1939,2,1160,479,1265,622
1940,1,344,426,476,613
1940,0,1366,557,1492,717
1940,2,1159,479,1265,622
1941,1,343,426,476,613
1941,0,1366,555,1491,715
1941,2,1159,479,1265,622
1942,1,344,425,477,613
1942,0,1366,556,1490,715
1942,2,1159,479,1264,622
1943,1,344,425,477,613
1943,0,1366,556,1489,714
1943,2,1160,479,1263,622
1944,1,344,424,477,612
1944,0,1366,554,1489,714
1944,2,1160,479,1264,622
1945,1,344,425,476,611
1945,0,1365,552,1488,713
1945,2,1160,479,1264,621
1946,1,342,425,474,610
1946,0,1362,551,1484,712
1946,2,1160,479,1264,621
1947,1,340,425,473,610
1947,0,1363,549,1483,711
1947,2,1160,479,1264,621
1948,1,339,425,473,610
1948,0,1362,549,1482,709
1948,2,1160,479,1264,621
1949,1,340,425,473,610
1949,0,1362,550,1481,708
1949,2,1160,479,1264,621
1950,1,341,425,474,611
1950,0,1363,549,1480,708
1950,2,1160,480,1265,621
1951,1,344,426,476,612
1951,0,1362,548,1481,708
1951,2,1160,480,1264,622
1952,1,345,426,478,611
1952,0,1362,548,1481,708
1952,2,1159,479,1264,622
1953,1,347,426,478,611
1953,0,1362,548,1482,709
1953,2,1159,479,1264,622
1954,1,347,426,479,610
1954,0,1363,549,1485,711
1954,2,1159,479,1264,622
1955,1,347,426,479,610
1955,0,1366,551,1489,712
1955,2,1159,479,1264,621
1956,1,348,426,480,610
1956,0,1368,553,1492,713
1956,2,1159,479,1264,621
1957,1,348,426,480,610
1957,0,1368,554,1492,713
1957,2,1160,480,1264,621
1958,1,348,426,480,611
1958,0,1369,554,1493,713
1958,2,1159,479,1265,621
1959,1,348,426,480,611
1959,0,1368,556,1493,713
1959,2,1159,479,1265,621
1960,1,349,426,480,612
1960,0,1369,556,1494,714
1960,2,1159,479,1265,620
1961,1,348,426,480,613
1961,0,1368,557,1494,714
1961,2,1159,479,1265,621
1962,1,348,426,480,613
1962,0,1368,558,1494,714
1962,2,1160,479,1264,621
1963,1,348,426,480,615
1963,0,1368,558,1494,714
1963,2,1160,479,1264,623
1964,1,348,426,480,615
1964,0,1368,557,1494,714
1964,2,1160,479,1264,623
1965,1,348,426,480,615
1965,0,1368,555,1493,714
1965,2,1159,478,1264,623
1966,1,349,427,480,615
1966,0,1367,552,1491,714
1966,2,1159,479,1264,623
1967,1,349,427,480,616
1967,0,1366,552,1490,713
1967,2,1159,479,1263,622
1968,1,349,427,480,616
1968,0,1366,550,1488,712
1968,2,1159,479,1264,622
1969,1,349,428,480,616
1969,0,1365,550,1488,711
1969,2,1159,478,1264,622
1970,1,350,428,480,616
1970,0,1363,549,1486,710
1970,2,1159,478,1264,622
1971,1,351,428,481,617
1971,0,1363,550,1485,711
1971,2,1159,478,1264,621
1972,1,354,428,482,616
1972,0,1363,548,1484,711
1972,2,1159,478,1264,621
1973,1,360,429,485,615
1973,0,1364,548,1483,710
1973,2,1159,478,1265,621
1974,1,366,430,489,616
1974,0,1364,546,1483,709
1974,2,1159,478,1265,621
1975,1,369,431,491,613
1975,0,1364,545,1483,708
1975,2,1160,478,1265,621
1976,0,1364,544,1483,709
1976,1,378,434,496,610
1976,2,1160,478,1266,621
1977,0,1364,545,1483,708
1977,1,381,434,498,609
1977,2,1160,478,1266,621
1978,0,1364,545,1483,708
1978,1,383,433,498,609
1978,2,1161,478,1266,622
1979,0,1364,545,1483,708
1979,1,383,432,499,609
1979,2,1161,478,1267,623
1980,0,1364,545,1484,708
1980,1,383,431,499,610
1980,2,1161,478,1266,623
1981,0,1365,546,1484,709
1981,1,384,431,498,608
1981,2,1160,478,1265,620
1982,0,1365,547,1484,709
1982,1,382,431,498,609
1982,2,1160,478,1264,619
1983,0,1366,548,1484,709
1983,1,382,431,498,608
1983,2,1158,478,1263,617
1984,0,1365,547,1484,709
1984,1,381,431,498,609
1984,2,1158,478,1263,617
1985,0,1365,547,1484,709
1985,1,381,431,497,609
1985,2,1158,479,1262,617
1986,0,1364,547,1484,709
1986,1,380,432,497,608
1986,2,1158,479,1262,617
1987,0,1364,547,1483,708
1987,1,379,432,497,609
1987,2,1159,479,1263,617
1988,0,1363,547,1483,709
1988,1,378,431,497,609
1988,2,1158,479,1263,618
1989,0,1363,547,1482,709
1989,1,379,431,496,609
1989,2,1158,479,1263,618
1990,0,1363,548,1482,709
1990,1,378,431,496,610
1990,2,1158,479,1263,619
1991,0,1362,549,1482,709
1991,1,377,432,496,610
1991,2,1158,479,1263,619
1992,1,377,431,496,610
1992,0,1363,548,1482,709
1992,2,1158,479,1263,619
1993,1,377,431,496,609
1993,0,1363,547,1481,708
1993,2,1158,478,1263,618
1994,1,377,431,495,610
1994,0,1363,548,1481,708
1994,2,1159,478,1263,618
1995,0,1363,548,1481,707
1995,1,377,432,494,609
1995,2,1159,479,1263,618
1996,0,1363,548,1481,707
1996,1,377,432,494,609
1996,2,1160,478,1264,619
1997,0,1363,546,1481,706
1997,1,376,432,494,609
1997,2,1160,478,1264,619
1998,1,376,432,494,609
1998,0,1363,545,1481,706
1998,2,1160,478,1265,619
1999,1,376,432,494,609
1999,0,1364,544,1481,705
1999,2,1160,478,1265,619
2000,0,1364,543,1482,705
2000,1,376,434,494,608
2000,2,1160,479,1265,619
2001,1,375,434,493,608
2001,0,1363,542,1481,705
2001,2,1160,479,1264,619
2002,1,375,434,494,608
2002,0,1363,542,1481,704
2002,2,1160,479,1264,619
2003,1,375,434,494,608
2003,0,1362,541,1480,704
2003,2,1160,479,1264,619
2004,1,375,434,494,607
2004,0,1362,541,1480,703
2004,2,1160,479,1264,619
2005,0,1362,541,1481,703
2005,1,375,434,494,608
2005,2,1160,480,1264,619
2006,0,1362,541,1481,703
2006,1,375,435,493,607
2006,2,1160,480,1264,619
2007,0,1362,541,1481,703
2007,1,375,435,493,608
2007,2,1160,480,1264,619
2008,0,1363,541,1481,704
2008,1,375,435,493,608
2008,2,1160,479,1264,620
2009,0,1362,542,1481,704
2009,1,375,435,493,608
2009,2,1160,481,1263,618
2010,1,375,435,493,609
2010,0,1362,542,1480,704
2010,2,1160,480,1263,618
2011,1,375,435,493,608
2011,0,1363,543,1480,705
2011,2,1159,480,1263,618
2012,1,375,435,493,608
2012,0,1363,544,1480,705
2012,2,1159,481,1263,618
2013,0,1363,544,1482,706
2013,1,374,435,493,608
2013,2,1160,480,1264,619
2014,0,1365,544,1484,707
2014,1,374,435,493,608
2014,2,1160,479,1265,620
2015,0,1366,543,1485,707
2015,1,374,435,493,608
2015,2,1160,479,1265,620
2016,1,372,433,493,607
2016,0,1369,542,1489,709
2016,2,1160,479,1265,620
2017,1,371,433,492,608
2017,0,1369,542,1490,708
2017,2,1160,479,1265,620
2018,0,1370,542,1491,710
2018,1,371,433,492,608
2018,2,1160,479,1266,620
2019,0,1370,541,1491,711
2019,1,371,433,492,608
2019,2,1160,479,1265,620
2020,1,371,433,492,608
2020,0,1370,543,1491,712
2020,2,1160,479,1266,620
2021,1,371,433,492,608
2021,0,1366,539,1487,709
2021,2,1160,479,1265,620
2022,1,371,433,493,607
2022,0,1364,536,1485,702
2022,2,1160,479,1265,620
2023,0,1367,528,1491,698
2023,1,371,433,493,608
2023,2,1161,479,1265,620
2024,0,1369,526,1492,698
2024,1,371,433,493,608
2024,2,1161,479,1265,620
2025,0,1370,526,1493,699
2025,1,370,432,493,608
2025,2,1161,479,1266,620
2026,0,1373,528,1496,700
2026,1,370,433,492,608
2026,2,1161,479,1266,621
2027,0,1374,528,1497,702
2027,1,370,432,492,608
2027,2,1161,479,1266,620
2028,1,370,431,492,609
2028,0,1375,529,1497,702
2028,2,1161,479,1266,620
2029,1,369,431,492,609
2029,0,1375,529,1495,703
2029,2,1161,479,1266,620
2030,1,369,430,493,610
2030,0,1374,527,1495,702
2030,2,1161,480,1266,620
2031,1,368,430,493,610
2031,0,1374,525,1495,700
2031,2,1162,480,1267,620
2032,1,368,430,493,610
2032,0,1372,525,1494,700
2032,2,1162,480,1267,620
2033,1,369,430,493,610
2033,0,1371,527,1494,702
2033,2,1162,480,1267,620
2034,1,369,430,493,610
2034,0,1369,528,1493,703
2034,2,1162,479,1267,620
2035,0,1368,529,1494,704
2035,1,369,430,493,610
2035,2,1162,480,1267,620
2036,1,369,430,493,610
2036,0,1368,530,1492,705
2036,2,1162,479,1267,620
2037,1,369,430,492,610
2037,0,1367,530,1489,705
2037,2,1161,479,1266,620
2038,1,369,431,492,610
2038,0,1368,533,1490,706
2038,2,1161,479,1267,620
2039,1,370,431,492,609
2039,0,1368,532,1490,707
2039,2,1161,479,1266,620
2040,1,370,431,492,611
2040,0,1369,532,1490,707
2040,2,1161,480,1266,620
2041,1,370,430,492,611
2041,0,1370,536,1492,706
2041,2,1161,480,1266,620
2042,1,369,430,492,612
2042,0,1371,536,1493,708
2042,2,1161,480,1266,620
2043,0,1371,535,1495,707
2043,1,369,430,492,612
2043,2,1161,479,1266,620
2044,0,1372,536,1495,706
2044,1,370,430,492,611
2044,2,1161,479,1265,620
2045,0,1372,536,1495,706
2045,1,370,430,492,611
2045,2,1161,479,1266,620
2046,1,369,429,492,612
2046,0,1371,536,1494,706
2046,2,1161,480,1266,620
2047,1,368,429,493,609
2047,0,1371,536,1493,706
2047,2,1161,480,1265,620
2048,1,369,428,492,606
2048,0,1371,536,1492,706
2048,2,1161,479,1265,620
2049,1,368,427,491,606
2049,0,1371,537,1492,707
2049,2,1161,479,1266,620
2050,1,369,427,491,605
2050,0,1371,537,1492,707
2050,2,1161,479,1266,620
2051,0,1371,537,1493,707
2051,1,369,426,490,606
2051,2,1161,479,1266,620
2052,0,1371,538,1493,707
2052,1,368,426,490,607
2052,2,1161,479,1266,620
2053,0,1370,537,1492,707
2053,1,368,426,490,606
2053,2,1161,479,1266,620
2054,1,367,425,490,608
2054,0,1370,537,1491,706
2054,2,1161,480,1265,620
2055,1,367,425,490,606
2055,0,1370,536,1491,707
2055,2,1161,480,1265,620
2056,0,1369,536,1491,707
2056,1,369,425,490,606
2056,2,1161,480,1265,620
2057,0,1370,537,1491,707
2057,1,369,425,490,605
2057,2,1161,480,1265,621
2058,1,368,425,490,606
2058,0,1370,537,1491,708
2058,2,1161,480,1265,620
2059,1,368,425,490,605
2059,0,1369,536,1491,708
2059,2,1161,481,1265,620
2060,0,1369,536,1493,709
2060,1,368,424,490,605
2060,2,1161,480,1265,621
2061,0,1370,539,1492,709
2061,1,369,424,491,606
2061,2,1161,480,1266,621
2062,0,1370,540,1493,709
2062,1,369,424,490,606
2062,2,1161,480,1266,621
2063,0,1371,540,1494,710
2063,1,368,424,490,606
2063,2,1161,480,1266,621
2064,0,1371,540,1494,711
2064,1,367,424,490,606
2064,2,1161,480,1266,621
2065,0,1371,541,1495,711
2065,1,368,425,490,607
2065,2,1162,480,1266,621
2066,0,1371,541,1494,711
2066,1,368,425,490,608
2066,2,1161,480,1267,621
2067,0,1371,540,1495,712
2067,1,368,425,490,607
2067,2,1161,480,1267,621
2068,0,1371,540,1495,711
2068,1,368,425,490,608
2068,2,1161,480,1267,621
2069,0,1371,540,1494,711
2069,1,368,425,490,608
2069,2,1161,480,1267,621
2070,0,1371,540,1494,712
2070,1,367,425,490,608
2070,2,1161,480,1267,621
2071,1,366,425,490,610
2071,0,1371,540,1494,712
2071,2,1161,479,1267,621
2072,0,1371,541,1494,712
2072,1,367,425,489,609
2072,2,1161,480,1267,621
2073,0,1371,541,1494,712
2073,1,367,424,490,608
2073,2,1161,480,1267,621
2074,1,366,424,490,609
2074,0,1372,540,1495,712
2074,2,1161,480,1266,621
2075,0,1372,540,1495,712
2075,1,366,423,489,608
2075,2,1160,480,1266,621
2076,1,366,425,489,607
2076,0,1373,539,1495,710
2076,2,1160,480,1265,622
2077,1,366,425,489,607
2077,0,1373,540,1495,710
2077,2,1159,480,1264,622
2078,1,366,425,490,607
2078,0,1373,538,1494,710
2078,2,1159,480,1263,621
2079,1,366,424,490,606
2079,0,1373,538,1495,710
2079,2,1159,482,1262,620
2080,1,366,424,490,608
2080,0,1373,538,1494,710
2080,2,1157,481,1263,620
2081,1,366,422,490,607
2081,0,1372,537,1495,709
2081,2,1157,481,1261,620
2082,0,1372,536,1495,710
2082,1,367,423,489,609
2082,2,1156,481,1260,620
2083,0,1372,535,1495,710
2083,1,367,424,489,608
2083,2,1155,481,1259,620
2084,0,1371,536,1495,710
2084,1,366,425,489,608
2084,2,1155,481,1259,620
2085,0,1371,535,1495,710
2085,1,366,425,489,609
2085,2,1155,481,1259,620
2086,0,1371,536,1495,709
2086,1,366,425,489,609
2086,2,1155,481,1259,620
2087,0,1371,537,1494,709
2087,1,366,425,489,609
2087,2,1155,481,1259,620
2088,1,366,425,489,609
2088,0,1371,538,1494,710
2088,2,1155,481,1259,620
2089,1,366,425,489,609
2089,0,1371,537,1493,710
2089,2,1155,481,1259,620
2090,1,366,425,489,609
2090,0,1371,537,1494,709
2090,2,1155,481,1259,620
2091,1,365,426,489,609
2091,0,1370,538,1493,710
2091,2,1155,481,1260,620
2092,1,366,426,489,609
2092,0,1371,539,1493,710
2092,2,1155,481,1260,620
2093,0,1370,539,1494,710
2093,1,366,426,489,608
2093,2,1155,481,1260,620
2094,1,366,425,489,610
2094,0,1370,540,1493,710
2094,2,1155,481,1260,620
2095,0,1370,538,1493,711
2095,1,367,425,489,610
2095,2,1155,480,1260,620
2096,0,1370,540,1494,711
2096,1,367,427,489,606
2096,2,1155,481,1260,620
2097,0,1370,540,1494,710
2097,1,368,427,490,605
2097,2,1155,481,1260,620
2098,0,1370,540,1494,711
2098,1,367,427,489,606
2098,2,1155,481,1260,620
2099,0,1370,540,1493,711
2099,1,367,427,489,607
2099,2,1155,481,1260,620
2100,0,1370,541,1492,711
2100,1,368,426,489,608
2100,2,1155,481,1260,620
2101,0,1369,541,1491,711
2101,1,370,426,490,608
2101,2,1155,481,1260,620
2102,0,1368,540,1490,711
2102,1,371,425,491,608
2102,2,1156,481,1260,620
2103,0,1367,540,1490,710
2103,1,375,426,493,606
2103,2,1155,481,1260,620
2104,0,1366,543,1487,709
2104,1,377,425,494,607
2104,2,1156,481,1260,620
2105,0,1365,543,1487,709
2105,1,378,425,496,607
2105,2,1156,480,1260,620
2106,0,1364,542,1487,709
2106,1,381,425,498,607
2106,2,1156,481,1260,620
2107,0,1364,542,1487,709
2107,1,381,424,498,606
2107,2,1156,481,1260,620
2108,0,1363,543,1486,708
2108,1,381,424,498,605
2108,2,1156,481,1260,620
2109,0,1363,543,1485,708
2109,1,381,424,498,605
2109,2,1156,481,1260,620
2110,0,1363,544,1485,708
2110,1,381,424,498,605
2110,2,1156,481,1260,620
2111,0,1362,546,1485,708
2111,1,380,424,498,605
2111,2,1156,482,1260,620
2112,0,1362,546,1484,708
2112,1,380,423,497,605
2112,2,1156,482,1260,620
2113,0,1362,546,1482,707
2113,1,379,424,496,605
2113,2,1156,481,1260,620
2114,0,1361,547,1481,707
2114,1,378,424,496,605
2114,2,1156,482,1261,620
2115,0,1361,545,1481,708
2115,1,377,424,495,605
2115,2,1156,481,1261,620
2116,0,1361,545,1482,708
2116,1,376,424,494,605
2116,2,1156,481,1261,620
2117,0,1361,544,1480,709
2117,1,375,424,493,605
2117,2,1156,481,1261,620
2118,1,375,424,493,605
2118,0,1361,546,1479,708
2118,2,1156,481,1261,620
2119,1,375,425,494,603
2119,0,1361,546,1479,708
2119,2,1156,482,1261,620
2120,1,375,425,494,604
2120,0,1361,546,1478,708
2120,2,1156,482,1261,620
2121,1,374,426,494,604
2121,0,1360,546,1478,707
2121,2,1156,481,1261,620
2122,1,375,426,494,604
2122,0,1360,545,1477,706
2122,2,1156,481,1261,620
2123,1,374,427,494,604
2123,0,1360,544,1479,706
2123,2,1156,481,1261,620
2124,1,374,428,494,603
2124,0,1360,543,1479,705
2124,2,1156,481,1261,620
2125,1,373,427,494,603
2125,0,1360,543,1478,706
2125,2,1156,481,1261,620
2126,1,373,427,494,603
2126,0,1359,543,1476,706
2126,2,1157,482,1261,620
2127,1,373,427,494,603
2127,0,1358,540,1474,706
2127,2,1157,483,1261,620
2128,1,373,427,494,604
2128,0,1355,538,1467,702
2128,2,1158,485,1260,621
2129,1,373,426,494,603
2129,0,1352,533,1463,700
2129,2,1158,486,1260,622
2130,1,373,426,493,603
2130,2,1158,487,1260,623
2130,0,1349,531,1450,695
2131,1,373,426,493,602
2131,2,1158,488,1261,625
2131,0,1347,532,1442,691
2132,1,373,426,493,603
2132,2,1158,488,1261,625
2132,0,1346,528,1440,689
2133,1,373,426,493,602
2133,2,1158,488,1262,626
2133,0,1345,529,1439,687
2134,1,374,426,493,602
2134,2,1157,488,1261,625
2134,0,1345,535,1443,693
2135,1,373,426,493,602
2135,2,1157,488,1262,625
2135,0,1344,537,1441,688
2136,1,374,425,493,604
2136,2,1157,488,1261,624
2136,0,1343,533,1439,688
2137,1,375,425,494,605
2137,2,1157,487,1261,624
2137,0,1342,537,1440,690
2138,1,378,424,497,605
2138,2,1157,487,1262,625
2138,0,1341,537,1438,691
2139,1,377,424,498,604
2139,2,1157,488,1263,626
2139,0,1341,539,1436,690
2140,1,379,425,498,601
2140,2,1157,488,1264,627
2140,0,1341,541,1435,691
2141,1,379,424,498,602
2141,2,1157,488,1264,628
2141,0,1340,541,1433,692
2142,1,379,424,498,601
2142,2,1156,488,1264,628
2142,0,1340,542,1433,693
2143,1,379,424,497,601
2143,2,1157,490,1264,629
2143,0,1340,542,1433,692
2144,1,378,424,497,602
2144,2,1156,492,1264,629
2144,0,1340,542,1433,692
2145,1,378,424,497,603
2145,2,1157,493,1263,630
2145,0,1340,542,1433,693
2146,1,377,423,496,602
2146,2,1157,493,1263,630
2146,0,1341,543,1434,694
2147,1,377,424,496,600
2147,2,1157,493,1263,629
2147,0,1341,542,1435,693
2148,1,376,424,495,600
2148,2,1157,493,1263,630
2148,0,1341,540,1436,693
2149,1,376,423,496,601
2149,2,1157,492,1263,629
2149,0,1341,540,1438,695
2150,1,377,422,496,601
2150,2,1157,491,1263,628
2150,0,1340,537,1442,694
2151,1,377,422,497,603
2151,2,1157,489,1263,627
2151,0,1337,534,1439,692
2152,1,377,422,497,605
2152,0,1338,533,1443,694
2152,2,1158,489,1262,627
2153,1,377,422,496,604
2153,0,1342,533,1455,702
2153,2,1158,488,1262,626
2154,1,377,422,496,604
2154,0,1346,534,1462,703
2154,2,1157,486,1262,625
2155,1,377,423,496,604
2155,0,1350,536,1469,703
2155,2,1158,486,1261,623
2156,0,1354,535,1474,705
2156,1,377,423,496,603
2156,2,1158,486,1261,622
2157,0,1357,535,1479,705
2157,1,376,422,494,604
2157,2,1158,484,1262,622
2158,0,1360,535,1482,706
2158,1,371,422,492,605
2158,2,1159,484,1262,622
2159,0,1361,536,1485,706
2159,1,369,423,489,604
2159,2,1159,484,1261,622
2160,0,1361,537,1485,707
2160,1,362,423,485,603
2160,2,1159,485,1261,622
2161,1,355,423,480,606
2161,0,1362,536,1485,707
2161,2,1159,484,1261,622
2162,1,352,424,479,605
2162,0,1362,538,1485,707
2162,2,1159,485,1261,622
2163,1,347,423,476,606
2163,0,1362,538,1486,708
2163,2,1159,485,1261,622
2164,1,347,423,476,606
2164,0,1363,538,1487,708
2164,2,1159,485,1261,622
2165,1,346,423,475,605
2165,0,1365,537,1490,709
2165,2,1159,485,1261,623
2166,1,343,423,474,605
2166,0,1367,538,1490,710
2166,2,1158,484,1261,624
2167,1,343,422,473,604
2167,0,1367,540,1491,710
2167,2,1159,484,1262,626
2168,1,343,422,471,604
2168,0,1368,543,1492,711
2168,2,1159,485,1262,626
2169,1,343,421,472,601
2169,0,1369,544,1493,711
2169,2,1159,485,1262,626
2170,1,349,422,474,601
2170,0,1370,546,1494,711
2170,2,1159,485,1262,626
2171,0,1371,546,1494,712
2171,1,355,423,477,600
2171,2,1159,485,1262,624
2172,0,1372,546,1496,712
2172,1,358,422,480,596
2172,2,1159,485,1262,624
2173,0,1373,547,1496,713
2173,1,368,421,486,597
2173,2,1159,485,1262,623
2174,0,1373,547,1497,713
2174,1,371,420,490,601
2174,2,1159,485,1262,623
2175,0,1374,546,1497,713
2175,1,375,422,492,598
2175,2,1159,485,1262,623
2176,0,1374,545,1496,713
2176,1,377,422,493,597
2176,2,1159,485,1262,623
2177,0,1374,545,1497,713
2177,1,380,422,493,596
2177,2,1159,485,1262,623
2178,0,1374,545,1497,713
2178,1,379,422,493,598
2178,2,1159,485,1262,622
2179,0,1374,545,1498,713
2179,1,379,423,493,598
2179,2,1159,486,1262,621
2180,0,1374,545,1498,714
2180,1,379,422,493,599
2180,2,1159,486,1262,621
2181,0,1374,546,1498,714
2181,1,377,422,492,602
2181,2,1159,486,1262,621
2182,0,1374,544,1498,713
2182,1,376,423,492,601
2182,2,1159,485,1263,621
2183,0,1374,544,1499,713
2183,1,374,423,491,601
2183,2,1159,485,1263,621
2184,0,1374,545,1499,713
2184,1,373,423,490,603
2184,2,1160,486,1263,622
2185,0,1375,546,1499,713
2185,1,373,423,490,602
2185,2,1160,486,1263,622
2186,0,1375,545,1500,713
2186,1,371,423,490,603
2186,2,1160,485,1263,621
2187,0,1375,546,1499,713
2187,1,372,423,490,603
2187,2,1160,485,1263,622
2188,0,1375,546,1500,713
2188,1,372,424,490,603
2188,2,1159,485,1263,622
2189,0,1376,546,1500,713
2189,1,372,424,490,602
2189,2,1159,485,1263,621
2190,0,1377,547,1500,713
2190,1,372,424,490,602
2190,2,1159,485,1263,622
2191,0,1377,549,1501,713
2191,1,371,424,490,602
2191,2,1159,485,1263,622
2192,0,1378,547,1502,713
2192,1,372,424,489,602
2192,2,1159,485,1263,622
2193,0,1379,547,1504,713
2193,1,372,424,489,601
2193,2,1159,485,1263,622
2194,0,1379,550,1505,714
2194,1,372,424,489,601
2194,2,1159,485,1263,623
2195,0,1379,551,1506,714
2195,1,372,424,488,601
2195,2,1159,486,1262,623
2196,0,1380,553,1506,713
2196,1,371,424,488,599
2196,2,1159,485,1263,623
2197,0,1379,551,1507,713
2197,1,370,424,488,599
2197,2,1159,485,1263,624
2198,0,1380,550,1506,712
2198,1,369,424,488,600
2198,2,1159,486,1263,624
2199,0,1380,549,1506,712
2199,1,369,424,488,600
2199,2,1159,486,1263,623
2200,0,1380,550,1507,711
2200,1,369,424,487,601
2200,2,1159,486,1263,623
2201,0,1380,549,1508,712
2201,1,369,424,487,601
2201,2,1159,486,1263,623
2202,0,1380,550,1508,712
2202,1,367,423,488,601
2202,2,1159,486,1263,623
2203,0,1379,552,1508,712
2203,1,367,424,488,604
2203,2,1159,487,1262,623
2204,0,1379,554,1507,712
2204,1,367,425,488,604
2204,2,1159,486,1262,623
2205,0,1377,553,1504,712
2205,1,368,425,488,604
2205,2,1159,487,1262,622
2206,0,1376,554,1503,711
2206,1,369,426,488,603
2206,2,1159,487,1262,622
2207,0,1375,554,1503,710
2207,1,370,426,489,603
2207,2,1159,487,1262,622
2208,0,1375,554,1502,709
2208,1,371,427,489,602
2208,2,1159,487,1262,624
2209,0,1375,554,1502,710
2209,1,372,427,489,601
2209,2,1159,487,1263,626
2210,0,1375,555,1503,709
2210,1,372,427,489,602
2210,2,1159,486,1263,626
2211,0,1376,554,1503,708
2211,1,372,427,489,601
2211,2,1159,487,1263,626
2212,0,1376,554,1503,707
2212,1,372,427,489,602
2212,2,1159,486,1263,626
2213,0,1376,551,1502,707
2213,1,372,427,489,601
2213,2,1159,486,1263,626
2214,0,1376,550,1502,706
2214,1,372,427,489,601
2214,2,1159,486,1263,626
2215,0,1376,549,1501,705
2215,1,372,427,489,601
2215,2,1159,486,1263,626
2216,0,1375,548,1501,704
2216,1,372,426,489,602
2216,2,1159,486,1263,625
2217,0,1375,548,1500,704
2217,1,372,426,489,602
2217,2,1160,486,1263,625
2218,0,1374,546,1499,704
2218,1,371,426,489,603
2218,2,1160,486,1263,626
2219,0,1374,545,1497,703
2219,1,372,425,489,603
2219,2,1160,485,1263,627
2220,0,1374,545,1496,703
2220,1,372,425,489,603
2220,2,1160,485,1263,627
2221,0,1374,545,1496,703
2221,1,372,426,490,603
2221,2,1160,486,1263,627
2222,0,1374,545,1496,703
2222,1,373,425,491,603
2222,2,1160,486,1263,626
2223,0,1374,545,1496,703
2223,1,373,425,491,603
2223,2,1159,486,1263,625
2224,0,1374,545,1495,703
2224,1,373,425,491,603
2224,2,1160,486,1263,625
2225,0,1374,545,1495,704
2225,1,372,425,491,602
2225,2,1160,486,1263,625
2226,0,1374,546,1498,703
2226,1,372,425,491,602
2226,2,1160,486,1263,624
2227,0,1373,545,1498,703
2227,1,372,425,491,603
2227,2,1159,486,1263,624
2228,0,1374,546,1501,702
2228,1,373,426,491,603
2228,2,1159,486,1263,624
2229,0,1375,544,1504,702
2229,1,373,426,490,602
2229,2,1159,486,1263,624
2230,0,1376,546,1504,703
2230,1,371,427,490,604
2230,2,1159,486,1263,624
2231,0,1376,545,1506,703
2231,1,367,427,487,605
2231,2,1159,486,1263,624
2232,0,1376,545,1506,704
2232,1,365,427,485,605
2232,2,1159,486,1264,625
2233,0,1376,543,1505,704
2233,1,360,427,482,606
2233,2,1159,486,1264,625
2234,0,1376,545,1505,704
2234,1,355,427,479,610
2234,2,1159,487,1263,625
2235,0,1376,544,1505,704
2235,1,352,428,477,610
2235,2,1159,487,1263,625
2236,1,345,428,475,611
2236,0,1376,545,1505,705
2236,2,1159,487,1263,625
2237,1,341,428,473,611
2237,0,1376,545,1505,705
2237,2,1159,487,1264,625
2238,1,338,429,472,612
2238,0,1375,547,1503,705
2238,2,1159,487,1264,625
2239,1,338,429,472,611
2239,0,1374,547,1502,705
2239,2,1159,487,1264,625
2240,1,339,428,472,611
2240,0,1373,547,1501,706
2240,2,1159,486,1264,625
2241,1,340,427,472,612
2241,0,1373,546,1500,707
2241,2,1159,487,1264,626
2242,1,337,426,471,613
2242,0,1372,546,1500,707
2242,2,1159,487,1263,625
2243,1,331,425,469,615
2243,0,1372,545,1499,707
2243,2,1159,487,1264,626
2244,1,330,425,467,612
2244,0,1372,545,1499,706
2244,2,1159,487,1264,626
2245,1,325,425,465,614
2245,0,1372,544,1499,706
2245,2,1159,487,1264,626
2246,1,321,426,460,615
2246,0,1372,544,1500,703
2246,2,1159,487,1263,626
2247,1,317,425,458,615
2247,0,1372,544,1500,703
2247,2,1159,487,1263,626
2248,1,314,426,456,616
2248,0,1373,543,1499,702
2248,2,1159,487,1263,626
2249,1,313,425,455,615
2249,0,1373,541,1499,700
2249,2,1159,487,1264,626
2250,1,312,432,456,614
2250,0,1373,540,1499,701
2250,2,1159,487,1263,626
2251,1,312,433,456,615
2251,0,1373,537,1499,699
2251,2,1159,488,1263,626
2252,1,313,433,456,615
2252,0,1373,536,1499,698
2252,2,1159,488,1263,627
2253,1,313,432,456,615
2253,0,1373,534,1498,698
2253,2,1159,488,1263,627
2254,1,313,433,457,615
2254,0,1373,534,1499,698
2254,2,1159,488,1263,627
2255,1,313,432,456,615
2255,0,1373,533,1499,698
2255,2,1159,488,1263,627
2256,1,313,432,456,614
2256,0,1373,533,1499,697
2256,2,1159,488,1263,627
2257,1,312,432,456,614
2257,0,1373,533,1499,697
2257,2,1159,488,1263,627
2258,1,312,432,456,614
2258,0,1373,533,1499,697
2258,2,1159,489,1263,627
2259,1,312,432,456,614
2259,0,1373,532,1499,698
2259,2,1159,488,1263,627
2260,1,312,432,456,614
2260,0,1372,530,1500,699
2260,2,1159,489,1263,627
2261,1,312,433,455,615
2261,0,1375,527,1503,700
2261,2,1159,489,1263,627
2262,1,311,433,455,615
2262,0,1378,525,1509,697
2262,2,1160,488,1263,627
2263,1,310,433,455,616
2263,0,1383,523,1512,692
2263,2,1159,488,1264,627
2264,1,310,433,455,616
2264,0,1385,522,1517,690
2264,2,1160,488,1263,627
2265,1,310,433,455,616
2265,0,1388,520,1521,690
2265,2,1159,487,1264,626
2266,1,311,433,455,615
2266,0,1391,520,1529,691
2266,2,1160,487,1264,626
2267,1,310,434,455,615
2267,0,1396,517,1536,693
2267,2,1160,487,1264,626
2268,0,1405,519,1550,694
2268,1,310,434,455,616
2268,2,1160,488,1264,626
2269,0,1411,521,1559,698
2269,1,309,435,454,618
2269,2,1160,488,1264,627
2270,0,1417,523,1566,700
2270,1,310,437,455,618
2270,2,1160,488,1263,627
2271,0,1425,533,1574,706
2271,1,309,438,455,620
2271,2,1159,487,1264,627
2272,0,1429,537,1578,709
2272,1,308,438,455,620
2272,2,1159,488,1264,627
2273,0,1435,544,1584,718
2273,1,308,438,455,620
2273,2,1159,488,1264,627
2274,0,1439,547,1590,722
2274,1,308,438,455,620
2274,2,1159,488,1264,627
2275,0,1446,552,1597,725
2275,1,308,435,454,620
2275,2,1159,489,1264,627
2276,0,1455,561,1608,732
2276,1,309,435,454,620
2276,2,1159,489,1264,628
2277,0,1465,564,1618,736
2277,1,309,435,454,620
2277,2,1159,489,1264,628
2278,0,1477,566,1634,744
2278,1,309,435,454,620
2278,2,1159,490,1264,628
2279,0,1486,566,1643,749
2279,1,309,435,454,620
2279,2,1159,489,1264,628
2280,0,1494,570,1650,752
2280,1,309,434,454,619
2280,2,1159,490,1264,628
2281,0,1501,578,1661,759
2281,1,310,434,454,619
2281,2,1159,490,1264,628
2282,0,1506,582,1667,764
2282,1,310,433,454,619
2282,2,1160,491,1264,628
2283,0,1515,584,1678,773
2283,1,310,433,454,619
2283,2,1160,491,1263,628
2284,0,1520,587,1684,776
2284,1,310,432,454,619
2284,2,1161,492,1263,628
2285,0,1523,595,1690,784
2285,1,310,433,454,619
2285,2,1161,492,1264,628
2286,0,1528,604,1698,796
2286,1,310,433,454,618
2286,2,1161,492,1263,628
2287,0,1530,610,1704,804
2287,1,310,433,454,618
2287,2,1161,492,1263,629
2288,0,1534,621,1712,819
2288,1,310,434,454,619
2288,2,1160,492,1263,629
2289,0,1537,632,1717,827
2289,1,310,435,454,619
2289,2,1161,492,1263,629
2290,0,1542,646,1722,836
2290,1,310,435,454,619
2290,2,1161,493,1263,629
2291,0,1548,664,1733,850
2291,1,311,435,455,619
2291,2,1160,492,1263,629
2292,0,1553,672,1743,858
2292,1,311,435,455,619
2292,2,1160,492,1263,629
2293,0,1558,683,1752,870
2293,1,312,436,455,618
2293,2,1160,492,1263,629
2294,0,1562,690,1760,874
2294,1,312,437,455,618
2294,2,1160,491,1263,629
2295,0,1566,694,1764,882
2295,1,312,436,456,619
2295,2,1160,492,1263,629
2296,0,1570,706,1770,893
2296,1,313,436,456,619
2296,2,1160,491,1264,629
2297,0,1571,710,1777,899
2297,1,313,436,456,618
2297,2,1161,491,1264,629
2298,0,1576,717,1788,909
2298,1,313,437,456,620
2298,2,1161,491,1263,629
2299,0,1578,722,1791,915
2299,1,313,437,457,621
2299,2,1161,491,1263,629
2300,0,1582,730,1797,920
2300,1,314,433,457,621
2300,2,1161,491,1263,628
2301,0,1589,739,1803,923
2301,1,314,433,457,622
2301,2,1161,490,1263,629
2302,0,1591,746,1808,926
2302,1,313,433,457,622
2302,2,1161,490,1263,629
2303,0,1595,746,1813,925
2303,1,313,433,457,622
2303,2,1161,490,1263,629
2304,0,1596,740,1816,922
2304,1,314,433,457,622
2304,2,1161,491,1263,629
2305,0,1597,732,1817,916
2305,1,313,433,457,622
2305,2,1161,491,1264,629
2306,0,1597,714,1818,907
2306,1,310,430,455,621
2306,2,1160,491,1263,629
2307,0,1596,702,1808,895
2307,1,309,428,453,620
2307,2,1161,491,1264,629
2308,0,1591,678,1799,878
2308,1,306,425,449,617
2308,2,1161,492,1263,629
2309,0,1587,664,1791,862
2309,1,301,423,444,613
2309,2,1161,492,1263,629
2310,0,1581,647,1784,850
2310,1,300,421,440,608
2310,2,1161,492,1263,629
2311,0,1576,631,1775,836
2311,1,293,415,434,600
2311,2,1161,492,1263,629
2312,0,1574,624,1770,827
2312,1,289,409,429,593
2312,2,1161,492,1263,629
2313,0,1573,622,1766,824
2313,1,281,403,420,587
2313,2,1160,493,1263,629
2314,0,1573,619,1766,824
2314,1,275,398,415,583
2314,2,1160,493,1263,629
2315,0,1573,619,1766,824
2315,1,269,396,410,579
2315,2,1160,493,1263,629
2316,0,1574,622,1767,824
2316,1,264,391,403,574
2316,2,1161,492,1263,630
2317,0,1575,623,1769,825
2317,1,258,389,397,569
2317,2,1161,492,1263,630
2318,0,1576,624,1771,826
2318,1,255,386,393,566
2318,2,1161,492,1263,633
2319,0,1576,624,1773,826
2319,1,255,385,393,565
2319,2,1161,492,1264,634
2320,0,1576,623,1773,827
2320,1,256,386,393,566
2320,2,1161,492,1264,634
2321,0,1579,627,1777,830
2321,1,261,390,395,564
2321,2,1161,492,1264,634
2322,0,1581,625,1779,830
2322,1,265,393,397,565
2322,2,1160,492,1264,633
2323,0,1584,624,1783,826
2323,1,270,395,400,564
2323,2,1160,491,1263,632
2324,0,1583,619,1784,824
2324,1,274,394,401,564
2324,2,1160,492,1263,632
2325,0,1581,614,1782,818
2325,1,275,394,402,564
2325,2,1160,492,1263,631
2326,0,1576,604,1775,810
2326,1,277,393,403,562
2326,2,1161,492,1263,631
2327,0,1573,600,1771,804
2327,1,278,391,404,560
2327,2,1161,492,1263,631
2328,0,1571,593,1767,800
2328,1,278,389,404,560
2328,2,1161,493,1263,630
2329,0,1570,591,1766,800
2329,1,279,387,404,559
2329,2,1161,493,1263,630
2330,0,1570,590,1766,800
2330,1,278,386,404,560
2330,2,1161,493,1263,630
2331,0,1571,589,1766,800
2331,1,277,385,404,559
2331,2,1161,492,1263,630
2332,0,1572,590,1767,800
2332,1,277,384,404,559
2332,2,1161,492,1263,630
2333,0,1574,587,1768,800
2333,1,278,383,404,559
2333,2,1161,492,1263,630
2334,0,1577,586,1770,796
2334,1,278,382,404,558
2334,2,1161,493,1263,630
2335,0,1580,585,1772,793
2335,1,279,382,404,557
2335,2,1161,493,1263,630
2336,0,1583,583,1773,789
2336,1,282,382,406,557
2336,2,1161,492,1263,630
2337,0,1584,581,1774,784
2337,1,284,381,408,557
2337,2,1161,493,1263,630
2338,0,1586,574,1776,777
2338,1,284,380,412,557
2338,2,1160,493,1263,630
2339,0,1587,571,1777,776
2339,1,288,380,415,557
2339,2,1160,494,1263,630
2340,0,1588,567,1778,773
2340,1,288,379,417,555
2340,2,1161,493,1263,630
2341,0,1589,562,1781,770
2341,1,293,381,418,554
2341,2,1160,493,1263,630
2342,0,1591,559,1783,768
2342,1,293,382,419,557
2342,2,1160,493,1263,630
2343,0,1591,554,1781,764
2343,1,296,385,421,559
2343,2,1160,493,1263,630
2344,0,1588,547,1775,760
2344,1,298,387,422,560
2344,2,1160,493,1263,631
2345,0,1582,543,1765,751
2345,1,299,388,423,559
2345,2,1161,493,1263,631
2346,0,1567,534,1739,739
2346,1,301,388,424,560
2346,2,1161,493,1263,631
2347,0,1552,528,1722,731
2347,1,302,387,424,560
2347,2,1161,494,1263,631
2348,0,1535,524,1695,724
2348,1,302,388,423,560
2348,2,1161,492,1263,631
2349,0,1527,523,1682,721
2349,1,301,388,423,560
2349,2,1161,493,1263,631
2350,0,1516,524,1659,717
2350,1,301,386,423,560
2350,2,1161,493,1263,631
2351,0,1505,525,1639,715
2351,1,299,385,422,560
2351,2,1161,492,1263,631
2352,0,1499,530,1630,713
2352,1,298,384,422,561
2352,2,1161,492,1263,631
2353,0,1494,529,1625,709
2353,1,298,384,422,560
2353,2,1161,492,1263,631
2354,0,1492,526,1625,706
2354,1,296,384,422,560
2354,2,1161,492,1263,631
2355,0,1491,523,1624,704
2355,1,296,382,422,560
2355,2,1161,492,1263,631
2356,0,1488,517,1623,698
2356,1,296,383,421,561
2356,2,1161,492,1263,631
2357,0,1487,513,1620,692
2357,1,295,382,420,563
2357,2,1161,492,1263,631
2358,0,1484,507,1617,688
2358,1,289,380,419,566
2358,2,1161,493,1263,631
2359,0,1481,506,1616,686
2359,1,288,381,418,564
2359,2,1161,493,1264,631
2360,0,1478,502,1612,684
2360,1,286,382,416,558
2360,2,1161,493,1263,631
2361,0,1474,497,1605,677
2361,1,283,380,411,562
2361,2,1161,492,1264,631
2362,0,1471,493,1602,672
2362,1,283,380,408,555
2362,2,1162,491,1265,631
2363,1,274,379,404,567
2363,0,1463,487,1592,667
2363,2,1162,491,1265,630
2364,1,270,379,401,566
2364,0,1456,489,1584,665
2364,2,1162,491,1265,631
2365,1,268,381,399,569
2365,0,1450,488,1576,662
2365,2,1162,492,1265,631
2366,1,262,384,395,572
2366,0,1442,487,1567,663
2366,2,1161,492,1264,632
2367,1,262,386,394,572
2367,0,1439,488,1564,666
2367,2,1161,492,1263,632
2368,1,261,387,394,571
2368,0,1433,493,1556,665
2368,2,1161,492,1263,631
2369,1,261,386,394,571
2369,0,1429,499,1552,666
2369,2,1161,492,1262,631
2370,1,260,385,394,570
2370,0,1426,497,1551,666
2370,2,1161,492,1263,631
2371,1,260,385,394,570
2371,0,1422,497,1546,666
2371,2,1161,492,1263,632
2372,1,260,386,394,571
2372,0,1421,498,1545,665
2372,2,1161,492,1263,631
2373,1,260,386,394,570
2373,0,1421,498,1544,666
2373,2,1161,492,1263,631
2374,1,260,387,394,569
2374,0,1421,499,1544,666
2374,2,1160,492,1263,631
2375,1,261,389,394,570
2375,0,1422,498,1546,667
2375,2,1160,492,1263,631
2376,1,262,391,395,570
2376,0,1423,497,1547,668
2376,2,1161,492,1263,631
2377,1,263,392,396,569
2377,0,1423,497,1550,667
2377,2,1161,492,1263,630
2378,1,263,394,396,568
2378,0,1424,498,1551,671
2378,2,1160,492,1263,630
2379,1,263,394,397,569
2379,0,1424,499,1553,674
2379,2,1161,490,1264,630
2380,1,263,395,398,570
2380,0,1425,501,1555,675
2380,2,1161,491,1264,629
2381,1,264,395,398,573
2381,0,1430,501,1563,678
2381,2,1161,491,1266,630
2382,0,1434,504,1568,677
2382,1,264,394,397,572
2382,2,1161,489,1266,629
2383,1,265,394,398,572
2383,0,1445,505,1576,679
2383,2,1160,492,1262,628
2384,0,1447,506,1581,678
2384,1,266,395,398,574
2384,2,1161,493,1261,629
2385,0,1449,507,1583,678
2385,1,266,395,398,575
2385,2,1160,492,1262,628
2386,0,1449,511,1583,682
2386,1,266,397,399,577
2386,2,1160,491,1264,630
2387,0,1448,515,1585,685
2387,1,266,397,400,579
2387,2,1160,490,1263,629
2388,0,1449,516,1588,687
2388,1,266,398,401,578
2388,2,1160,490,1264,629
2389,0,1452,516,1590,686
2389,1,265,398,401,579
2389,2,1160,492,1263,627
2390,0,1452,515,1590,685
2390,1,266,397,401,579
2390,2,1161,493,1263,626
2391,0,1452,514,1590,685
2391,1,266,397,401,582
2391,2,1161,493,1263,627
2392,0,1448,514,1588,687
2392,1,266,398,402,583
2392,2,1160,492,1263,627
2393,0,1441,513,1579,687
2393,1,267,397,402,584
2393,2,1161,492,1263,626
2394,0,1436,514,1577,686
2394,1,267,397,403,583
2394,2,1161,490,1262,626
2395,0,1434,507,1575,684
2395,1,266,398,403,583
2395,2,1161,490,1263,627
2396,0,1435,506,1575,679
2396,1,268,398,403,582
2396,2,1160,492,1262,625
2397,0,1435,506,1574,678
2397,1,269,399,404,583
2397,2,1160,492,1262,625
2398,0,1433,506,1572,680
2398,1,270,400,406,585
2398,2,1159,490,1262,625
2399,0,1429,508,1569,682
2399,1,271,401,406,586
2399,2,1158,489,1262,624
2400,0,1427,511,1566,684
2400,1,272,402,407,586
2400,2,1157,490,1259,623
2401,0,1426,508,1563,679
2401,1,273,403,408,587
2401,2,1155,490,1257,622
2402,0,1428,503,1566,676
2402,1,273,403,409,590
2402,2,1154,490,1257,622
2403,0,1434,498,1573,673
2403,1,273,403,408,590
2403,2,1154,491,1255,622
2404,0,1439,496,1576,672
2404,1,273,402,408,588
2404,2,1154,490,1255,622
2405,0,1441,497,1578,673
2405,1,271,401,408,589
2405,2,1153,489,1258,622
2406,0,1440,496,1580,675
2406,1,272,396,407,581
2406,2,1153,489,1257,622
2407,0,1438,498,1579,675
2407,1,273,395,406,566
2407,2,1153,489,1257,622
2408,0,1439,497,1580,671
2408,1,270,392,405,574
2408,2,1153,489,1259,623
2409,0,1443,493,1585,668
2409,1,268,388,404,575
2409,2,1155,489,1258,622
2410,0,1448,491,1587,668
2410,1,268,385,403,571
2410,2,1156,490,1260,622
2411,0,1452,489,1591,669
2411,1,267,382,403,566
2411,2,1159,490,1260,623
2412,0,1452,490,1592,670
2412,1,267,381,402,560
2412,2,1160,491,1262,624
2413,0,1451,494,1591,671
2413,1,265,377,401,560
2413,2,1162,490,1264,625
2414,0,1453,494,1591,672
2414,1,266,378,401,560
2414,2,1163,490,1268,626
2415,0,1454,492,1592,671
2415,1,266,378,401,557
2415,2,1163,489,1268,626
2416,0,1460,491,1597,669
2416,1,267,378,401,556
2416,2,1163,492,1268,623
2417,0,1465,491,1602,667
2417,1,267,378,401,555
2417,2,1163,492,1269,626
2418,0,1467,487,1606,668
2418,1,267,378,401,555
2418,2,1163,491,1266,625
2419,0,1466,489,1603,669
2419,1,267,379,401,554
2419,2,1163,491,1266,625
2420,0,1463,487,1604,670
2420,1,267,379,401,555
2420,2,1163,490,1267,626
2421,0,1462,488,1602,669
2421,1,268,380,402,556
2421,2,1162,489,1265,624
2422,0,1465,489,1603,668
2422,1,269,379,402,556
2422,2,1162,489,1267,626
2423,0,1467,485,1607,667
2423,1,270,380,403,556
2423,2,1163,491,1265,626
2424,0,1467,486,1605,667
2424,1,270,380,403,556
2424,2,1163,490,1265,626
2425,0,1467,486,1604,668
2425,1,269,379,403,556
2425,2,1162,490,1265,627
2426,0,1467,486,1604,669
2426,1,269,379,403,557
2426,2,1162,489,1265,627
2427,0,1466,486,1601,669
2427,1,269,380,403,557
2427,2,1162,489,1265,627
2428,1,269,380,403,557
2428,0,1461,487,1594,669
2428,2,1162,489,1265,627
2429,1,269,380,403,558
2429,0,1458,486,1592,668
2429,2,1162,489,1265,627
2430,1,269,379,403,558
2430,0,1455,486,1589,667
2430,2,1162,488,1265,627
2431,1,269,380,404,558
2431,0,1449,489,1580,667
2431,2,1162,488,1265,627
2432,1,271,381,405,558
2432,0,1447,489,1578,666
2432,2,1162,488,1265,627
2433,1,274,382,406,557
2433,0,1439,489,1570,666
2433,2,1162,489,1265,627
2434,1,275,383,408,558
2434,0,1435,490,1566,665
2434,2,1162,489,1264,627
2435,1,279,386,409,560
2435,0,1430,490,1559,664
2435,2,1162,489,1265,627
2436,1,286,390,416,563
2436,0,1421,491,1550,664
2436,2,1162,488,1265,628
2437,0,1416,491,1543,665
2437,1,295,393,420,564
2437,2,1161,488,1264,628
2438,0,1407,493,1532,664
2438,1,304,395,424,565
2438,2,1161,489,1264,628
2439,0,1402,492,1527,665
2439,1,309,398,427,567
2439,2,1161,489,1263,629
2440,0,1398,491,1524,666
2440,1,311,399,429,567
2440,2,1161,489,1263,629
2441,0,1393,496,1515,667
2441,1,315,398,431,566
2441,2,1161,490,1263,629
2442,0,1390,496,1512,667
2442,1,316,398,431,566
2442,2,1161,490,1263,629
2443,0,1387,500,1508,669
2443,1,316,398,432,566
2443,2,1161,491,1262,629
2444,0,1384,501,1504,670
2444,1,317,398,432,567
2444,2,1161,491,1263,629
2445,0,1380,503,1501,672
2445,1,317,399,432,567
2445,2,1161,491,1263,629
2446,0,1376,504,1497,675
2446,1,317,399,432,567
2446,2,1161,491,1263,630
2447,0,1374,507,1496,678
2447,1,317,399,432,567
2447,2,1161,490,1263,629
2448,0,1371,509,1496,682
2448,1,317,398,432,567
2448,2,1161,490,1262,629
2449,0,1370,511,1496,685
2449,1,317,398,432,567
2449,2,1161,490,1263,630
2450,0,1369,513,1496,687
2450,1,317,399,432,566
2450,2,1160,490,1263,630
2451,0,1369,514,1494,689
2451,1,317,399,432,566
2451,2,1160,490,1263,630
2452,0,1369,515,1494,689
2452,1,317,399,432,566
2452,2,1160,490,1263,631
2453,0,1370,515,1494,684
2453,1,318,398,432,565
2453,2,1160,490,1263,631
2454,0,1371,513,1494,678
2454,1,317,397,433,566
2454,2,1160,490,1263,631
2455,0,1372,512,1493,676
2455,1,318,397,433,567
2455,2,1160,490,1263,631
2456,0,1374,511,1495,674
2456,1,317,397,433,567
2456,2,1160,490,1263,631
2457,0,1376,510,1496,675
2457,1,316,396,433,566
2457,2,1160,490,1263,631
2458,1,312,396,433,567
2458,0,1379,510,1498,675
2458,2,1161,490,1263,631
2459,1,308,396,431,569
2459,0,1380,511,1498,675
2459,2,1161,490,1263,631
2460,1,302,397,426,571
2460,0,1381,510,1498,674
2460,2,1161,490,1263,631
2461,1,295,398,422,572
2461,0,1382,511,1499,676
2461,2,1161,490,1264,630
2462,1,291,400,420,576
2462,0,1382,512,1500,676
2462,2,1161,490,1263,630
2463,1,286,400,418,576
2463,0,1382,516,1501,680
2463,2,1161,491,1263,630
2464,1,281,403,415,575
2464,0,1382,517,1502,681
2464,2,1161,491,1263,629
2465,1,275,405,413,581
2465,0,1382,518,1502,683
2465,2,1161,490,1264,628
2466,1,269,404,409,578
2466,0,1382,522,1502,684
2466,2,1162,489,1264,628
2467,1,267,402,408,579
2467,0,1381,522,1503,684
2467,2,1162,489,1264,627
2468,1,266,402,404,569
2468,0,1381,524,1504,687
2468,2,1162,489,1264,627
2469,1,271,402,404,556
2469,0,1380,525,1504,687
2469,2,1162,489,1264,627
2470,1,272,400,405,557
2470,0,1380,527,1504,688
2470,2,1162,489,1264,627
2471,1,273,398,405,553
2471,0,1380,528,1504,688
2471,2,1162,489,1264,627
2472,1,270,393,404,560
2472,0,1380,528,1503,689
2472,2,1162,489,1264,627
2473,1,268,387,404,560
2473,0,1379,530,1503,689
2473,2,1162,489,1264,627
2474,1,267,385,404,560
2474,0,1379,530,1502,690
2474,2,1162,489,1263,627
2475,1,267,385,402,559
2475,0,1379,530,1502,690
2475,2,1162,489,1263,627
2476,1,265,384,399,557
2476,0,1378,530,1502,690
2476,2,1162,489,1263,627
2477,1,263,384,397,557
2477,0,1379,530,1503,690
2477,2,1162,489,1263,627
2478,1,260,384,394,557
2478,0,1379,531,1503,690
2478,2,1162,489,1263,627
2479,1,256,384,392,558
2479,0,1379,531,1503,690
2479,2,1162,489,1263,627
2480,1,252,385,390,559
2480,0,1379,530,1504,690
2480,2,1162,489,1263,627
2481,1,249,386,385,561
2481,0,1379,530,1504,690
2481,2,1162,489,1264,627
2482,1,246,387,383,561
2482,0,1379,530,1504,690
2482,2,1162,489,1264,627
2483,1,244,388,382,563
2483,0,1380,530,1504,690
2483,2,1162,489,1264,627
2484,1,245,388,382,563
2484,0,1380,530,1504,690
2484,2,1162,489,1264,627
2485,1,244,388,383,563
2485,0,1380,530,1504,689
2485,2,1162,489,1264,627
2486,1,248,387,386,563
2486,0,1380,530,1504,689
2486,2,1162,488,1264,626
2487,1,250,387,388,563
2487,0,1380,529,1504,690
2487,2,1162,488,1264,626
2488,1,254,389,394,564
2488,0,1380,529,1504,689
2488,2,1162,488,1264,626
2489,1,256,389,395,565
2489,0,1380,528,1504,689
2489,2,1162,488,1264,626
2490,1,259,390,396,569
2490,0,1380,528,1504,689
2490,2,1162,488,1264,626
2491,1,262,390,399,572
2491,0,1380,527,1503,688
2491,2,1162,488,1264,626
2492,1,265,392,402,570
2492,0,1381,527,1504,688
2492,2,1162,488,1264,626
2493,1,268,392,406,572
2493,0,1381,526,1504,688
2493,2,1162,488,1264,626
2494,1,269,392,408,572
2494,0,1381,527,1504,688
2494,2,1162,488,1265,626
2495,1,270,392,408,572
2495,0,1382,527,1505,687
2495,2,1162,488,1265,626
2496,1,270,392,408,572
2496,0,1383,527,1506,687
2496,2,1162,488,1265,626
2497,1,270,391,408,573
2497,0,1383,526,1506,687
2497,2,1162,487,1265,626
2498,1,269,391,408,573
2498,0,1383,526,1506,687
2498,2,1162,487,1265,626
2499,1,269,391,408,571
2499,0,1383,526,1506,687
2499,2,1162,488,1265,626
2500,1,269,392,407,569
2500,0,1383,525,1506,687
2500,2,1162,487,1265,626
2501,1,269,391,407,567
2501,0,1383,524,1506,687
2501,2,1162,487,1265,626
2502,1,269,390,407,566
2502,0,1383,523,1506,687
2502,2,1162,486,1265,626
2503,1,269,390,408,567
2503,0,1383,523,1506,688
2503,2,1162,487,1265,626
2504,1,272,391,408,567
2504,0,1383,522,1506,689
2504,2,1162,486,1265,626
2505,1,273,393,409,568
2505,0,1384,522,1506,689
2505,2,1162,485,1265,626
2506,1,276,396,411,569
2506,0,1384,522,1505,689
2506,2,1162,486,1265,626
2507,1,277,395,413,569
2507,0,1384,523,1505,689
2507,2,1162,486,1265,626
2508,1,279,393,416,570
2508,0,1383,522,1505,689
2508,2,1162,485,1265,626
2509,1,280,392,417,568
2509,0,1383,523,1506,689
2509,2,1162,485,1265,626
2510,1,281,393,417,567
2510,0,1383,522,1506,689
2510,2,1162,485,1265,626
2511,1,282,393,418,567
2511,0,1383,522,1506,689
2511,2,1162,485,1265,626
2512,1,283,392,418,567
2512,0,1383,522,1506,689
2512,2,1161,485,1265,626
2513,1,284,390,419,565
2513,0,1383,523,1506,689
2513,2,1161,485,1265,626
2514,1,284,388,420,566
2514,0,1384,523,1505,690
2514,2,1161,485,1265,626
2515,1,284,388,420,566
2515,0,1384,522,1506,689
2515,2,1161,485,1265,626
2516,1,284,389,421,565
2516,0,1384,522,1507,690
2516,2,1161,485,1265,626
2517,1,285,390,421,566
2517,0,1384,522,1507,690
2517,2,1161,484,1265,625
2518,1,285,393,421,568
2518,0,1384,521,1509,691
2518,2,1161,484,1265,625
2519,1,286,394,421,569
2519,0,1385,520,1510,690
2519,2,1161,484,1265,625
2520,1,286,394,421,568
2520,0,1385,520,1510,690
2520,2,1161,484,1265,625
2521,1,285,394,421,566
2521,0,1385,521,1509,689
2521,2,1161,484,1265,625
2522,1,287,393,421,566
2522,0,1386,520,1512,690
2522,2,1161,484,1264,624
2523,1,292,393,423,567
2523,0,1387,519,1512,690
2523,2,1161,484,1265,624
2524,1,296,394,426,567
2524,0,1385,519,1512,690
2524,2,1161,484,1265,624
2525,1,303,398,430,567
2525,0,1385,518,1511,690
2525,2,1161,483,1265,624
2526,0,1385,517,1511,686
2526,1,308,398,432,569
2526,2,1161,482,1265,624
2527,0,1385,517,1510,684
2527,1,314,399,434,567
2527,2,1160,482,1265,624
2528,0,1385,518,1510,684
2528,1,318,399,435,567
2528,2,1160,482,1265,624
2529,0,1385,518,1510,683
2529,1,319,399,437,569
2529,2,1160,483,1265,624
2530,0,1385,518,1510,682
2530,1,319,400,439,570
2530,2,1160,483,1265,624
2531,0,1386,519,1510,682
2531,1,322,400,440,569
2531,2,1161,483,1265,624
2532,0,1386,519,1510,682
2532,1,322,401,441,570
2532,2,1161,483,1265,624
2533,0,1387,518,1510,682
2533,1,322,401,442,571
2533,2,1161,482,1264,624
2534,0,1389,516,1511,682
2534,1,322,401,442,571
2534,2,1160,482,1265,624
2535,0,1391,512,1515,680
2535,1,322,401,442,571
2535,2,1160,481,1265,624
